commercial_name_en,commercial_name_ar,scientific_name,manufacturer,drug_class,route,price_egp,matched_api,n_apis_in_product
ALEXLACTIVE 200 SUGAR COATED TAB.,أليكسلاكتيفي 200 سوجار كواتيد,ALOIN + BELLADONA,ALEXANDRIA,LAXATIVE,ORAL.SOLID,36.0,aloin,1
ATROPINE 1% EYE DROPS 10 ML,أتروبيني 1% إيي,ATROPINE SULPHATE,ORCHIDIA PHARMACEUTICAL INDUSTRIES,ANTI-MUSCARINIC.ANTISPASMODIC,EYE,13.0,atropine,1
ATROPINE SULFATE 1MG/ML 100 I.V./I.M. AMP. (EL-NILE),أتروبيني سولفاتي /مل 100 ./,ATROPINE SULPHATE,EL NILE.,ANTI-DOTE,INJECTION,650.0,atropine,1
ATROPINE SULPHATE 0.1% 6 AMP. (MEMPHIS),أتروبيني سولفاتي 0.1%,ATROPINE SULPHATE,MEMPHIS,ANTI-DOTE,INJECTION,39.0,atropine,1
ATROPINE SULPHATE 1MG/ML 100 AMP. (CID),أتروبيني سولفاتي /مل,ATROPINE SULPHATE,CID,ANTI-MUSCARINIC.ANTISPASMODIC,INJECTION,500.0,atropine,1
ATROPINE SULPHATE 1MG/ML 25 AMP. (MISR),أتروبيني سولفاتي /مل,ATROPINE SULPHATE,MISR,ANTIMUSCARINIC,INJECTION,162.5,atropine,1
DONALASE-S 20 TAB.,دونالاسي-س,ATROPINE+HYOSCINE+HYOSCYAMINE+PHENOBARBITAL+SANZYME 2000,MISR,.,ORAL.SOLID,6.5,atropine,3
ENTEROQUIN COMP. PD. FOR ORAL SUSP. 60 ML,إنتيروكوين كومب. بد. أورال,HOMATROPINE METHYLBROMIDE+IODOQUINOL+KAOLIN+PHTHALYL SULPHATHIAZOLE+SULPHADIMIDINE+VITAMIN B1+B6+B12,ARAB DRUG COMPANY (ADCO),ANTIDIARRHOEAL,ORAL.LIQUID,4.55,atropine,1
ISOPTO ATROPINE 1% EYE DROPS 5 ML,إسوبتو أتروبيني 1% إيي,ATROPINE SULPHATE,NOVARTIS > NOVARTIS SCIENTIFIC OFFICE,ANTI-MUSCARINIC.ANTISPASMODIC,EYE,12.5,atropine,1
SOLVAURE 12 EFF. SACHET,سولفوري 12 إفف,ATROPINE SULPHATE+COLCHICINE+PIPERAZINE,JEDCO INT. CO. FOR PHARMACEUTICALS,ANTIGOUT.ANALGESIC,EFF,6.5,atropine,1
SOLVINAL EFF. GR. 10 SACHETS (N/A),سولفينال إفف. جر,ATROPINE SULPHATE+COLCHICINE+PIPERAZINE,MEMPHIS,ANTIGOUT.ANALGESIC,EFF,5.0,atropine,1
STREPTOQUIN 20 TABS.,ستريبتوكوين,DIIODOHYDROXYQUINOLINE+HOMATROPINE METHYLBROMIDE+PHTHALYL SULFATHIAZOLE+STREPTOMYCIN,MUP,ANTIDIARRHEAL,ORAL.SOLID,46.0,atropine,1
STREPTOQUIN DRY SUSP. 60 ML,ستريبتوكوين دري,DIIODOHYDROXYQUINOLINE+HOMATROPINE METHYLBROMIDE+PHTHALYL SULFATHIAZOLE+STREPTOMYCIN,MUP,ANTIDIARRHEAL,ORAL.LIQUID,18.0,atropine,1
UR-AID EFF. GRANUL. 12 SACHETS (N/A),أور-أيد إفف. جرانول,ATROPINE SULPHATE+COLCHICINE+PIPERAZINE,PHAROPHARMA,ANTIGOUT.ANALGESIC,EFF,7.25,atropine,1
URIVIN 10 EFF. SACHETS (N/A),أوريفين 10 إفف. ساتشيتس,ATROPINE SULPHATE+COLCHICINE+KHELLIN+PIPERAZINE,AMOUN,URINARY.ANALGESIC.ANTISEPTIC,EFF,31.0,atropine,2
UROSOLVINE EFF. GRAN. 12 SACHETS,أوروسولفيني إفف. جران,ATROPINE SULPHATE+COLCHICINE+PIPERAZINE,EL NILE.,ANTIGOUT.ANALGESIC,EFF,38.0,atropine,1
AZOTEC MIX MASSAGE SPRAY 200 ML,أزوتيك ميكس ماسساجي,BISABOLIFETM(BISABOLOL)+MAGNESIUM SULFATE MENTHOL+PERSEA GRATISSIMA OIL (AVOCADO OIL) BUTYROSPERMUM PARKIR BUTTER(SHEA BUTTER) CINNAMOMUM CAMPHORA BARK OIL(CAMPHORA OIL) ALLANTOIN+EUCALYPTUS GLOBULUS LEAF OIL(EUCALYPTUS) LAUROCAPRAM+ARCTIUM LAPPA ROOT EXTRACT+TOCOPHERYL ACETATE+TRIETHANOLAMINE+POLYSORBATE 80+CARBOMER+PHENOXYETHANOL+AQUA+EUGENIA CARYOPHYLLUS FLOWER EXTRACT(CLOVE),LEVEN > KONCIEVE,MASSAGE SPRAY,SPRAY,350.0,bisabolol,2
BARNAFREE OINT. 30 GM,بارنافري,PEANUT OIL+SESAME OIL (B-SITOSTEROL)+D-PANTHENOL+BEESWAX+CANDELILLA WAX+VITMIN E+ALPHA BISABOLOL+CHAMOMILLE OIL+CHLORHEXIDINE.,MELANO PHARMA,SKIN CARE,TOPICAL,80.0,bisabolol,1
CADYROSE VAGINAL GEL 100 ML,كاديروسي,BISABOLOL+SODIUM COCETH SULFATE+LAURYL GLUCOSIDE+GLYCERIN,LANA FOR TOOTHPASTE AND COSMETICS > COPAD PHARMA,VAGINAL CARE,VAGINAL,30.0,bisabolol,1
CADYROSE VAGINAL GEL 200 ML,كاديروسي,BISABOLOL+SODIUM COCETH SULFATE+LAURYL GLUCOSIDE+GLYCERIN,LANA FOR TOOTHPASTE AND COSMETICS > COPAD PHARMA,VAGINAL CARE,VAGINAL,43.0,bisabolol,1
CIVELLE DEO PLUS DEODORANT 60 ML,سيفيللي ديو بلوس ديودورانت,ALUM ROCK + BISABOLOL+ LACTIC ACID+ ALLANTOIN+ CHITOSAN+ CHLORHEXIDINE+ TITANIUM DIOXIDE+ ZINC OXIDE+ LUMISKIN+ MAGNESIUM ASCORBYL PHOSPHATE+ GLYCYRRHIZA GLABRA ROOT EXTRACT+ LICORICE EXTRACT + ZINC GLUCONATE+ MAGNESIUM GLUCONATE+ PROPYLENE GLYCOL+ PARFUM+ AQUA,NILE COSMETICS > KAMMA PHARMA,DEODORANT,UNKNOWN,250.0,bisabolol,1
EMO SOFT CREAM 15 GM,إمو سوفت,ZINC OXIDE+CAPRIC TRIGLYCERIDE+HEXYL LAURATE+PANTHENOL+GLYCEROL+BISABOLOL,GLOBAL NAPI PHARMACEUTICALS,MOISTURIZING TOPICAL,TOPICAL,40.0,bisabolol,1
EMO SOFT CREAM 30 GM,إمو سوفت,ZINC OXIDE+CAPRIC TRIGLYCERIDE+HEXYL LAURATE+PANTHENOL+GLYCEROL+BISABOLOL,GLOBAL NAPI PHARMACEUTICALS,skin care.MOISTURIZING,TOPICAL,60.0,bisabolol,1
EXCELLENT WHITE CREAM 50 GM,إكسسيللينت وهيتي,KOJIC ACID+LICORICE EXTRACT+VITAMIN C+COLLAGEN MARINE+HYALURONIC ACID+SALISILIC ACID+LACTIC ACID+GLYCOLIC ACID+TEA TREE OIL+ALPHA-BISABOLOL+PANTHENOL+SHEA BUTTER+CHAMOMILE EXTRACT+UREA,EGYPTIAN CO. FOR COSMETICS > OPEXA,SKIN CARE.WHITENING,TOPICAL,55.0,bisabolol,1
GLATKO LOTION 200 ML,جلاتكو,ZN GLUCONATE+TRICLOSAN+ALPHA-BISABOLOL+SALISILIC ACID+GLYCOLIC ACID+TEA TREE OIL+PANTHENOL+ALOE VERA+UREA+VITAMIN E,DREAMS EL HABBOBA > OPEXA,CLEANSER AND MOISTURIZER LOTION,UNKNOWN,80.0,bisabolol,1
HESSTA 50 MG CREAM,هيسستا,BETA SITOSTEROL- BEESWAX- CALENDULA EX.- TRICLOSAN - ALPHA BISABOLOL - ALPHA PINENE,COSMOPACK > MASTER PHARM,HEALING AND MOISTURIZER CREAM,TOPICAL,80.0,bisabolol,1
KIRAGLOW CREAM 30 GM,كيراجلوو,TRICLOSAN+NICOTINAMIDE+ALPHA-BISABOLOL+TEA TREE OIL+ZN GLUCONATE+SULFUR+VITAMIN E+GREEN TEA EXTRACT+CALENDULA EXTRACT+LICORICE EXTRACT,DREAMS EL HABBOBA > OPEXA,SKIN CARE.ANTI-ACNE,TOPICAL,55.0,bisabolol,1
LUCENTE CRE CLEAR GEL CREAM 50 ML,لوسينتي كري كليار,BAKUCHIOL 0.5%+SEBARYL+SALICYLIC ACID 0.5%+BISABOLOL+WITCH HAZEL EXTRACT,MACRO GROUP PHARMACEUTICALS,SKIN CARE,TOPICAL,300.0,bisabolol,1
LUCENTE CRE CONTROL CREAM 20 GM,لوسينتي كري كونترول,BAKUCHIOL+SALICYLIC ACID 2%+BISABOLOL,MACRO GROUP PHARMACEUTICALS,SKIN CARE,TOPICAL,210.0,bisabolol,1
LUCENTE CRE FOAM CLEANSER 200 ML,لوسينتي كري كليانسير,BAKUCHIOL+PENTAVITIN+SALICYLIC ACID+HONEY+BISABOLOL,MACRO GROUP PHARMACEUTICALS,SKIN CARE,TOPICAL,310.0,bisabolol,1
MAMY CARE CREAM 30 GM (N/A),مامي كاري,PANTHENOL+ALLANTOIN+BISABOLOL+DIMETHICONE+GLYCERIN+ALMOND OIL+PARAFFIN OIL,SINA > HEALTH WELL EGYPT,MOISTURIZING TOPICAL,TOPICAL,17.0,bisabolol,1
MAMY CARE CREAM 50 GM,مامي كاري,PANTHENOL+ALLANTOIN+BISABOLOL+DIMETHICONE+GLYCERIN+ALMOND OIL+PARAFFIN OIL,SINA > HEALTH WELL EGYPT,SKIN CARE.MOISTURIZING,TOPICAL,95.0,bisabolol,1
RODIGAIR LOTION 60 ML,روديجاير,PIROCTONE OLAMINE+TEA TREE OIL+JOJOBA OIL+ALOE VERA EXTRACT+SAGE OIL+BISABOLOL+SEAWEED EXTRACT+GRAECUM SEED OIL+GLYCERYL STEARATE+PANTHENOL+MELALEUCA ALTERNIFOLIA LEAF OIL+ISOPROPYL MYRISTATE+PEG STEARATE+PROPYLENE GLYCOL+ACRYLATE+SODIUM GLUCONATE+XANTHAN GUM+TRIGONELLA FOENUM,DREAMS ELHABOBA > ROGENDA PHARMACEUTICAL INDUSTRIES,HAIR CARE,UNKNOWN,87.0,bisabolol,1
SOZ ACT-PLUS SOOTHING OINTMENT 30GM,سوز أكت-بلوس سوثينج,BETA-SITOSTEROL+BISABOLOL+ARBUTIN+RETINYL PALMITATE+HONEY+BEESWAX+BHT+TRIETHANOLAMINE+PEG-8+STEARIC ACID+POLYSORBATE 20+CHLORHEXIDINE+METHYLPARABEN+ALOE BARBADENSIS EXTRACT+CHAMOMILLA RECUTITA FLOWE EXTRACT+PANTHENOL+DIMETHICONE+ALLANTOIN+PETROLATUM+PARAFFINUMLIQUIDUM+HYDROGENATED SOYBEAN OIL,KEMPETRO CHEMICAL INDUSTRIES PHARMACEUTICAL AND COSMETICS > ACTIO PHARM,COSMETIC,TOPICAL,160.0,bisabolol,1
STRETCH STOP WITH COLLAGEN & SHEA BUTTER 100 GM CREAM,ستريتتش ستوب ويث كوللاجين & شيا بوتتير,COLLAGEN+ELASTIN+SHEA BUTTER+CAFFEINE+VIT A+VIT E+VIT C+HYALURONIC ACID+BISABOLOL+PALMITOYL OLIGOPEPTIDE+PANTHENOL+SAW PALMETTO+CALENDULA OFFICINALIS+GINGER+GRAPE SEED,SMARTEC > STRUCTURE COMPANY,ANTI STRETCH MARK CREAM,TOPICAL,120.0,bisabolol,1
VERVENDA COOL 30 ML SERUM,فيرفيندا كول سيروم,COLLAGENASE G ENZYME+PROTEASE ENZYME+CHITOSAN+HYALURONIC ACID+ALLANTOIN+BISABOLOL+BETASITOSTEROL+HYDROXYETHYL CELLULOSE+CENTELLA ASIATICA+XANTHAN GUM,ECC > ROVA CAN,SKIN REGENERATIVE SERUM,UNKNOWN,240.0,bisabolol,1
ZINCOPAN CREAM 60 GM,زينكوبان,ZINC OXIDE+PANTHENOL+DIMETHICONE(350)+BISABOLOL+CETRIMIDE,LEADER COSMETICS > LEADERS PHARM,SKIN CARE.MOISTURIZING,TOPICAL,70.0,bisabolol,1
CODERM CREAM 30 GM,كوديرم,CHAMAZULENE+CHLORHEXIDINE+PANTHENOL+ZINC OXIDE+OLIVE OIL+BEE WAX+LIQUORICE+ALOE VERA+DIMETHICONE+TITANIUM DIOXIDE+VASELINE+GLYCERIN+PROPYLENE GLYCOL,MARVEL,SKIN CARE,TOPICAL,45.0,chamazulene,1
MALVA VAG.DOUCHE 120 ML,مالفا فاج,MALVA EXTRACT (MALLOW)+TEGOBTAIN+CHLORHEXIDINE GLUCONATE+CHLOROCRESOL+THYMOL+MENTHOL+CHAMAZULENE+ROS,PANAX PHARMA,VAGINAL CARE,VAGINAL,59.0,chamazulene,2
MALVA VAG.DOUCHE 240ML,مالفا فاج,MALVA EXTRACT (MALLOW)+TEGOBTAIN+CHLORHEXIDINE GLUCONATE+CHLOROCRESOL+THYMOL+MENTHOL+CHAMAZULENE+ROS,PANAX PHARMA,VAGINAL CARE,VAGINAL,75.0,chamazulene,2
BRONCHOLASE 10MG 20 CAPS. (CANCELLED),برونتشولاسي,CODEINE+DIPHENHYDRAMINE,MEMPHIS,COUGH SUPPRESSANT,ORAL.SOLID,4.1,codeine,1
CODIOCT CUM EXPECTORANT SYRUP 90 ML,كوديوكت كوم إكسبيكتورانت,CODEINE+GUAIFENESIN+PHENYLTOLOXAMINE+THYME LIQUID EXTRACT,OCTOBER PHARMA,COUGH PRODUCTS,ORAL.LIQUID,11.0,codeine,1
CODIOCT SYRUP 90 ML,كوديوكت,CODEINE+PHENYLTOLOXAMINE,OCTOBER PHARMA,COUGH SUPPRESSANT,ORAL.LIQUID,8.9,codeine,1
VEGASKINE COMPOUND 5 RECTAL SUPP.,فيجاسكيني كومبوند 5 سوبب,ACETYLSALICYLIC ACID+CAFFEINE+CODEINE+PARACETAMOL(ACETAMINOPHEN)+PHENOBARBITONE,ALEXANDRIA,ANALGESIC,RECTAL,27.5,codeine,1
CARDIXIN 0.25 MG 40 TABS.,كارديكسين,DIGOXINE,ALEXANDRIA,HEART FAILURE.CARDIOTONIC AGENTS,ORAL.SOLID,36.0,digoxin,1
CARDIXIN 500 MCG/2ML 5 AMPS.,كارديكسين /,DIGOXINE,ALEXANDRIA,HEART FAILURE.CARDIOTONIC AGENTS,INJECTION,50.0,digoxin,1
DIGOXICARD 0.05MG/ML ELIXIR 60 ML,ديجوكسيكارد /مل إليكسير,DIGOXINE,EL NILE.,HEART FAILURE.CARDIOTONIC AGENTS,ORAL.LIQUID,11.75,digoxin,1
LANOXIN 0.05MG/ML PAEDIATRIC ELIXIR,لانوكسين /مل بايدياتريك إليكسير,DIGOXINE,GLAXO SMITHKLINE,HEART FAILURE.CARDIOTONIC AGENTS,ORAL.LIQUID,21.6,digoxin,1
LANOXIN 0.25 MG 100 TABS.,لانوكسين,DIGOXINE,ASPEN PHARMA > PHOENIX GROUP,HEART FAILURE.CARDIOTONIC AGENTS,ORAL.SOLID,119.0,digoxin,1
LANOXIN 0.5MG/2ML 5 AMPS.,لانوكسين /,DIGOXINE,ASPEN PHARMA > PHOENIX GROUP,HEART FAILURE.CARDIOTONIC AGENTS,INJECTION,25.25,digoxin,1
VERDEX PRIME ALBA CREAM 50 ML,فيرديكس بريمي ألبا,GAMMA ORYZANOL+DIOSGENIN+LECITHIN+STABILIZED VIT C,EGOTECK SRL > MACRO GROUP PHARMACEUTICALS,SKIN CARE.WHITENING,TOPICAL,400.0,diosgenin,1
VERDEX PRIME ALBA SERUM 50 ML,فيرديكس بريمي ألبا سيروم,ARBUTIN+ALOESIN+DIOSGENIN+NIACINAMIDE+LECITHIN+STABILIZED VIT C+ALPHA HYDROXY ACIDS,EGOTECK SRL > MACRO GROUP PHARMACEUTICALS,SKIN CARE.WHITENING,TOPICAL,450.0,diosgenin,1
BUSCAMOL 20 F.C.TAB.,بوسكامول,HYOSCINE+PARACETAMOL(ACETAMINOPHEN),DELTA PHARMA,ANTISPASMODIC,ORAL.SOLID,6.25,hyoscine,1
BUSCAMOL 5 SUPP.(N/A),بوسكامول 5 سوبب,HYOSCINE+PARACETAMOL(ACETAMINOPHEN),DELTA PHARMA,ANTISPASMODIC,RECTAL,5.0,hyoscine,1
BUSCAMOL COMPOSITUM 3 AMP,بوسكامول كومبوسيتوم,DIPYRONE(METAMIZOLE)+HYOSCINE,DELTA PHARMA,ANALGESIC,INJECTION,15.0,hyoscine,1
BUSCOPAN COMPOSITUM 20 SUGAR C. TAB. (CANCELLED),بوسكوبان كومبوسيتوم 20 سوجار ك,DIPYRONE(METAMIZOLE)+HYOSCINE,CID > SANOFI,NSAID WITH ANTISPASMODIC,ORAL.SOLID,20.0,hyoscine,1
BUSCOPAN COMPOSITUM 3 AMP. (CANCELLED),بوسكوبان كومبوسيتوم,DIPYRONE(METAMIZOLE)+HYOSCINE,CID > SANOFI,ANALGESIC,INJECTION,10.5,hyoscine,1
BUSCOPAN PLUS 20 F.C.TAB. (CANCELLED),بوسكوبان بلوس,HYOSCINE+PARACETAMOL(ACETAMINOPHEN),CID > SANOFI,ANTISPASMODIC,ORAL.SOLID,8.5,hyoscine,1
BUSCOPAN PLUS 5 ADULT SUPP. (CANCELLED),بوسكوبان بلوس 5 أدولت سوبب,HYOSCINE+PARACETAMOL(ACETAMINOPHEN),CID > SANOFI,ANTISPASMODIC,RECTAL,5.1,hyoscine,1
DONALASE-S 20 TAB.,دونالاسي-س,ATROPINE+HYOSCINE+HYOSCYAMINE+PHENOBARBITAL+SANZYME 2000,MISR,.,ORAL.SOLID,6.5,hyoscine,3
ENTOCID H 20 TABS.,إنتوسيد ه,DIIODOHYDROXYQUINOLINE+HYOSCINE+STREPTOMYCIN,CID,ANTIDIARRHOEAL,ORAL.SOLID,58.0,hyoscine,1
FAST FREE I.M. 3 AMP.,فاست فري,HYOSCINE+KETOPROFEN,DELTA PHARMA,GIT.ANTI-SPASMODIC,INJECTION,11.25,hyoscine,1
SPASMOFEN 3 AMP. FOR I.M. INJ.,سباسموفين,HYOSCINE+KETOPROFEN,AMRIYA,ANTISPASMODIC,UNKNOWN,39.0,hyoscine,1
DONALASE-S 20 TAB.,دونالاسي-س,ATROPINE+HYOSCINE+HYOSCYAMINE+PHENOBARBITAL+SANZYME 2000,MISR,.,ORAL.SOLID,6.5,hyoscyamine,3
SPAZAWAY 0.125MG 20 SUBLINGUAL TAB.,سبازاواي 20 سوبلينجوال,HYOSCYAMINE SULFATE,EGPI > JASPER FOR PHARMACEUTICAL INDUSTRIES,ANTISPASMODIC,ORAL.SOLID,29.0,hyoscyamine,1
COLI-URINAL EFF. GR. 60 GM,كولي-أورينال إفف. جر,HEXAMINE+KHELLIN+PIPERAZINE,MISR,URINARY.ANALGESIC.ANTISEPTIC,EFF,40.0,khellin,1
EZALLIN 2% TOPICAL PAINT 60 ML,إزاللين 2% باينت,KHELLIN,PANAX PHARMA > MULTIPHARMA,VITILIGO,UNKNOWN,26.4,khellin,1
GLUCOLYNAMINE I.V 6 AMPS.,جلوكوليناميني,KHELLIN+DIPROPHYLLINE+GLUCOSE (DEXTROSE)+THEOPHYLLINE,MEMPHIS,.,INJECTION,5.0,khellin,1
JEDCORENE 12 EFF. SACHET,جيدكوريني 12 إفف,HEXAMINE+KHELLIN+PIPERAZINE,JEDCO INT. CO. FOR PHARMACEUTICALS,URINARY.ANALGESIC.ANTISEPTIC,EFF,7.25,khellin,1
KELLAGON 10 EFF. SACHETS,كيللاجون 10 إفف. ساتشيتس,CYMBOPOGON PROXIMUS+KHELLIN,MEPACO,RENAL STONES,EFF,30.0,khellin,1
KELLAGON 20 MG 20 CAPS.,كيللاجون,HALFA BAR EXTRACT+KHELLIN,MEPACO,UTI INFECTIONS,ORAL.SOLID,50.0,khellin,1
LYNAMINE 20 MG 20 TABS.,ليناميني,KHELLIN,MEMPHIS,.,ORAL.SOLID,2.4,khellin,1
RENAL S-N 12 SACHET,رينال س-ن,HEXAMINE+KHELLIN,PHAROPHARMA,URINARY.ANALGESIC.ANTISEPTIC,EFF,30.0,khellin,1
RENAL-S 12 SACHET,رينال-س,HEXAMINE+KHELLIN+PIPERAZINE,PHAROPHARMA,URINARY.ANALGESIC.ANTISEPTIC,EFF,30.0,khellin,1
URICOL 6 EFF. GR. IN SACHETS (N/A),أوريكول 6 إفف. جر. إن ساتشيتس,HEXAMINE+KHELLIN+PIPERAZINE,PHARCO,URINARY.ANALGESIC.ANTISEPTIC,EFF,21.0,khellin,1
URICOL PLUS 12 SACHETS (N/A),أوريكول بلوس,COLCHICINE+KHELLIN+PIPERAZINE CITRATE,PHARCO,ANTIGOUT.ANALGESIC,EFF,6.0,khellin,1
URICOL PLUS N 12 SACHETS,أوريكول بلوس ن,COLCHICINE+KHELLIN+PIPERAZINE CITRATE,PHARCO,ANTIGOUT.ANALGESIC,EFF,48.0,khellin,1
URICOL-N 6 EFF. GR. IN SACHETS,أوريكول-ن 6 إفف. جر. إن ساتشيتس,HEXAMINE+KHELLIN,PHARCO,URINARY.ANALGESIC.ANTISEPTIC,EFF,21.0,khellin,1
URIVIN 10 EFF. SACHETS (N/A),أوريفين 10 إفف. ساتشيتس,ATROPINE SULPHATE+COLCHICINE+KHELLIN+PIPERAZINE,AMOUN,URINARY.ANALGESIC.ANTISEPTIC,EFF,31.0,khellin,2
URIVIN N 10 EFF. SACHETS,أوريفين ن 10 إفف. ساتشيتس,COLCHICINE+KHELLIN+PIPERAZINE,AMOUN,URINARY.ANALGESIC.ANTISEPTIC,EFF,31.0,khellin,1
ABIONEM CREAM 60 GM,أبيونيم,HYALURONIC ACID+COLLAGEN+NIGELLA SATIVA+MENTHOL,EL-HELOU PERFUMES & COSMETICS > ALLIANCE PHARMA,MASSAGE CREAM,TOPICAL,20.95,menthol,1
ACNESEPT 80 GRAM SOAP,أكنيسيبت 80 جرام سواب,TRICLOSAN(IRGASAN)+TEGOBETAIN+CITRIC ACID+SULPHUR PPT.+SALICYLIC ACID+MENTHOL+ZINC OXIDE+LEMON OIL,ZAYTONA EGYPT,ANTI-ACNE,SOAP,4.75,menthol,1
ACTI MASS SPRAY100ML,أكتي ماسس سبراي100مل,MENTHOL CRYSTAL+CAMPHOR OIL+EUCALYPTUS OIL+CLOVE OIL,ACTIMED > PHARMACIA ELITE,MASSAGE SPRAY,UNKNOWN,95.0,menthol,1
ACTI-MASS MASSAGE CREAM50GM,أكتي-ماسس ماسساجي كريام50جم,MENTHOL-SALICYLIC ACID-CERA ALBA-GLYCERIN,ACTIMED > PHARMACIA ELITE,MASSAGE CREAM,TOPICAL,70.0,menthol,1
ADKOPRANDY 75 GM MESSAGE GEL,أدكوبراندي ميسساجي,GLUCOSAMINE+METHYL SALICYLATE+CELADRIN+MENTHOL+CAMPHOR+THYME OIL+CLOVE OIL+TEA TREE OIL+EUCALYPTUS OIL+PEPPERMINT OIL+BHA,BRAND INTERNATIONAL FSC > ALICO PHARMA,MASSAGE GEL,TOPICAL,80.0,menthol,1
ADROIT MASSAGE CREAM 100 GM,أدرويت ماسساجي,CAMPHOR+MENTHOL+EUCALYPTUS+PEPPERMENT OIL+STEARIC ACID+METHYL PARABEN,EGYPTIAN CO. FOR COSMETICS (E.C.C.) > SANTEX PHARMA,MASSAGE CREAM,TOPICAL,75.0,menthol,1
ADVANCE SOAP 100 GM,أدفانسي سواب,SULPHUR+SALICYLIC ACID+LEMON OIL+CITRIC ACID+BORIC ACID+TITANIUM DIOXIDE+THYME+CLOVE+MENTHOL+LANOLIN+GLYCERIN,HI-CARE > KMT PHARMA,SKIN CARE,SOAP,57.0,menthol,1
ADVANCEVELA MAX MASSAGE 50GM CREAM,أدفانسيفيلا ماكس ماسساجي,SALICYLIC ACID+MENTHA PIPERITA OIL+EUCALYPTUS OIL+CURCUMA LONGA ROOT OIL+MENTHOL+EUGENIA CARYOPHYLLUS LEAF OIL+CAMELLIA SINENSIS EXTRACT+TOCOPHEROL+TRIETHANOLAMINE+DISODIUM EDTA+STEARIC ACID+PHENOXYETHANOL+EMU OIL+AQUA+PANTHENOL+GLYCERIN+ALLANTOIN+GLYCERYL STEARATE+CETEARYL ALCOHOL,BRAND INTERNATIONAL > ADVANCE PHARMA,MASSAGE CREAM,TOPICAL,65.0,menthol,1
ADWIFLAM EMULGEL 30 GM,أدويفلام إمولجيل,DICLOFENAC DIETHYLAMINE+METHYL SALICYLATE+MENTHOL,BIORIGINAL INTERNATIONAL GROUP PHARMA EGYPT > ADWIA,ANALGESIC,TOPICAL,38.0,menthol,1
ADWIFLAM EMULGEL 50 GM,أدويفلام إمولجيل,DICLOFENAC DIETHYLAMINE+METHYL SALICYLATE+MENTHOL,BIORIGINAL INTERNATIONAL GROUP PHARMA EGYPT > ADWIA,ANALGESIC,TOPICAL,55.0,menthol,1
AGERA ACNE CREAM 50 GM,أجيرا أكني,NICOTIAMIDE+TEE TREE OIL+ALOE VERA EXTRACT+MENTHOL+AHA+BHA+UV FILTER,LEADER COSMETICS > BEAUTY & BEYOND INTERNATIONAL,ANTI-ACNE,TOPICAL,199.0,menthol,1
AKANZA LIQUID SPRAY 15ML,أكانزا ليكويد,L-ARGININE+MENTHOL CRYSTALS+TEA TREE OIL+ALOE VERA EXTRACT+VITAMIN E+VITAMIN C,KATO PRESTIGE > DEVARTLAB PHARMA,PREMATURE EJACULATION,SPRAY,200.0,menthol,1
ALEJON ANTI DANDRUFF SHAMPOO 200 ML,أليجون أنتي داندروفف,AQUA  SELENIUM SULPHIDE+SALICYLIC ACID+ZINC PYRITHIONE+TEA TREE OIL+CELERY SEEDS+AMLA OIL+MENTHOL+ROSEMARY EXTRACT+ALLANTOIN+VITAMIN E+GINGER EXTRACT+BIOTIN+CAPILECTINE,EGYPTIAN CO. FOR COSMETICS (E.C.C.) > ALEJON CO.,HAIR CARE,TOPICAL,175.0,menthol,1
ALGANOVO MASSSAGE GEL 100 GM,ألجانوفو ماسسساجي,MENTHOL+CAMPHOR+EUCALYPTUS+THYME+CLOVE OIL,MEDCARE > INTERNOVO COMPANY,MASSAGE,TOPICAL,125.0,menthol,1
ALGANOVO MASSSAGE GEL 50 GM,ألجانوفو ماسسساجي,MENTHOL+CAMPHOR+EUCALYPTUS+THYME+CLOVE OIL,MEDCARE > INTERNOVO COMPANY,MASSAGE,TOPICAL,75.0,menthol,1
ALGANOVO MASSSAGE SPRAY 125 ML,ألجانوفو ماسسساجي,MENTHOL+CAMPHOR+EUCALYPTUS+THYME+CLOVE OIL,MEDCARE > INTERNOVO COMPANY,MASSAGE,SPRAY,140.0,menthol,1
ALGASON MASSAGE CREAM 40 GM,ألجاسون ماسساجي,CAMPHOR+DIETHYLAMINE SALICYLATE+MENTHOL,PHARCO,ANALGESIC,TOPICAL,46.0,menthol,1
ALGIAFREE 100 GM CREAM,ألجيافري,CAMPHOR OIL+MENTHOL OIL+EUCALYPTUS OIL+THYME EXTRACT+CLOVE EXTRACT+CINNAMON EXTRACT+PARAFFIN OIL,SMARTEC PHARMACEUTICALS AND COSMETIC > BETA PHARM,MASSAGE CREAM,TOPICAL,128.0,menthol,1
ALKA ROSE MASSAGE CREAM 50 GM,ألكا روسي ماسساجي,MENTHOL+CAMPHOR+SALICYLIC ACID+PARAFFIN OIL,LEADER FOR COMSETIC > DEMA PARM,MASSAGE CREAM,TOPICAL,35.0,menthol,1
ALL-VENT SYRUP 125ML,ألل-فينت,BROMHEXINE+GUAIFENESIN+MENTHOL+TERBUTALINE,BORG,COUGH PRODUCTS,ORAL.LIQUID,34.0,menthol,1
ALOEKITA DSDA HAIR SHAMPOO 250ML,ألويكيتا دسدا هاير,CAFFEINE+SAW PALMETTO+AMLA+ALOE VERA+TEA TREE OIL+MENTHOL,LEADER COSMETICS > BEAUTY & BEYOND INTERNATIONAL,HAIR CARE,TOPICAL,229.0,menthol,1
ALOEKITA HAIR GROWTH SPRAY 200ML,ألويكيتا هاير جرووث,CAFFEINE+SAW PALMETTO+AMLA+ALOE VERA+TEA TREE OIL+MENTHOL,LEADER COSMETICS > BEAUTY & BEYOND INTERNATIONAL,HAIR CARE,SPRAY,399.0,menthol,1
ALOEKITA HAIR MASK 200 GM,ألويكيتا هاير ماسك,CAFFEINE+SAW PALMETTO+AMLA+ALOE VERA+TEA TREE OIL+MENTHOL,LEADER COSMETICS > BEAUTY & BEYOND INTERNATIONAL,HAIR CARE,UNKNOWN,275.0,menthol,1
ALOEKITA HAIR SHAMPOO 200ML,ألويكيتا هاير,CAFFEINE+SAW PALMETTO+AMLA+ALOE VERA+TEA TREE OIL+MENTHOL,LEADER COSMETICS > BEAUTY & BEYOND INTERNATIONAL,HAIR CARE,TOPICAL,199.0,menthol,1
ALWEN 100 GM MASSAGE GEL,ألوين ماسساجي,MENTHOL CRYSTALS+CAMPHOR OIL+EUCALYPTUS OIL+GLYCEROL+CLOVE OIL,SMARTECH COSMETICS > RIVA PHARMA,MASSAGE GEL,TOPICAL,90.0,menthol,1
ALWEN 120 ML MASSAGE SPRAY,ألوين ماسساجي,MENTHOL CRYSTALS+CAMPHOR OIL+EUCALYPTUS OIL+CLOVE EXTRACT+GLYCERIN+ALLANTOIN,SMARTECH COSMETICS > RIVA PHARMA,MASSAGE SPRAY,UNKNOWN,100.0,menthol,1
AMAN PLUS 200ML INTIMATE FEMININE WASH,أمان بلوس إنتيماتي فيمينيني واش,CHLORHEXIDINE+TEA TREE OIL+MENTHOL+ALO VERA EXTRACT+CHAMMOMILE EXTRACT,NILE COSMETICS > P PHARM,INTIMATE FEMININE WASH,VAGINAL,55.0,menthol,1
AMEILLIA INTIMATE FEMININE WASH  250 ML,أمايلليا إنتيماتي فيمينيني واش,CHAMOMILE EXTRACT+ALOEVERA EXTRACT+SODIUM LAURETH SULFATE+PANTHENOL+GLYCERIN+MENTHOL+CHAMOMILE,ITALIAN > KEMICAL,VAGINA,VAGINAL,85.0,menthol,1
AMORINA FEMININE WASH 120 ML,أمورينا فيمينيني واش,CHLORHEXIDINE+CHAMOMILE EXTRACT+TEA TREE OIL+MENTHOL CRYSTALS,EL HELW COSMETIC COMPANY > DAWATECH,COSMETIC,VAGINAL,29.0,menthol,1
ANOVCA TOOTH GEL 30 GM,أنوفكا توث,THYME+CLOVE+CHLOHEXIDINE+MENTHOL,COSMOPACK > INNOVAKA,TOOTH GEL,TOPICAL,59.0,menthol,1
ANTIMO MASSAGE GEL 75 GM,أنتيمو ماسساجي,OMEGA 3-6+METHYLSALICYLATE+MENTHOL CRYSTALS+MAGNESIUM+EUCALYPTUS OIL+PEPPERMINT OIL+CLOVE OIL+CAMPHOR OIL+ALMOND OIL,DREAMS EL HABBOBA > BROMED,MASSAGE,TOPICAL,36.0,menthol,1
APOFLOR 80 ML MOUTH SPRAY,أبوفلور موث,CHLORHEXIDINE+CLOVE OIL+MENTHOL OIL,SMARTEC > APOMED PHARMA,MOUTH SPRAY,MOUTH,64.0,menthol,1
APPE-RAISE SYRUP 120 ML,أببي-رايسي,ANISE+CAMPHENE+PINENE+THYMOL+MENTHOL,SEUTICAL PHARMA,APPETIZER,ORAL.LIQUID,45.0,menthol,1
AQUA V - VAGINAL GEL 60 ML,أكوا ف,SODIUM LAURYL ETHERSULPHATE+BETAINE+MENTHOL+CAMPHOR+TRICLOSAN+CHAMOMILE EXTRACT+CMC+METHYL PARABEN+P,HI-CARE > MASTER MED PHARMA,LUBRICANT,TOPICAL,75.0,menthol,1
ARCOTEC MASSAGE CREAM GEL 60 GM,أركوتيك ماسساجي,MENTHOL CRYSTAL+GREEN TEA+CAMPHOR+METHYL SALICYLATE,SMARTEC > TAGAMO3 SAIDALY (TAJ),ANTI INFLAMMATORY MASSAGE CREAM,TOPICAL,75.0,menthol,1
ARENA CREAM MASSAGE 75 GM,أرينا ماسساجي,ALMOND OIL+EUCALYTUS OIL+MENTHOL CRYSTALS+STEARIC ACID+CAMPHOR OIL,ITALIAN COSMETIC > ORBITAL PHARMA,MASSAGE CREAM,TOPICAL,45.0,menthol,1
ARGOTEX CREAM 50 GM,أرجوتيكس,MENTHOL+PROPYLENE GLYCOL+GLYCERYL MONOSTEARATE+ALOE VERA EXTRACT,HI-CARE > ROVENTIS PHARMA,MASSAGE CREAM,TOPICAL,12.0,menthol,1
AROMEGA 60 MG GEL,أروميجا,OMEGA 3+OMEGA 6+MENTHOL+CAMPHOR+CLOVE+AVOCADO OIL+ALMOND OIL+EUCALYPTUS+,ECC > ELIXIR PHARMA,ANTI-INFLAMMATORY,TOPICAL,98.0,menthol,1
ARTHRITIS FREE TOPICAL SPRAY 150 ML,أرثريتيس فري,MENTHOL+METHYL SALICYLATE,EGYPTIAN CO. FOR ADV. PHARMA. (ECAP) > MILLENIUM PHARMA-EGYPT,ANALGESIC,SPRAY,18.0,menthol,1
ASCELERA MASSAGE GEL 60 GM,أسسيليرا ماسساجي,METHYL SALICYLATE+MENTHOL+GINKGO BILOBA,> ALPHABET PHARMA,MASSAGE,TOPICAL,70.0,menthol,1
ASICO TOOTHPASTE GEL 60 GM,أسيكو توثباستي,CETYLPYRIDINIUM CHLORIDE+CLOVE OIL+MENTHOL+SODIUM MONOFLUROPHOSPHATE+CHAMOMILE OIL+SODIUM LAURYL SULPHATE,EGYPTIAN CO. FOR COSMETICS > HEMA PHARM,ORAL CARE,TOPICAL,45.0,menthol,1
ATLATEX CREAM 50 GM,أتلاتيكس,EUCALYPTUS OIL+MENTHOL OIL+CINNAMON OIL+CAMPHOR OIL+CLOVE OIL,EGYPTIAN CO. FOR COSMETICS (E.C.C.) > ATLAS PHARMACEUTICAL,ANTI-INFLAMMATORY CREAM,TOPICAL,95.0,menthol,1
ATTOVELOCE 250 ML FEMININE WASH,أتتوفيلوسي فيمينيني واش,CHLORHEXIDINE+TEA TREE+THYME+LAVANDER+MENTHOL+CHAMOMILE+ALOE VERA,UNITED GROUP FOR COSMETICS > VALENTINA FOR TRADING AND SUPPLYING COSMETICS,VAGINAL WASH,VAGINAL,85.0,menthol,1
ATTOVELOCE RETINOL 200 ML FACIAL CLEANSER,أتتوفيلوسي ريتينول فاسيال كليانسير,RETINOL+SALICYLIC ACID+NIACINAMIDE+TEA TREE+THYME+PANTHENOL+LACTIC ACID+CAMOMILE+ALOE VERA+MENTHOL,UNITED GROUP FOR COSMETICS > VALANTINA FOR TRADING AND SUPPLYING COSMETICS,CLEANSERS,UNKNOWN,150.0,menthol,1
AUREI  60GM MASSAGE GEL,أوراي ماسساجي,GLUCOSAMINE+CETYLMYRISTOLEATE+MENTHOL+CAMPHOR OIL+EUCALYPTUS OIL+PEPPERMINT OIL,EL NILE > CCC PHARMA,MASSAGE GIL,TOPICAL,55.0,menthol,1
AUTHENTIC 50 GM CREAM,أوثينتيك,MENTHOL+EUCALYPTUS+CAMPHOR,LEADER > FLARE PHARMA,MASSAGE CREAM,TOPICAL,50.0,menthol,1
AUTHENTIC SPRAY 120 ML,أوثينتيك,CAMPHOR+ MENTHOL+ EUCALYPTUS,LEADER > FLARE PHARMA,MASSAGE SPRAY,SPRAY,110.0,menthol,1
AVANOSA BRANDY 30 ML SPRAY,أفانوسا براندي,ISOTONIC SEA WATER+HYALURONIC ACID+ALOE VERA EXTRACT+EUCALYPTUS+MENTHOL+PANTHENOL+VITAMIN A+VITAMIN E+PROPYLENE GLYCOL+GLYCERINE+ALLANTOIN,BRAND INTERNATIONAL FSC > ALICO PHARMA,NASAL SPRAY,SPRAY,120.0,menthol,1
AZO SOAP 80 GM,أزو سواب,VITAMIN A+ZINC OXIDE+SALICYLIC ACID+GLYCERIN+MENTHOL,UNITED ALLAM FACTORY > PANAX PHARMA,SKIN CARE,SOAP,35.0,menthol,1
AZOTEC DEX MASSAGE CREAM 100 GM,أزوتيك ديكس ماسساجي,TOCOPHEROL (VIT E)+LAUROCAPRAM+MENTHOL+EUCALYPTUS GLOBULUS LEAF (EUCALYPTUS)+EUGENIA CARYOPHYLLUS FLOWER EXTRACT (CLOVE)+ALLANTOIN+MAGNESIUM SULFATE+(CAMPHORA OIL)+PANAX GINSENG ROOT EXTRACT+PERSEA GRATISSIMA OIL (AVOCADO OIL)+BUTYROSPERMUM PARKII BUTTER (SHEA BUTTER)+GLYCERYL STEARATE+ARCTIUM LAPPA ROOT EXTRACT+CARBOMER+PHENOXYETHANOL+10-HYDROXYSTEARIC ACID+TRIETHANOLAMINE,INTEGRATED COSMETIC INDUSTRIES > KONCIEVE,MASSAGE CREAM,TOPICAL,200.0,menthol,1
AZOTEC FLEX ROLL ON 80 ML,أزوتيك فليكس رولل أون,ROSMARINUS OFFICINALIS EXTRACT (ROSEMARY)+HYDROGENATED POTATO STARCH+ALLIUM SATIVUM BULB EXTRACT+MAGNESIUM SULFATE+ZINC OXIDE+PHENOXYETHANOL+MENTHOL+(CAMPHORA OIL)+EUGENIA CARYOPHYLLUS CINNAMOMUM CAMPHORA BARK OIL CARBOMER+PHENOXYETHANOL+AQUA+EUCALYPTUS GLOBULUS LEAF OIL (EUCALYPTUS)+LAUROCAPRAM+TRIETHANOLAMINE+AQUA.,LEVEN > KONCIEVE,MASSAGE,UNKNOWN,200.0,menthol,1
AZOTEC MAX GEL 100 GM,أزوتيك ماكس,TOCOPHEROL(VIT E)+LAUROCAPRAM+MENTHOL+EUCALYPTUS GLOBULUS LEAF OIL (EUCALYPTUS)+EUGENIA CARYOPHYLLUS FLOWER EXTRACT (CLOVE)+ALLANTOIN+MAGNESIUM SULFATE+CINNAMOMUM CAMPHORA BARK OIL (CAMPHORA OIL)+PANAX GINSENG ROOT EXTRACT+PERSEA GRATISSIMA OIL (AVOCADO OIL)+BUTYROSPERMUM PARKII BUTTER(SHEA BUTTER)+ARCTIUM LAPPA ROOT EXTRACT+CARBOMER+POLYSORBATE 80+TRIETHANOLAMINE+PHENOXYETHANOL+AQUA.,LEVEN > KONCIEVE,MASSAGE GEL,TOPICAL,250.0,menthol,1
AZOTEC MIX MASSAGE SPRAY 200 ML,أزوتيك ميكس ماسساجي,BISABOLIFETM(BISABOLOL)+MAGNESIUM SULFATE MENTHOL+PERSEA GRATISSIMA OIL (AVOCADO OIL) BUTYROSPERMUM PARKIR BUTTER(SHEA BUTTER) CINNAMOMUM CAMPHORA BARK OIL(CAMPHORA OIL) ALLANTOIN+EUCALYPTUS GLOBULUS LEAF OIL(EUCALYPTUS) LAUROCAPRAM+ARCTIUM LAPPA ROOT EXTRACT+TOCOPHERYL ACETATE+TRIETHANOLAMINE+POLYSORBATE 80+CARBOMER+PHENOXYETHANOL+AQUA+EUGENIA CARYOPHYLLUS FLOWER EXTRACT(CLOVE),LEVEN > KONCIEVE,MASSAGE SPRAY,SPRAY,350.0,menthol,2
B&B SKIN EMOLLIENT CREAM 120 GM,ب&ب سكين إموللينت,AVOCADO OIL+PROPOLIS+ALOE VERA EXTRACT+CALENDULA EXTRACT+CLOVE EXTRACT+MENTHOL+DIMETHICONE+UV FILTER,EL-HELOU PERFUMES & COSMETICS > BEAUTY & BEYOND INTERNATIONAL,SKIN CARE.MOISTURIZING,TOPICAL,42.0,menthol,1
BAROX PRO GEL 50GM,باروكس برو,MENTHOL+CAMPHOR+EUCALYPTUS+CLOVE,DREAMS > BAP PHARMA FOR TRADING AND EXPORT,MASSAGE GEL,TOPICAL,65.0,menthol,1
BEDO MASSAGE CREAM 50 GM,بيدو ماسساجي,APRICOT KERNEL OIL+ACETYL GLYCERYL RICINOLEATE+LANOLIN+CAMPHOR+MENTHOL+EUCALYPTUS OIL,BEAUTY ITALY > EXCELLENCE PHARM,MASSAGE CREAM,TOPICAL,50.0,menthol,1
BEENA SOFT CREAM 30 GM,بينا سوفت,PINOCEMBRIN+B-SITOSTEROL+MENTHOL+WAX ESTERS+1+8-CINEOLE+ZINC-OXIDE+PANTHENOL,SMARTECH > BEENA ORGANICS,SKIN CARE.HEALING,TOPICAL,198.0,menthol,1
BENYLIN PAED.SYRUP 120 ML,بينيلين بايد,DIPHENHYDRAMINE+MENTHOL,HIKMA PHARMA > JOHNSON & JOHNSON USA,COUGH PRODUCTS,ORAL.LIQUID,6.5,menthol,1
BEOSTE FORT GEL,بيوستي فورت,MENTHOL+CLOVE OIL+CAMPHOR OIL+DIMETHICONE+TOCOPHEROL+CUCUMBER,ITALIAN COSMETICS > MAXWELL,MASSAGE GEL,TOPICAL,39.0,menthol,1
BEOSTE FOTRE CREAM,بيوستي فوتري,MENTHOL+CLOVE OIL+CAMPHOR OIL+DIMETHICONE+TOCOPHEROL+CUCUMBER,ITALIAN COSMETICS > MAXWELL,MASSAGE CREAM,TOPICAL,39.0,menthol,1
BEST FLEX MASSAGE GEL 75GM,بيست فليكس ماسساجي,EUCALYPTUS+CAMPHOR+MENTHOL+METHYL SALICYLATE+PEPPERMINT OIL+GREEN TEA EXTRACT,BRAND FSC > 2MS PHARMA,MASSAGE GEL,TOPICAL,80.0,menthol,1
BEST FLEX MASSAGE SPRAY 120 ML,بيست فليكس ماسساجي,EUCALYPTUS+CAMPHOR+MENTHOL+METHYL SALICYLATE+PEPPERMINT OIL+GREEN TEA EXTRACT+,BRAND FSC > 2MS PHARMA,MASSAGE SPRAY,SPRAY,150.0,menthol,1
BESTO STARK  50 GM MASSAGE GEL,بيستو ستارك ماسساجي,PEPPERMENT OUL+MENTHOL EXTRACT+EUCALYPTUS OIL+CAMPHOR EXTRACT+METHYLPARABEN+PHENOXY ETHANOL+TRIETHANOLAMINE+XANTHAN GUM+CARBOMER,EL NIL > DORADO,MASSAGE GEL,TOPICAL,48.0,menthol,1
BESTO STARK 100ML MASSAGE SPRAY,بيستو ستارك ماسساجي,THYME EXTRACT+MENTHOL CRYSTALS+CAMPHOR+PEPPERMINT OIL+CLOVE EXTRACT+MONOPROPYLENE GLYCOL+ETHYL ALCOHOL 70%,SMARTEC > DORADO,MASSAGE SPRAY,UNKNOWN,69.0,menthol,1
BIAKADY- CARE MASSAGE GEL 60 GM,بياكادي- كاري ماسساجي,CLOVE OIL+EUCALYPTUS LEAF OIL+PEPPERMINT OIL+TOCOPHEROL+METHYLSULFONYLMETHANE+MENTHOL+VITAMIN C+CINNAMON OIL+CAMPHOR BARK OIL+O-METHYLATED FLAVONE+APRICOT KERNEL OIL+HONEY+THYME FLOWER.,EGYPTIAN CO. FOR COSMETICS (E.C.C.) > AKADY PHARMA GROUP,MASSAGE GEL,TOPICAL,60.0,menthol,1
BILICHOL 24 CAPS.,بيليتشول,BORNEOL+CAMPHENE+CINEOL+MENTHOL+MENTHONE+PINENE ( ALPHA & BETA ),PHARCO,CHOLELITHIASIS,ORAL.SOLID,32.0,menthol,1
BIO 1600  - 14 CAPS.,بيو 1600,ROYAL JELLY+BEE POLLEN+BEE PROPOLIS+VITAMIN C+MENTHOL,AL ROWAD PHARMACEUTICAL INDUSTRIAL CO.,MULTIVITAMINS,ORAL.SOLID,59.5,menthol,1
BIO MASS MASSAGE CREAM 100 GM,بيو ماسس ماسساجي,MENTHOL+CAMPHOR OIL+CLOVE OIL+EUCALYPTUS OIL+GLYCERIN+RETINOL+TOCOPHERAL+VITAMIN C,COSMOPACK > PURE PHARMA,MASSAGE CREAM,TOPICAL,50.0,menthol,1
BIOCASA 250 ML MOUTH WASH,بيوكاسا موث واش,CHLORHEXIDINE+SODIUM FLUORIDE+MENTHOL+CINNAMON OIL+THYME OIL+EUCALYPTUS+CAMPHOR+PEPPERMINT FLAVOR,ECC > BIOCASA,MOUTHWASH,UNKNOWN,55.0,menthol,1
BIOFILM GEL 60 GM,بيوفيلم,CAMPHOR OIL+MENTHOL CRYSTALS+PEPPERMINT OIL+COLVE OIL+EUCALYPTUS OIL,DREAMS ELHABOBA > ORGANIX PHARMA,MASSAGE  GEL,TOPICAL,80.0,menthol,1
BIOFLEX MASSAGE CREAM 60 GM,بيوفليكس ماسساجي,EUCALPTUS OIL+MENTHOL+CETYL PALMITATE,DREAMS > BIOMISR FOR PHARMACEUTICAL INDUSTRIES,MASSAGE CREAM,TOPICAL,48.0,menthol,1
BIOFREEZE GEL 118ML,بيوفريزي,MENTHOL,> RECKITT BENCKISER HEALTHCARE,ANALGESIC,TOPICAL,250.0,menthol,1
BIOFREEZE GEL 59ML (N/A),بيوفريزي,MENTHOL,PERFORMANCE HEALTH INC. > EVA PHARMA,ANALGESIC,TOPICAL,265.0,menthol,1
BIOFREEZE ROLL-ON 59ML (N/A),بيوفريزي رولل-أون,MENTHOL,PERFORMANCE HEALTH INC. > EVA PHARMA,ANALGESIC,UNKNOWN,235.0,menthol,1
BIOFREEZE ROLL-ON 89ML,بيوفريزي رولل-أون,MENTHOL,> RECKITT BENCKISER HEALTHCARE,,UNKNOWN,300.0,menthol,1
BIOFREEZE TOPICAL SPRAY 118ML,بيوفريزي,MENTHOL,> RECKITT BENCKISER HEALTHCARE,ANALGESIC,SPRAY,490.0,menthol,1
BIOFREEZE TOPICAL SPRAY 59ML (N/A),بيوفريزي,MENTHOL,PERFORMANCE HEALTH INC. > EVA PHARMA,ANALGESIC,SPRAY,245.0,menthol,1
BIOFROST 100ML GEL,بيوفروست,MENTHOL+EUCALYPTUS+MSM+PEPPERMINT,VIKING LAB OY LTD > COPAD EGYPT,ANALGESIC,TOPICAL,320.0,menthol,1
BIOGRAISSE 30 GM GEL,بيوجرايسسي,POLYSORBATE 80+DECYL GLUCOSIDE+GLYCERIN+HEXYLENE GLYCOL+TRIETHANOLAMINE+COCAMIDOPROPYL BETAINE+ZINC GLUCONATE+MENTHOL+CITRIC ACID+SALICYLIC ACID - CAPRYLOYL SALICYLIC ACID,DREAMS ELHABOBA > EGY BIOTICS,CLEANSING GEL FOR OILY AND ACNE PRONE SKIN,TOPICAL,60.0,menthol,1
BIORUN MASSAGE SPRAY 100 ML,بيورون ماسساجي,MENTHOL CRYSTALS+CAMPHOR OIL+EUCALYPTUS OIL+VIT E,DREAMS ELHABBOUBA > DOCTOR PHARMA,MASSAGE SPRAY,SPRAY,279.0,menthol,1
BLACK AND BLUE 120 ML SPRAY,بلاك أند بلوي,MENTHOL CRYSTAL+EUCALYPTUS+CAMPHOR+VIT E+PANTHENOL+GLYCERIN,EL-NILE > CURELIX,MASSAGE SPRAY,UNKNOWN,140.0,menthol,1
BLACK AND BLUE 50 ML ROLL- ON,بلاك أند بلوي رولل- أون,MENTHOL CRYSTAL+CAMPHOR+EUCALYPTUS+VIT E+PANTHENOL+GLYCERIN,EL-NILE > CURELIX,MASSAGE GEL,TOPICAL,85.0,menthol,1
BRETTA WIN 120 ML SPRAY,بريتتا وين,TOCOPHERYL ACETATE+BHT+EUCALYPTUSGLOBULUS OIL+EUGENIA CARYPHYLLUS FLOWER OIL+THYMUS VULGARIS OIL+GLYCERIN+PROPYLENE GLYCOL+DIAZOLIDINYLEUREA+POTASSIUMSORBATE+MENTHA PIPERITA OIL+PARAFFINUM LIQUIDUM+BETAINE+MENTHOL+PANTHENOL+CINNAMONUM CAMPHORA OIL+(CURCUMA LONGA/GLYCYRRHIZA URALENSIS) ROOT EXTRACT+LINOLEIC ACID+,BILE COSMETICS > BRETTA,MASSAGE SPRAY,UNKNOWN,145.0,menthol,1
BRETTA WIN 75 GM GEL,بريتتا وين,"TOCOPHERYI ACETATE+EUCALYPTUS GLOBULUS OIL+EUGENIA OIL+THYMUS VULGARIS OIL+XANTHAN GUM+GLYCERIN+PROPYLENE GLYCOL+MENTHA PIPERITA OIL+DIAZOLIDINYL UREA+POTASSIUM SORBATE+PARAFFIN
LIQUID+BETAINE+MENTHOL+PANTHENOL+CINNAMOMUM+CAMPHORA OIL+MAGNESIUM CHLORIDE+CURCUMAN
LONGA/GLYCYRHIZA URALENSIS) ROOT EXTRACT+LINOLEICACID+DOCOSAHEXAENOIC ACID",NILE COSMETICS > BRETTA FOR PHARMACEUTICAL COMPANY,MASSAGE GEL,TOPICAL,95.0,menthol,1
BRILLY ORAL SPRAY 60ML,بريللي أورال,CHLOROHEXIDIN+CLOVE OIL+MENTHOL+TEA TREE OIL+EUCALYPTUS OIL+VIT E,EGPI > J.C.PHARMA,NSAID. ANALGESIC . ANTI BACTERIAL,UNKNOWN,45.0,menthol,1
BRINGO TOPICAL LOTION 120ML,برينجو,ZINC OXIDE+THYME EXTRACT+CHAMOMILE EXTRACT+MENTHOL+CAMPHOR+GLYCERIN,MACRO GROUP PHARMACEUTICALS,SKIN CARE.SOOTHING,UNKNOWN,85.0,menthol,1
BRIOFEM VAGINAL FOAM 150 ML,بريوفيم,IRGASAN (TRICLOSAN)+THYME EXTRACT+CHAMOMILE EXTRACT+TEA TREE OIL+ALOE VERA EXTRACT+MENTHOL+LAVENDER OIL+VIT E,EGYPTIAN CO. FOR COSMETICS (E.C.C.) > ADVENT,VAGINAL CARE,VAGINAL,150.0,menthol,1
BRISTAPLEX VAPORIZING OINT. 50 GM,بريستابليكس فابوريزينج,EUCALYPTUS+MENTHOL+CAMPHOR+THYME+CLOVE,> INTERNATIONAL HEALTH FIX,MASSAGE,TOPICAL,99.0,menthol,1
BRO-ZEDEX SYRUP 120ML,برو-زيديكس,BROMHEXINE+GUAIFENESIN+MENTHOL+TERBUTALINE,GLOBAL NAPI PHARMACEUTICALS > WOCKHARDT,COUGH PRODUCTS,ORAL.LIQUID,10.5,menthol,1
BUTAL MASSAGE CREAM 50 GM,بوتال ماسساجي,ACETYL SALICYLIC ACID+MENTHOL+EUCALYPTUS+CAPSICUM,LEADER COSMETICS > BROTHER PHARMA,MASSAGE CREAM,UNKNOWN,27.0,menthol,1
CALFACTO MASSAGE GEL 50 GM,كالفاكتو ماسساجي,CAMPHOR+EUCALYPTUS+CLOVE+MENTHOL,,MASSAGE,TOPICAL,48.0,menthol,1
CALGON SKIN LOTION 100 ML,كالجون سكين,ZINC OXIDE+OLIVE OIL+PARAFFIN OIL+GLYCERIN+MENTHOL CRYSTALS,HI-CARE > GREAT PHARMA GROUP (GPG),SKIN CARE.SOOTHING,UNKNOWN,86.0,menthol,1
CALMY TONE LOTION 120 ML,كالمي توني,ZINC OXIDE+DEXPANTHENOL+TITANIUM DIOXIDE+MENTHOL+VITAMIN E+GLYCERIN+OLIVE OIL,SINA > HEALTH WELL EGYPT,SKIN CARE.MOISTURIZING,UNKNOWN,75.0,menthol,1
CAMFORINA MASSAGE CREAM 50 GM,كامفورينا ماسساجي,MENTHOL+CAMPHOR+EUCALYPTUS+ALMOND+CLOVE+VITAMIN E,COSMOPACK > M.N.B,MASSAGE CREAM,TOPICAL,69.0,menthol,1
CAMOPAN LOTION,كاموبان,ZINC OXIDE+OLIVE OIL+UREA+CHAMOMILE EXT+THYMOL+GLYCERIN+MENTHOL,HI CARE > THEIA PHARMA,SKIN SOOTHING & MOISTURIZING LOTION,UNKNOWN,45.0,menthol,1
CAMPHOPLEX MASSAGE GEL 100 GM,كامفوبليكس ماسساجي,CAMPHOR+MENTHOL+CLOVE OIL+EUCALYPTUS,EGYPTIAN CO. FOR COSMETICS (E.C.C.) > INTERNATIONAL HEALTH FIX,MASSAGE,TOPICAL,99.0,menthol,1
CAMPHOPLEX MASSAGE SPRAY 150 ML,كامفوبليكس ماسساجي,CAMPHOR+MENTHOL+EUCALYPTUS+PEPPERMINT+CLOVE OIL+ARNICA MONTANA,EGYPTIAN CO. FOR COSMETICS (E.C.C.) > INTERNATIONAL HEALTH FIX,MASSAGE,SPRAY,149.0,menthol,1
CANDY 24 LOZENGES,كاندي,MENTHOL+EUCALYPTUS+GLUCOSE (DEXTROSE)+HONEY,PHAROS TRADE > BROTHER PHARMA,SORE THROAT,UNKNOWN,73.0,menthol,1
CANDY-C 12 LOZENGES,كاندي-ك,VITAMIN C+THYME+MENTHOL,MARVEL PHARMA GROUP > BROTHER PHARMA,SORE THROAT,UNKNOWN,54.0,menthol,1
CARELOZEN 24 LOZENGES,كاريلوزين,IVY EXTRACT+LICORICE EXTRACT+THYME EXTRACT+MENTHOL+VITAMIN C+ZINC,MARVEL GROUP > EAGLE CARE,DIETARY SUPPLEMENT,ORAL.SOLID,108.0,menthol,1
CARISHEMA 60 GM MASSAGE GEL,كاريشيما ماسساجي,CAMPHOR OIL+EUCALYPTUS OIL+MENTHOL CRYSTAL+PHENOXY ETHANOL+VITAMIN E,NILE COSMETICS > P PHARM,MASSAGE GEL,TOPICAL,40.0,menthol,1
CAROPTAL 250 ML INTIMATE FEMININE WASH,كاروبتال إنتيماتي فيمينيني واش,ALOE VERA EXTRACT+MENTHOL CRYSTALS+TEA TREE OIL+THYME EXTRACT+CHLORHEXIDINE DIGLUCONATE+GLYCERIN+CHAMOMILE EXTRACT+ASCORBIC ACID+SAGE OIL,BRAND INTERNATIONAL > GLOBAL HEALTH,INTIMATE FEMININE WASH,VAGINAL,85.0,menthol,1
CASCADE VAG.DOUCHE 240 ML,كاسكادي فاج,CHLORHEXIDINE GLUCONATE+MENTHOL+SODIUM LAURYL SULPHATE,EGPI > HOCHSTER PHARMACEUTICAL INDUSTRIES,VAGINAL WASH,VAGINAL,28.0,menthol,1
CASHO SOOTHING SOAP 80 GM,كاشو سوثينج سواب,ZINC OXIDE+TRICLOSAN+GLYCERIN+OLIVE OIL+MENTHOL CRYSTALS,HI-CARE > REVANO PHARM,SKIN CARE,SOAP,25.0,menthol,1
CEROLAV GEL 60 GM,سيرولاف,MENTHOL CRYSTALS+GINGER EXTRACT+LAVENDER OIL+ROSEMARY OIL,EL HELOU CO (HEALTHY GROUP) > GLOBAL MULTI TRADE (G.M.T.),MASSAGE CREAM,TOPICAL,125.0,menthol,1
CHUMMY INTIMATE FEMININE WASH 250ML,تشوممي إنتيماتي فيمينيني واش,COCAMIDOPROPYL BETAINE+CHAMOMIL EX+TEA TREE OIL+MENTHOL+ALUM+ALO VERA+GLYCERIN+ROSE EX+CHLORHEXIDINE,EVITA FOR COSMETICS > SOUL PHARMA,VAGINAL DOUSH,VAGINAL,50.0,menthol,1
CLASS GEL 60 GM,كلاسس,GRAPE SEED EXTRACT+GLYCERIN+MENTHOL CRYSTAL+CHAMOMILE EXTRACT+HYDROLUSED SUNFLOWER OIL+PROPYLENE GLY,HI-CARE > YM CO,SOOTHING TOPICAL,TOPICAL,19.0,menthol,1
CLAWASH LOTION 120 ML,كلاواش,CHAMOMILE+GLYCERIN+MENTHOL+TITANIUM DIOXIDE+VITAMIN E+ZINC OXIDE,HI-CARE > FALCON GROUP,SKIN CARE.SOOTHING,UNKNOWN,40.0,menthol,1
CLEANZA VAG.DOUCHE 120 ML,كليانزا فاج,TEA TREE OIL+THYMOL+MENTHOL+TRICLOSAN+SODIUM LAURYL ETHER SULFATE+BETAINE+CITRIC ACID+GREEN COLOR+ME,DEBEIKY,VAGINAL WASH,VAGINAL,14.9,menthol,1
CLINSO VAG.DOUCHE 200 ML,كلينسو فاج,TRICLOSAN+CETRIMIDE+CHAMOMILE EXTRACT+THYMOL+CAMPHOR+MENTHOL+BETAINE PROPYLENE GLYCOL+CMC+POTASSIUM,HI-CARE > NOVEX,VAGINAL CARE,VAGINAL,80.0,menthol,1
CLOVENTHOR PLUS MASSAGE GEL,كلوفينثور بلوس ماسساجي,MAGNESIUM OXIDE+MENTHOL+CAMPHOR+EUCALYPTUS+THYMUS VULGARIS+METHA PIPERITA,EL NILE COSMETICS > VOTANA & S PHARMA,MASSAGE GEL,TOPICAL,53.0,menthol,1
CODEREST  75 GM MASSAGE GEL,كوديريست ماسساجي,MENTHOL+PEPPERMINT EXTRACT+EUCALYPTUS+CAMPHOR OIL+CLOVE OIL+EUGENOL+TEA TREE OIL+GREEN TEA EXTRACT+PANTHENOL+PARAFFINUM LIQUID+GLYCERIN+PANTHENOL,DRUMS HABOBA > INNOBIO PHARMACEUTICAL,MASSAGE GEL,TOPICAL,79.9,menthol,1
COFFEE ZINC HAIR TONIC LIQUID 250 ML,كوففي زينك هاير تونيك ليكويد,CAFFEINE+ARGAN OIL+ROSEMARY OIL+LAUROYL ARGININE+TEA TREE OIL+VIT.E+VIT.B3+PANTHENOL+MENTHOL+ZINC PCA,DREAMS ELHABOBA > UNITED PYRAMIDS,HAIR CARE,UNKNOWN,245.0,menthol,1
COFFEE ZINC SHAMPOO 200ML,كوففي زينك,CAFFINE+ZINC PYRITHIONE+PIROCTONE OLAMINE+PAPYA EXTRACT+PANTHENOL+MENTHOL,DREAMS EL HABBOBA > UNITED PYRAMIDS PHARMA,HAIR CARE,TOPICAL,179.0,menthol,1
COKIDOL  200 ML SHAMPOO,كوكيدول,32 ACTIVE INGREDIENTS  PANTHENOL+JOJOBA OIL+ARGAN OIL+KERATIN+SAW PALMETTO EXTRACT+BIOTIN+CAFFEINE+THYME EXTRACT+HYDROLYZED WHEAT PROTEIN+TEA TREE OIL+AMLA OIL+ALLANTOIN+SHEA BUTTER+ROSEMARY EXTRACT+EMU OIL+MENTHOL+ALOE VERA EXTRACT,SMARTC PHARMACEUTICAL > KARMED PHARM,SHAMPOO,TOPICAL,150.0,menthol,1
COMFOREX MASSAGE CREAM 50 GM,كومفوريكس ماسساجي,MENTHOL+CAMPHOR OIL+TRIETHANOLAMINE+GLYCERIN+METHYL PARABEN+CETYL ALCOHOL,LEADER > TRUST,MASSAGE CREAM,TOPICAL,35.0,menthol,1
COMFORT GEL 50 GM,كومفورت,MENTHOL+EMU OIL+ISOPROPANOL+TRIETHANOLAMINE+CARBOMER+METHYL PARABEN,HI-CARE > ORGANZA,SOOTHING TOPICAL,TOPICAL,80.0,menthol,1
CONEXERA MASSAGE GEL 50 GM,كونيكسيرا ماسساجي,MENTHOL+CLOVE+CAMPHOR+PEPPERMINT,> EAGLE PHARMA,MASSAGE,TOPICAL,37.5,menthol,1
COOL-STRIKE MASSAGE CREAM 100 GM,كول-ستريكي ماسساجي,MENTHOL+EUCALYPTUS+CAMPHOR,AUG PHARMA,MASSAGE CREAM,TOPICAL,80.0,menthol,1
COOLANTCRIX GEL 100GM,كولانتكريكس,CARBOMER+GLYCERIN+MENTHOL+CAMPHOR+EUCALYPTUS GLOBULES+LEAF OIL+EUGENIA+CARYOPHYLLUS FLOWER OIL+DISODIUM EDITA+TRIETHANOLAMINE+METHYLPARABEN+AQUA,ECC (EGYPTIAN COMPANY FOR COSMETICS) > MEDICA PURE,MASSAGE GEL,TOPICAL,130.0,menthol,1
CORDALEN 100 ML OIL SPRAY,كوردالين أويل,PARAFFINIUM LIQUIDUM+CLOVE OIL+MENTHOL+PEPPERMENT OIL+THYME EXTRACT+CINNAMON OIL+APRI OIL+JASMIN OIL+POMEGRANATE OIL+CANOLA OIL+CAMPHOR+BHA+EUCALYPTUS OIL+ISOPROPYL ALCOHOL,ECC > BME PHARMA,MASSAGE OIL SPRAY,UNKNOWN,100.0,menthol,1
CORDALEN 50 GM MASSAGE GEL,كوردالين ماسساجي,CARBOMER+TRITHANOLAMINE+MENTHOL+EUGENIA CARYOPHYLLUS FLOWER EXTRACT+AVOCADO OIL+MENTHA PIPERITA ( PEPPERMINT OIL )+ETHYL ALCOHOL+EUCALYPTUS OIL+CAMPHOR+THYMOL+GLYCERIN+D- PANTHENOL+PROPYLENE GLYCOL+POLYSORBATE 20+ALLANTOIN+NIACINAMIDE+ALMOND OIL+DMDM HYDANTOIN,ECC > BME PHARMA,MASSAGE GEL,TOPICAL,60.0,menthol,1
CORSODEN MOUTH WASH 200 ML,كورسودين موث واش,THYMOL+MENTHOL+CLOVE OIL+ALOE VERA EXT+CHLORHEXIDINE+VITAMIN C+GLYCERIN+SODIUM FLUORIDE+SORBITOL,HI-CARE > NOVEX,ORAL CARE,UNKNOWN,65.0,menthol,1
CORSODEN ORAL SPRAY 30 ML (N/A),كورسودين أورال,CHLORHEXIDINE+MENTHOL+LIDOCAINE+CLOVE EXT.+CHAMOMILE EXT.+LIQUORICE EXT.+ALOE VERA EXT.+RHUBARB EXT.+GLYCERINE,HI-CARE > NOVEX,ORAL CARE,SPRAY,25.0,menthol,1
CORSODEN ORAL SPRAY 60 ML (N/A),كورسودين أورال,CHLORHEXIDINE+MENTHOL+LIDOCAINE+CLOVE EXT.+CHAMOMILE EXT.+LIQUORICE EXT.+ALOE VERA EXT.+RHUBARB EXT.+GLYCERINE,HI-CARE > NOVEX,ORAL CARE,SPRAY,30.0,menthol,1
CORTEX  70 GM CREAM,كورتيكس,CLIMBAZOLE+PIROCTONE OLAMINE+SALICYLIC ACID+MENTHOL+CONDITIONERS,EGYPTIAN COMPANY FOR COSMETICS > EVEXIA PHARMA,ANTI DANDRUFF CREAM,TOPICAL,95.0,menthol,1
COSAMINE MASSAGE CREAM 50 GM,كوساميني ماسساجي,GLUCOSAMINE SULFATE+CHONDROITIN SULFATE+MSM+MENTHOL+CLOVE OIL+CAMPHOR+GINGER+GINKO BILOBA+WILLOW BAR,LEADER COSMETICS > NOVA PHARM,MASSAGE CREAM,TOPICAL,90.0,menthol,1
COUGH & SORE THROAT 20 ORODISPERSIBLE FILMS,كوغ & سوري ثروات 20 أوروديسبيرسيبلي فيلمس,EUCALYPTUS+MENTHOL,,SORE THROAT,UNKNOWN,75.0,menthol,1
COVENTA MASSAGE SPRAY 100 ML,كوفينتا ماسساجي,CAMPHOR OIL+EUCALYPTUS+MENTHOL CRYSTAL,EVITA FOR COSMETICS > MG PHARMA,MASSAGE,SPRAY,180.0,menthol,1
COVOPAX   50ML MOUTH SPRAY,كوفوباكس موث,CLOVE OIL+CHLOROHEXIDINE+MENTHOL+SODIUM BENZOAT,SMARTEC PHARMACEUTICALS > HI - Q PHARMA,ANTISEPTIC,UNKNOWN,70.0,menthol,1
CRYOVERD COLD AEROSOL 150 ML,كريوفيرد كولد أيروسول,MENTHOL+CAMPHOR+EUCALYPTUS,> PHARMA IMAGE,MASSAGE,TOPICAL,280.0,menthol,1
CRYOVERD MASSAGE EMULGEL 100 GM,كريوفيرد ماسساجي إمولجيل,MENTHOL+CAMPHOR+EUCALYPTUS,> PHARMA IMAGE,MASSAGE,TOPICAL,140.0,menthol,1
CRYOVERD MASSAGE EMULGEL 50 GM,كريوفيرد ماسساجي إمولجيل,MENTHOL+CAMPHOR+EUCALYPTUS,> PHARMA IMAGE,MASSAGE,TOPICAL,85.0,menthol,1
CUTECA MASSAGE GEL 65 GM,كوتيكا ماسساجي,MENTHOL+CAMPHOR+EUCALYPTUS,HI-CARE > ADMIN PHARMA,MASSAGE CREAM,UNKNOWN,60.0,menthol,1
CUXI SOLUTION ORAL CARE SPRAY 30 ML,كوكسي أورال كاري,THYME OIL+MENTHOL+CLOVE OIL+EUCALYPTOL+CETRIMIDE+TRICLOSAN+CINNAMON OIL+PEPPERMINT OIL,EGYPTIAN COMPANY FOR COSMETICS > HEAVEN PHARMA GROUP,ORAL CARE,SPRAY,25.0,menthol,1
CUXI SOLUTION ORAL CARE SPRAY 60 ML,كوكسي أورال كاري,THYME OIL+MENTHOL+CLOVE OIL+EUCALYPTOL+CETRIMIDE+TRICLOSAN+CINNAMON OIL+PEPPERMINT OIL,EGYPTIAN COMPANY FOR COSMETICS > HEAVEN PHARMA GROUP,ORAL CARE,SPRAY,75.0,menthol,1
CYBREAK MASSAGE SPRAY 100 ML,سيبرياك ماسساجي,MENTHOL+EUCALYPTUS+THYME OIL+TEA TREE OIL+GINKGO BILOBA+CAMPHOR+CLOVE+PEPPERMINT,EGYPTIAN CO. FOR COSMETICS > KMT PHARMA,MASSAGE,SPRAY,85.0,menthol,1
CYNCHOLINE PLUS 20 CAPS.,سينتشوليني بلوس,CYNARA DRY EXTRACT+MENTHOL+MAGNESIUM OXIDE+SILYMARIN,MEPACO,LIVER SUPPORT SUPPLEMENT,ORAL.SOLID,45.0,menthol,2
DAMA FRESH 250 ML,داما فريش,LACTIC ACID+CHLORHEXIDINE+ALOE VERA EXTRACT+THYME EXTRSCT+LICORICE EXTRACT+GLYCERIN+TEA TREE OIL+MENTHOL CRYSTALS+CHAMOMILE EXTRACT.,LEADER FOR COSMETICS > J.C.PHARMA,VAGINAL WASH,VAGINAL,35.0,menthol,1
DANA MASSAGE CREAM 60 GM,دانا ماسساجي,JOJOBA OIL+GREEN TEA OIL+WHEAT GERM OIL+BEES WAX+PANTHENOL+CAMPHOR OIL+CASTOR OIL+ALMOND OIL+MENTHOL,LEADER COSMETICS > SHROUHAL PHARMA,MASSAGE CREAM,TOPICAL,18.9,menthol,1
DANDIVERA HAIR SPRAY 120 ML,دانديفيرا هاير,PIROCTON OLAMINE+ CETRIMIDE+TRICLOSAN+TEA TREE OIL+SALICYLIC ACID+MENTHOL+PANTHENOL+ALOE VER,HI-CARE > AVANO PHARMA,HAIR CARE,SPRAY,100.0,menthol,1
DANICA ROLL ON 100 ML MASSAGE GEL,دانيكا رولل أون ماسساجي,CAMPHOR OIL+CLOVE OIL+EUCALYPTUS+MENTHOL+POMEGRANATE EXTRACT,E.C.C > RK PHARMA,MASSAGE GEL,TOPICAL,180.0,menthol,1
DANSHIRO M.SPRAY 30ML,دانشيرو م,CHLOROHEXIDIN+CLOVE OIL+MENTHOL OIL+TEA TREE OIL+EUCALYPTUS OIL+VIT E+HONEY,NILE COSMOTICS > EMERALD MEDICINE,MOUTH SPRAY,UNKNOWN,25.0,menthol,1
DAVO HAIR SERUM 120 ML,دافو هاير سيروم,CAFFEINE+SAW PALMETTO+AMLA+ALOE VERA+TEA TREE OIL+MENTHOL,HI-CARE > ROVA PHARMA,HAIR CARE,UNKNOWN,38.0,menthol,1
DAVO HAIR SHAMPOO 200 ML,دافو هاير,CAFFEINE+SAW PALMETTO+AMLA+ALOE VERA+TEA TREE OIL+MENTHOL,HI-CARE > ROVA PHARMA,HAIR CARE,TOPICAL,30.0,menthol,1
DEEP FREEZE PAIN RELIEF COLD 4 PATCHES,ديب فريزي باين ريليف كولد,N-PENTANE+ISO-BUTANE+PROPANE+N-BUTANE+DENATURED ETHANOL+LEVOMENTHOL,MENTHOLATUM LIMITED > EGYPHARMA,ANALGESIC,UNKNOWN,170.0,menthol,1
DEEP FREEZE PAIN RELIEF COLD GEL 100 GM,ديب فريزي باين ريليف كولد,N-PENTANE+ISO-BUTANE+PROPANE+N-BUTANE+DENATURED ETHANOL+LEVOMENTHOL,MENTHOLATUM LIMITED > EGYPHARMA,ANALGESIC,TOPICAL,280.0,menthol,1
DEEP FREEZE PAIN RELIEF COLD SPRAY 150 ML,ديب فريزي باين ريليف كولد,N-PENTANE+ISO-BUTANE+PROPANE+N-BUTANE+DENATURED ETHANOL+LEVOMENTHOL,MENTHOLATUM LIMITED > EGYPHARMA,ANALGESIC,SPRAY,450.0,menthol,1
DEEPFREEZE PHARMAKON COLD GEL 125 GM,ديبفريزي فارماكون كولد,ETHYL CHLORIDE+MENTHOL+THYMOL+EUCALYPTUS OIL+CAMPHOR+ALLANTOIN GLYCYRRHETINIC ACID+ALOE VERA+TOCOPHERYL ACETATE+ISOPROPYL MYRISTATE+MELALEUCA ALTERNIFOLIA LEAF OIL,PHARMAKON,TOPICAL ANALGESIC,TOPICAL,138.0,menthol,1
DEEPFREEZE PHARMAKON COLD SPRAY 125 ML,ديبفريزي فارماكون كولد,ETHYL CHLORIDE+MENTHOL+THYMOL+EUCALYPTUS OIL+CAMPHOR+ALLANTOIN GLYCYRRHETINIC ACID+ALOE VERA+TOCOPHERYL ACETATE+ISOPROPYL MYRISTATE+MELALEUCA ALTERNIFOLIA LEAF OIL,PHARMAKON,TOPICAL ANALGESIC,UNKNOWN,138.0,menthol,1
DELASSEMENT TOPICAL GEL 75 GRAM,ديلاسسيمينت 75 جرام,MENTHOL+CAMPHOR+CLOVE+CARBOMER+MG SULPHATE+SALICYLIC ACID+EUCALYPTUS,NILE COSMETICS > PHARMA LIFE,MASSAGE GEL,TOPICAL,60.0,menthol,1
DELERA SKIN CREAM 150 ML,ديليرا سكين,BEESWAX+GLYCERIN+OLIVE OIL+ZINC OXIDE+CHAMOMILE+VITAMIN E+MENTHOL,> ORIGINAL GROUP,SKIN CARE,TOPICAL,175.0,menthol,1
DELTA MOUTH REFESHENER 250 ML,ديلتا موث ريفيشينير,CETRIMIDE MENTHOL,HICARE > PARADISE PHARMA,ANTISEPTIC GARGLE,UNKNOWN,36.0,menthol,1
DEMOLIA GEL 100 GM,ديموليا,CHLORHEXIDINE+BORIC ACID+PROPOLIS EXTRACT+TEA TREE EXTRACT+CHAMOMILE+THYME EXTRACT+GLYCERIN+MENTHOL+ALOE VERA+JASMINE,EGYPTIAN CO. FOR COSMETICS (E.C.C.) > NOUVITAPHARM,VAGINAL CARE,VAGINAL,115.0,menthol,1
DENSYL MOUTH WASH 250 ML,دينسيل موث واش,THYMOL+MENTHOL+EUCALYPTOL,ORGANO PHARMA > PHARMA ZONE,MOUTH WASH,MOUTH,25.0,menthol,1
DENTA-STEP 200 ML MOUTH WASH,دينتا-ستيب موث واش,CHLORHEXIDINE DIGLUCONATE+SODIUM FLUORIDE+THYMOL+MENTHOL+METHYL SALICYLATE+EUCALYPTUS OIL+SORBITOL+SACCHARINE+PROPYLENE GLYCOL+POLYSORBATE 20+SODIUM BENZOATE+CITRIC ACID+GLYCERIN+ZINC SULPHATE+TOCOPHEROL+EUGENIA CARYOPHYLLUS STEM OIL+MELALEUCA ALTERNIFOLIA LEAF OIL+POTASSIUMA ACESULFAME+MENTHA PIPERITA OIL+CI 77288+WATER,EL-HELOU FOR PERFUMES & COSMETICS (HEALTHY GROUP) > STEPURE MEDICAL,MOUTH WASH,MOUTH,40.0,menthol,1
DENTOHEX MOUTH WASH 250 ML,دينتوهيكس موث واش,SODIUM FLUORIDE+CHLORHEXIDINE+THYMOL+MENTHOL+EUCALYPTUS+GREEN TEA EXTRACT+GRAPE SEED EXTRACT+GLYCERIN+SORBITOL+SACCHARIN,ITALIAN COSMETICS > IVET,MOUTH WASH,MOUTH,45.0,menthol,1
DENTOHEX ORAL SPRAY 60 ML,دينتوهيكس أورال,CHLORHEXIDINE+SODIUM FLUORIDE+THYMOL+MENTHOL+EUCALYPTUS+GREEN TEA EXTRACT+GRAPE SEED EXTRACT+SORBITOL+SACCHARIN+GLYCERIN,ITALIAN COSMETICS > IVET,oral care,SPRAY,50.0,menthol,1
DENTSO MOUTH SPRAY 60 ML,دينتسو موث,MENTHOL+THYME OIL+CAMPHOR+SORBITOL+EUCALYPTOL+PEPPERMINT OIL+CINNAMON OIL+CLOVE OIL+SODIUM SACCHARIN,EGYPTIAN CO . FOR COSMETIC (ECC) > VIDA INTERNATIONAL PHARMA,ORAL CARE,UNKNOWN,40.0,menthol,1
DEPADOLLS 100 GM MASSAGE CREAM,ديبادوللس ماسساجي,EUCALYPTUS EXTRACT+MENTHOL CRYSTALS+AVOCADO OIL,PHARMATONIC > DOLLS PHARMA,MASSAGE CREAM,TOPICAL,105.0,menthol,1
DEPADOLLS 100 GM MASSAGE GEL,ديبادوللس ماسساجي,MENTHOL+EUCALYPTUS LEAF EXTRACT,PHARMATONIC > DOLLS PHARMA,MASSAGE GEL,TOPICAL,115.0,menthol,1
DERMOSO GEL CREAM 30 GM,ديرموسو,ZINC OXIDE+MENTHOL+TITANIUM DIOXIDE+GLYCERIN,HI-CARE > A.M.D COMPANY,SOOTHING TOPICAL,TOPICAL,7.99,menthol,1
DG-WASH FLUORIDE MOUTH WASH 125ML,دج-واش فلووريدي موث واش,BEEPROPOLIS+FLUORIDE+MENTHOL CRYSTALS,AL ESRAA PHARMACEUTICAL OPTIMA,ORAL CARE,MOUTH,14.95,menthol,1
DG-WASH FLUORIDE MOUTH WASH 220ML,دج-واش فلووريدي موث واش,BEEPROPOLIS+FLUORIDE+MENTHOL CRYSTALS,AL ESRAA PHARMACEUTICAL OPTIMA,ORAL CARE,MOUTH,58.0,menthol,1
DG-WASH MENTHOL MOUTH WASH 125ML,دج-واش مينثول موث واش,BEEPROPOLIS+FLUORIDE+MENTHOL CRYSTALS,AL ESRAA PHARMACEUTICAL OPTIMA,ORAL CARE,MOUTH,14.95,menthol,1
DG-WASH MENTHOL MOUTH WASH 220ML,دج-واش مينثول موث واش,BEEPROPOLIS+FLUORIDE+MENTHOL CRYSTALS,AL ESRAA PHARMACEUTICAL OPTIMA,ORAL CARE,MOUTH,56.0,menthol,1
DIADEL CREAM 20 GM,دياديل,CAMPHOR+MENTHOL+L-ARGININE+GLYCERIN,LEADER FOR COSMETICS > ESAG,TOPICAL SOOTHING CREAM,TOPICAL,45.0,menthol,1
DIAMOND TEETHING GEL 50 GM,دياموند تيثينج,MENTHOL+CHLORHEXIDINE+THYME+SORBITOL+EUCALYPTUS+SODIUM BICARBONATE+CALCIUM CARBONATE+SODIUM FLUORIDE,EL-HELOU PERFUMES & COSMETICS > PHARMAVERA,ORAL CARE,TOPICAL,12.0,menthol,1
DIMICO MASSAGE CREAM 50 GM,ديميكو ماسساجي,CAMPHOR OIL+MENTHOL CRYSTALS+EUCALYPTUS OIL,KEMPETRO > DIMICO PHARM,MASSAGE CREAM,TOPICAL,75.0,menthol,1
DOLAREX MASSAGE GEL 100 GM,دولاريكس ماسساجي,MENTHOL+EUCALYPTUS+METHYL SALICYLATE+CAMPHOR+CAPSICUM,DREAMS > DRUG PHARMA EGYPT,MASSAGE GEL,TOPICAL,65.0,menthol,1
DOLJEX MASSAGE GEL 100 GM,دولجيكس ماسساجي,THYME EXT+CLOVE OIL+EUCALYPTUS OIL+PEPPERMINT OIL+CINNAMON OIL+VIT.E+VIT.C+GLYCERIN+CAMPHOR+MENTHOL,EGYPTIAN COMPANY FOR COSMETICS > EL RAAY EL BATAL COMPANY,MASSAGE CREAM,TOPICAL,59.0,menthol,1
DOLOSEV 60ML  MASSAGE GEL,دولوسيف ماسساجي,CAMPHOR OIL+MENTHOL CRYSTAL+EUCALYPTUS OIL+CLOVE OIL,EVITA > HELDZ PHARMA,MASSAGE GEL,TOPICAL,59.0,menthol,1
DORASEPT VAG. DOUCH 250 ML,دوراسيبت فاج. دوتش,ALOE VERA EXTRACT+MENTHOL CRYSTALS+TEA TREE OIL+THYME EXTRACT+TOCOPHEROL+CHLORHEXIDINE DIGLUCONATE+GLYCERIN+CHAMOMILE EXTRACT+COCAMIDOPROPYLBETAINE+PERFUME ROSE+ETHANOL+PARAFFINUM LIQUIDUM+POTASSIUM SORBATE+CITRIC ACID+ASCORBIC ACID+LICORICE EXTRACT+SAGE OIL+POVIDONE,GLOBAL HEALTH > Q PHARM,VAGINAL CARE,UNKNOWN,150.0,menthol,1
DORMANT VAG.DOUCHE 120 ML,دورمانت فاج,THYMOL+TRICLOSAN+MENTHOL,LEADER COSMETICS > TOP Z,VAGINAL CARE,VAGINAL,55.0,menthol,1
DORMANT VAG.DOUCHE 240 ML,دورمانت فاج,THYMOL+TRICLOSAN+MENTHOL,LEADER COSMETICS > TOP Z,VAGINAL CARE,VAGINAL,70.0,menthol,1
DOTT HAIR SHAMPOO,دوتت هاير,CAFFEINE+PANTHENOL+ALOE VERA EXTRACT+ALMOND OIL+ASCORBIC ACID+OLIVE OIL+SIMETHICONE+MENTHOL,HI CARE > THEIA PHARMA,HAIR SHAMPOO,TOPICAL,150.0,menthol,1
DOVANILE 90 ML LOTION,دوفانيلي,ZINC OXIDE+OLIVE OIL+TITANIUM DIOXIDE+MENTHOL CRYSTALS+CETOSTEARYL ALCOHOL+GLYCEROL+DIMETHICONE 350+LANOLIN+POLYSORBATE 60+DISODIUM EDTA+PHENOXYETHANOL+POTASSIUM HYDROXIDE,SMARTEC PHARMACEUTICAL AND COSMETICS > PADOVA PHARMA,LOTION,UNKNOWN,58.0,menthol,1
DOVEYDERM PLUS LOTION,دوفيديرم بلوس,CALAMINE+CHLORHEXADINE DIACETATE+ZINC OXIDE+GLYCERIN+MENTHOL+CITRIC ACID,EL NILE COSMETICS > BIO NL PHARMA,SOOTHING LOTION,UNKNOWN,55.0,menthol,1
DROPMAS  100 GM GEL,دروبماس,CAMPHOR OIL+MENTHOL+PIPPERMINT,EL_NILE FOR COSMETICS > LOGISTY PHARMA,MASSAGE GEL,UNKNOWN,100.0,menthol,1
EASYREST 50 GM  GEL,إاسيريست,TURMERIC LONGA LEAF EXTRACT MENTHOL CALCIUM SULFATE EUCALYPTUS OIL AMYGDALUS PLUM OIL MAGNESIUM SULFATE THYME PLANT EXTRACT PHENOXYETHANOL CINNAMON EXTRACT TRIGONELLA SEED EXTRACT - GRAPE LINOLEIC ACID (OMEGA-6)) LINOLENIC ACID (OMEGA 3) MENTHA PIPERITA OIL GLYCERIN PANTHENOL NIACINAMIDE,SMARTC PHARMACEUTICAL > KARMED PHARM,MASSAGE GEL,TOPICAL,65.0,menthol,1
EASYSAG MASSAGE SPRAY 120 ML,إاسيساج ماسساجي,MENTHOL+PEPPERMINT+EUCALYPTUS+CAMPHOR+CLOVE+THYMOL+GLYCERIN+CANOLA+EUGENOL+GREEN TEA+TEA TREE+TOCOPHEROL,NILE COSMATICS > EGYPTO PHARMACEUTICAL,MASSAGE SPRAY,UNKNOWN,250.0,menthol,1
EBETRONG MASSAGE CREAM 60 GM,إبيترونج ماسساجي,PANTHENOL+CAMPHOR OIL+MENTHOL+SWEET ALMOND OIL+EUCALYPTUS+GLYCERIN,ITALIAN COSMETIC > EBERS,MUSCLE RELAXANT,TOPICAL,44.0,menthol,1
EBTOPIA 30 ML NASAL SPRAY,إبتوبيا,CAPSICUM+SEA WATER+MENTHOL+EUCALYPTUS OIL+CALENDULA+TILIA+ALOE VERA+ALLANTOIN,NILE FOR COSMETICS > MU PHARMACEUTICAL,RELIEVE: 1-NASAL & SINUS CONGESTION. 2-SINUS PRESSURE AND HEADACHE. 3-NASAL DRYNESS   RHINITIS & NASAL IRRITATION.SUPPORT: 1-REPAIRING NASAL MUCOSA & FRAGILE CAPILLARIES. 2-MUCOLYTIC ACTION BY DECREASING MUCUS VISCOSITY.,SPRAY,68.0,menthol,1
EFECTI-SAGE  75 GM MASSAGE GEL,إفيكتي-ساجي ماسساجي,MENTHOL CRYSTALS+CLOVE OIL+CAMPHOR OIL+EUCALYPTUS OIL+PEPPERMINT OIL+AVOCADO OIL+OLIVE OIL+PUNICA GRANATUM+VITAMIN E+SHEA BUTTER+HONEY+PROPOLIS+SALICYLIC ACID,NILE COSMATICS > PREMIX PHARMA,MASSAGE GEL,TOPICAL,85.0,menthol,1
EFFECT ADVANCED MOUTH WASH 250ML,إففيكت أدفانسيد موث واش,CHLORHEXIDINE DIGLUCONATE+SODIUM FLUORIDE+CLOVE OIL+PEPPERMINT OIL+THYMUS VULGARIS EXTRACT+MENTHOL+THYMOL+GLYCERIN+SORBITOL+SODIUM SACCHARIN+CITRIC ACID,EL NILE FOR COSMETICS > EFFECT PHARMA,MOUTH WASH,MOUTH,59.0,menthol,1
EGY FRESH MOUTH WASH 250 ML,إجي فريش موث واش,ALOE VERA EXTRACT+GLYCERIN+MENTHOL+SODIUM FLUORIDE,E.C.C > EGY MINDS,REFRESHING MOUTH WASH,MOUTH,50.0,menthol,1
EGY ONE MASSAGE CREAM 50 GM,إجي أوني ماسساجي,MENTHOL+EUCALYPTUS+CAMPHOR AND OTHER COMPONENTS,KEMPETRO > EGYCURE,MASSAGE CREAM,TOPICAL,40.0,menthol,1
EGYALB FACIAL CLEANSING FOAMING GEL,إجيالب فاسيال كليانسينج فوامينج,POLYSORBATE 80+DECYL GLUCOSIDE+GLYCERIN+HEXYLENE GLYCOL+TRIETHANOL AMINE+COCAMIDOPROPYL BETAINE+ZINC GLUCONATE+MENTHOL+CITRIC ACID+SALICYLIC ACID+CAPRYLOYL SALICYLIC ACID,DREAMS ELHABOBA > EGY BIOTICS,FACIAL CLEANSING FOAMING GEL,TOPICAL,135.0,menthol,1
EGYFREEZE MASSAGE GEL,إجيفريزي ماسساجي,MENTHOL AND OTHER COMPONENTS,KEMPETRO > EGYCURE,MASSAGE GEL,TOPICAL,75.0,menthol,1
EGYGULF-COOL 100  GM MASSAGE GEL,إجيجولف-كول ماسساجي,EUCALYPTUS GLOBE LEAF OIL+MENTHA PIPERITA OIL+CAMPHOR+EUGENIA CARYOPHYLLUS BUD OIL+MENTHOL ZEYLANICUM+CINNAMON BARK OIL,DREAMS ELHABOBA > EGYGULF PHARMACEUTICAL,MASSAGE GEL,TOPICAL,95.0,menthol,1
EGYTAR 200 ML ANTIDANDRUFF SHAMPOO,إجيتار أنتيداندروفف,SALICYLIC ACID+PIROCTONE OLAMINE+ZINC PYRITHIONE+KERATIN+CAFFEINE+PANTHENOL+ALOE VERA EXTRACT+TEA TREE OIL+DIMETHICONE+GARLIC EXTRACT+OLIVE EXTRACT+JOJOBA EXTRACT+EURICA EXTRACT+MENTHOL CRYSTALS+VITAMIN C+VITAMIN E+CETRIMIDE+GLYCERIN,DREAMS > EGY HEART INTERNATIONAL PHARMACEUTICAL,ANTI DANDRUFF SHAMPOO,TOPICAL,120.0,menthol,1
ELA COOL CREAM 60GRAM,إلا كول 60جرام,MENTHOL+PEPPERMINT+CAMPHOR+CLOVE OIL+MSM+ARNICA+COLCHICINE,HEALTH GROUP > UNITED SCIENTIFIC OFFICE,MASSAGE CREAM,TOPICAL,60.0,menthol,1
ELITMASS GEL 75GM,إليتماسس,GLUCOSAMINE+CAMPHOR+MENTHOL+CLOVE+LIDOCAINE+BHT+PANTHENOL+VIT E+BETAIN+THYME .,ITALIAN COSMETICS COMPANY > J.C.PHARMA,MASSAGE GEL,TOPICAL,50.0,menthol,1
ELIXAGE MASSAGE GEL 50 GM,إليكساجي ماسساجي,METHYL SALICYLATE+MENTHOL+CAMPHOR+EUCALYPTUS+CLOVE+GLYCERIN,,ANALGESICS AND ANTI INFLAMMATORY,TOPICAL,35.0,menthol,1
ELLIGYN VAG.DOUCHE 200 ML,إلليجين فاج,CAMOMILE EXTRACTS+CHLORHEXIDINE GLUCONATE+MENTHOL+PANTHENOL+SODIUM LAURYL ETHER SULPHATE+TEA TREE OI,EGYPTIAN CO. FOR COSMETICS (E.C.C.) > BALLANCE PHARMA,VAGINAL CARE,VAGINAL,58.0,menthol,1
EMAZAD CREAM 100 GM,إمازاد,EUCALYPTUS OIL+TURPENTINE OIL+MENTHOL,MIDDLE EAST,MASSAGE CREAM,TOPICAL,38.0,menthol,1
EMOCAP MASSAGE CREAM 50 GM,إموكاب ماسساجي,EUCALYPTUS+MENTHOL+CAMPHOR OIL,HI CARE > NEW VISION PHARMA,MASSAGE CREAM,TOPICAL,39.0,menthol,1
EMUX CREAM 50 GM,إموكس,EMU OIL+BEES WAX+CLOVE OIL+MINERAL OIL+MENTHOL,KEMPETRO FOR CHEMICAL INDUSTRIES > ZINOPHARMA,MASSAGE CREAM,TOPICAL,56.0,menthol,1
ESAY GO 100 ML SPRAY,إساي جو,MENTHOL 5%+CAMPHOR3%+TURMERIC 4%+MAGNESIUM,NILE > HYALOMEDICA,SPRAY MASSAGE FOR MUSCLE PINE RELIEF,UNKNOWN,180.0,menthol,1
ESAY GO 50 GM GEL,إساي جو,MENTHOL 5%+CAMPHOR3%+TURMERIC 4%+MAGNESIUM,NILE > HYALOMEDICA,MASSAGE GEL FOR MUSCLE AND PAIN RELIEF,TOPICAL,75.12,menthol,1
EUCAMENTH CREAM 50 GM,إوكامينث,EUCALYPTUS OIL+CAMPHOR+MENTHOL+THYME EXT+PARAFFIN OIL+CETYL ALC+STEARIC ACID+GLYCERYL MONOSTEARATE,HI-CARE > AL-ASHRAF CO.,MASSAGE CREAM,TOPICAL,35.0,menthol,1
EUCAVAN MASSAGE SPRAY  120ML,إوكافان ماسساجي,THYME- EUCALYPTUS OIL -CAMPHOR OIL -PEPPRMINT OIL - MENTHOL - ALMOND OIL - CLOVE OIL - GLYCERINE,DREAMS > EGY HEART,MASSAGE SPRAY,SPRAY,139.0,menthol,1
EVERLEAP   GEL 50 GM,إفيرلياب,NIGELLA SATIVA OIL+AVOCADO OIL+TOCOPHEROL OIL+OMEGA 3&6+MAGNESIUM CHLORIDE PLUS MENTHOL+CAMPHOR AND EUCALYPTUS OIL,EGYPTIAN COMPANY FOR COSMETICS ( ECC ) > BIOTREATS PHARMACEUTICALS,CHONDROPROTECTIVE AND ANTI INFLAMMATORY MASSAGE GEL,TOPICAL,75.0,menthol,1
EVERSON MASSAGE SPRAY 100 ML,إفيرسون ماسساجي,CAMPHOR OIL+EUCALYPTUS OIL+DI ETHANOL ANIME SALSELATE+PEPPERMENT OIL+CANOLAOIL+MENTHOL+PANTHENOL+GLYCERIN+VE+VB5,DREAMS > DOCTORS PHARMA,MASSAGE SPRAY,UNKNOWN,120.0,menthol,1
EVIRINSE VAG.DOUCHE 250 ML,إفيرينسي فاج,ALUM+CHAMOMILE EXTRACT+THYMOL+MENTHOL+CALENDULA  EXTRACT+ROSEMARY EXTRACT+VITAMIN C,MACRO GROUP PHARMACEUTICALS,VAGINAL WASH,VAGINAL,37.0,menthol,1
EXCLUSIVE CARE MOUTH WASH SPRAY 30 ML,إكسكلوسيفي كاري موث واش,TEA TREE OIL+THYMOL+MENTHOL CRYSTALS+PEPPERMINT OIL+CLOVE OIL+PROPOLIS EXTRACT+VITAMIN C+GREEN TEA EXTRACT,NILE FACTORY FOR COSMETICS > KYAN EGYPT,ORAL CARE,MOUTH,24.0,menthol,1
EXQUISTE MASSAGE GEL 60 GM,إكسكويستي ماسساجي,GLYCERIN+PHENOXYETHANOL+MENTHOL+CHAMOMILE OIL+CARBOMER+POTASSIUM SORBATE+HORSE CHESTNUT+XANTHAN GUM,EGYPTIAN COMPANY FOR COSMETICS > MIRACLE,MASSAGE CREAM,TOPICAL,24.0,menthol,1
EXQUISTE MASSAGE GEL 75 GM,إكسكويستي ماسساجي,GLYCERIN+PHENOXYETHANOL+MENTHOL+CHAMOMILE OIL+CARBOMER+POTASSIUM SORBATE+HORSE CHESTNUT+XANTHAN GUM,EGYPTIAN COMPANY FOR COSMETICS > MIRACLE,MASSAGE CREAM,TOPICAL,45.0,menthol,1
EXTRACOOL CREAM 100 GM,إكستراكول,CAMPHOR OIL+EUCALYPTUS OIL+MENTHOL CRYSTAL,DREAMS > DRUGPHARMA,MASSAGE CREAM,TOPICAL,39.0,menthol,1
EXTRALAX MASSAGE GEL 30 GRAM,إكسترالاكس ماسساجي 30 جرام,ALMOND OIL+CLOVE OIL+MENTHOL+CAMPHOR OIL+EUCALYPTUS OIL+JASMINE OIL+VIT E,ITALIAN COSMETICS COMPANY > VERDO PHARMA,MASSAGE GEL,TOPICAL,27.0,menthol,1
EXTRALAX MASSAGE GEL 50 GRAM,إكسترالاكس ماسساجي 50 جرام,ALMOND OIL+CLOVE OIL+MENTHOL+CAMPHOR+EUCALYPTUS OIL+JASMINE OIL+VIT E,ITALIAN COSMETICS COMPANY > VERDO PHARMA,MASSAGE GEL,TOPICAL,45.0,menthol,1
FAMILAV 250ML VAGINAL WASH,فاميلاف واش,INGREDIENT  COCAMIDOPROPYL BETAINE  SODIUM LAURETH SULFATE  PROPYLENE GLYCOL  VITIS VINIFERA SEED EXTRACT  THYMUS VULGARIS EXTRACT  MENTHOL  CHAMOMILLA RECUTITA EXTRACT  CHLORHEXIDINE  CITRIC ACID  GLYCERIN  MALVA SYLVESTRIS EXTRACT  CI 75470 (RED)  PERFUME  WATER,EL HELOU CO. PERFUMES > BME PHARMA,VAGINAL WASH,VAGINAL,75.0,menthol,1
FAST FREEZE GEL 100 GM,فاست فريزي,CAMPHOR+MENTHOL,DJO CONSUMER LLC > ROTABIOGEN,MASSAGE,TOPICAL,160.0,menthol,1
FAST FREEZE MAGNESIUM MASSAGE SPRAY 150 ML,فاست فريزي ماجنيسيوم ماسساجي,CAMPHOR+MENTHOL+MAGNESIUM,DJO CONSUMER LLC > ROTABIOGEN,MASSAGE,SPRAY,250.0,menthol,1
FAST FREEZE MASSAGE SPRAY 150 ML,فاست فريزي ماسساجي,CAMPHOR+MENTHOL,DJO CONSUMER LLC > ROTABIOGEN,MASSAGE,SPRAY,250.0,menthol,1
FAST FREEZE MASSAGE SPRAY 200 ML,فاست فريزي ماسساجي,CAMPHOR+MENTHOL,DJO CONSUMER LLC > ROTABIOGEN,MASSAGE,SPRAY,250.0,menthol,1
FAST FREEZE OMEGA 3 & MAGNESIUM GEL,فاست فريزي أوميجا 3 & ماجنيسيوم,L-MENTHOL+OMEGA3+MAGNESIUM CHLORIDE+CAMPHOR OIL+CLOVE OIL+ALMOND OIL+GLYCERIN+VIT.B5+EUCALYPTUS OIL+TOCOPHEROL,KATO PRESTIGE COSMETICS > HPG GROUP,SKIN MASSAGE GEL WITH COOLING & RELAXATION,TOPICAL,190.0,menthol,1
FAST FREEZE OMEGA3 & MAGNESIUM GEL 100 GM,فاست فريزي أوميجا3 & ماجنيسيوم,CAMPHOR+MENTHOL+MAGNESIUM+OMEGA-3,DJO CONSUMER LLC > ROTABIOGEN,MASSAGE,TOPICAL,190.0,menthol,1
FASTER GEL 50 GM (N/A),فاستير,MENTHOL+CAMPHOR,AL ESRAA PHARMACEUTICAL OPTIMA,MASSAGE CREAM,TOPICAL,10.0,menthol,1
FASTER GEL 80 GM,فاستير,MENTHOL+CAMPHOR,AL ESRAA PHARMACEUTICAL OPTIMA,MASSAGE CREAM,TOPICAL,59.0,menthol,1
FASTMOVE COOLING SPRAY 200 ML,فاستموفي كولينج,MENTHOL+CLOVE+MAGNESIUM+EUCALYPTUS+CAMPHOR+OMEGA 3 6+PEPPERMINT OIL+AVOCADO+ALLANTOIN,> LEAP COSMECEUTICALS,MASSAGE,SPRAY,320.0,menthol,1
FASTMOVE MASSAGE CREAM 120 GM,فاستموفي ماسساجي,MENTHOL+CLOVE+MAGNESIUM+EUCALYPTUS+CAMPHOR+OMEGA 3 6+PEPPERMINT OIL+AVOCADO+ALLANTOIN,> Leap Cosmeceuticals,MASSAGE,TOPICAL,190.0,menthol,1
FASTMOVE MASSAGE CREAM 60 GM,فاستموفي ماسساجي,MENTHOL+CLOVE+MAGNESIUM+EUCALYPTUS+CAMPHOR+OMEGA 3 6+PEPPERMINT OIL+AVOCADO+ALLANTOIN,> Leap Cosmeceuticals,MASSAGE,TOPICAL,120.0,menthol,1
FASTMOVE MASSAGE GEL 120 GM,فاستموفي ماسساجي,MENTHOL+CLOVE+MAGNESIUM+EUCALYPTUS+CAMPHOR+OMEGA 3 6+PEPPERMINT OIL+AVOCADO+ALLANTOIN,> Leap Cosmeceuticals,MASSAGE,TOPICAL,200.0,menthol,1
FASTMOVE MASSAGE GEL 60 GM,فاستموفي ماسساجي,MENTHOL+CLOVE+MAGNESIUM+EUCALYPTUS+CAMPHOR+OMEGA 3 6+PEPPERMINT OIL+AVOCADO+ALLANTOIN,> Leap Cosmeceuticals,MASSAGE,TOPICAL,160.0,menthol,1
FEMGOOD VAGINAL DOUCH 250 ML,فيمجود دوتش,MALLOW EXTRACT+CHAMOMILE EXTRACT+TEA TREE OIL+MENTHOL+THYMOL OIL+IRGASAN,EGYPTIAN CO. FOR COSMETICS > BEAM PHARMA,VAGINAL CARE,VAGINAL,70.0,menthol,1
FEMI 9 VAGNAL WASH 250 ML,فيمي 9 فاجنال واش,L. ARGININE+CHLORHEXIDINE GLUCONATE+VITE+VITB5+CLOVE EXTRACT+ALOE VERA+D PANTHENOL+MENTHOL OIL+ROSE OIL+THYMOL OIL,MAJESTIC BIOPHARMA,VAGINAL CARE,VAGINAL,120.0,menthol,1
FEMIFLY VAG. WASH 250 ML,فيميفلي فاج. واش,MENTHOL CRYSTALS+TRICLOSAN+ALOE VERA EXT.+GLYCERIN+CHAMOMILE EXT.,HI-CARE > PHARMAZONE COMPANY,VAGINAL WASH,VAGINAL,30.0,menthol,1
FEMINA CREAM (V-GUARD) 50 GM,فيمينا,CITRIC ACID+THYME OIL+TWEEN 20+GLYCERIN+MENTHOL+ALOE VERA+TEA TREE OIL+CHAMOMILE EXTRACT+TRICLOSAN+M,LEADER COSMETICS > ORIGINAL GROUP,VAGINAL CARE,TOPICAL,80.0,menthol,1
FEMIROSE INTIMATE FEMININE WASH,فيميروسي إنتيماتي فيمينيني واش,TRICLOSAN+CITRIC ACID+ROSE EXTRACT+THYMOL CRYSTALS+MENTHOL CRYSTALS+ CHAMOMILE EXTRACT+TEA TREE OIL,DREAMS ELHABOBA > EGYBIOTICS,INTIMATE FEMININE WASH,UNKNOWN,75.0,menthol,1
FEMOREX GEL 50 GM,فيموريكس,GLUCOSAMINE SULPHATE+CHONDROITIN SULPHATE+MENTHOL+CAMPHOR+GINKO BILOBA,EGYPTIAN COMPANY FOR COSMETICS > RAND PHARM,MASSAGE CREAM,TOPICAL,27.0,menthol,1
FENORIL GEL 30 GM,فينوريل,HORSE CHESTNUT EXTRACT+EUGENOL+MENTHOL,LEADER > PHARMA VISION,ANALGESIC,TOPICAL,35.0,menthol,1
FENORIL GEL 50 GM,فينوريل,HORSE CHESTNUT EXTRACT+EUGENOL+MENTHOL,LEADER > PHARMA VISION,ANALGESIC,TOPICAL,48.5,menthol,1
FENTEX MOUTH SPRAY 60 ML,فينتيكس موث,CLOVE OIL+TEA TREE OIL+CHAMOMILE OIL+SAGE EXT+THYME OIL+MENTHOL CRYSTALS,LEADER > PHARMACIA ELITE,ORAL CARE,SPRAY,70.0,menthol,1
FEVOZA  75GM MASSAGE GEL,فيفوزا ماسساجي,PEPPERMENT OIL+MENTHOL EXTRACT+EUCALYPTUS OIL+CAMPHOR EXTRACT,EVITA FOR COSMETICS - EGYPT > MERK SHARE,SKIN MASSAGE GEL,TOPICAL,65.0,menthol,1
FEVOZA 120 ML MASSAGE SPRAY,فيفوزا ماسساجي,MENTHOL+EUCALYPTUS OIL+CAMPHOR EXTRACT+BEESWAX+GLYCERIN,EVITA FOR COSMETICS - EGYPT > MERK SHARE,SKIN MASSAGE SPRAY,UNKNOWN,75.0,menthol,1
FINEGOLA 60 ML MOUTH SPRAY,فينيجولا موث,CHAMOMILE+EUCALYPTUS OIL+THYME OIL+LIDOCAINE+MENTHOL+HYALURONIC ACID+CHLORHEXIDINE+ALOE VERA,EL NILE FACTORY FOR COSMETICS > HARMONY CARE,OROPHARYNGEAL CARE,UNKNOWN,90.0,menthol,1
FIRMIX CREAM 120 GM,فيرميكس,CAFFEINE+ALOE VERA+MENTHOL+GLYCERIN,HI-CARE > ORIGINAL GROUP,SKIN CARE.FIRMING,TOPICAL,265.0,menthol,1
FIRST TOPICAL LOTION 120ML,فيرست,ZINC OXIDE+MENTHOL+THYMOL+CHAMOMILE EXTRACT+GLYCERIN,HI-CARE > PHARMA CURE,SOOTHING TOPICAL,UNKNOWN,12.5,menthol,1
FLEXALL 60 GM MASSAGE GEL,فليكسالل ماسساجي,CAMPHOR OIL+MENTHOL CRYSTALS+PANTHENOL+EUCALYPTUS OIL+SALICYLIC ACID GLYCERIN+CARBOMER+XANTHAN GUM+TRIETHANOLAMINE+ETHANOL (95%)+TEA TREE OIL+PROPYL PARABEN+METHYL PARABEN+WATER,NILE COSMOTICS > INNOGEN PHARMA,MASSAGE GEL,TOPICAL,75.0,menthol,1
FLEXASTRA 100 GM MASSAGE GEL,فليكساسترا ماسساجي,(10 INGREDIENTS) EUCALYPTUS OIL-CAMPHOR - MENTHOL- PEPPERMINT  - TRIETHANOLAMIN - GLYCERIN,DREAMS ELHABOBA > ASTRA MRC PHARMA,MASSAGE GEL,UNKNOWN,65.0,menthol,1
FLEXEZE MASSAGE GEL 100 GM,فليكسيزي ماسساجي,GLUCOSAMIN+CHONDROITIN+MSM+METHYL SALICYLAT+GINGER+MENTHOL+OILS(EUCALYPTUS+MINT+THYM+ALMOND+CAMPHOR),ITALIAN COSMETICS COMPANY > INTERNOVO COMPANY,MASSAGE GEL,TOPICAL,125.0,menthol,1
FLEXEZE MASSAGE GEL 50 GM,فليكسيزي ماسساجي,GLUCOSAMIN+CHONDROITIN+MSM+METHYL SALICYLAT+GINGER+MENTHOL+OILS(EUCALYPTUS+MINT+THYM+ALMOND+CAMPHOR),ITALIAN COSMETICS COMPANY > INTERNOVO COMPANY,MASSAGE GEL,TOPICAL,75.0,menthol,1
FLEXFEEL MASSAGE GEL 75 GM,فليكسفيل ماسساجي,EUCALYPTUS OIL+MENTHOL+CAMPHOR OIL+CLOVE OIL+CINNAMON OIL+PEPPERMINT OIL,> EGYSTAR PHARM,MASSAGE,TOPICAL,75.0,menthol,1
FLEXFREE MASSAGE CREAM 100 GM,فليكسفري ماسساجي,CAMPHOR+EUCALYPTUS OIL+MENTHOL+GLYCERIN,EGYPTIAN CO. FOR COSMETICS (E.C.C.) > ADVENT PHARMA,MASSAGE CREAM,TOPICAL,135.0,menthol,1
FLEXFREE MASSAGE CREAM 60 GM,فليكسفري ماسساجي,CAMPHOR+EUCALYPTUS OIL+MENTHOL+GLYCERIN,EGYPTIAN CO. FOR COSMETICS (E.C.C.) > ADVENT PHARMA,MASSAGE CREAM,TOPICAL,85.0,menthol,1
FLEXJO 100 GM MASSAGE CREAM,فليكسجو ماسساجي,AQUA+EUGENIA CARYOPHYLLUS FLOWER EXTRACT+PERSEA GRATISSIMA OIL+NIACINAMIDE+EUCALYPTUS GLOBULUS LEAF OIL+MENTHA PIPERITA OIL+MENTHOL+THYMOL+CAMPHOR+TRIETHANOLAMINE+GLYCERIN+ALLANTOIN+PROPYLENE GLYCOL+PRUNUS AMYGDALUS+DULCIS OIL+DMDM HYDANTOIN+POLYSORBATE20+ALCOHOL DENAT+PANTHENOL+PARAFFINUM LIQUIDUM+BEESWAX+STEARIC ACID+GLYCERYL STEARATE+CETYL ALCOHOL .,EGYPTIAN COMPANY FOR COSMETICS (E.C.C) > VITA MIDDLE EAST PHARMA,MASSAGE CREAM,TOPICAL,120.0,menthol,1
FLOWDON MASSAGE CREAM 60 GM,فلوودون ماسساجي,CAMPHOR+MENTHOL+EUCALYPTUS,NIKIM SPECIAL CHEMICALS > RIVERA PHARM,MASSAGE CREAM,TOPICAL,36.0,menthol,1
FLUMINARE ADVANCED GEL 50 GM,فلوميناري أدفانسيد,HEMP SEED OIL+ARNICA MONTANA+THYME OIL+EUCALYPTUS OIL+CLOVE OIL+CAMPHOR OIL+MENTHOL+GREEN TEA EXTRACT+CANOLA OIL,SMARTEC > INTERNOVO,MASSAGE GEL,TOPICAL,89.0,menthol,1
FLURODAM MOUTH SPRAY,فلورودام موث,CAMPHOR+MENTHOL+CLOVE+CHLORHEXIDINE,EGYPTIAN COMPANY FOR COSMETICS > DAM PHARM,ORAL CARE,UNKNOWN,55.0,menthol,1
FORACT MASSAGE CREAM 100 GM,فوراكت ماسساجي,GLUCOSAMINE HCL+CHONDROITIN SULFATE+MSM+METHYL SALICYLATE+GINGER+MENTHOL+EUCALYPTUS OIL+CAMPHOR OIL,ITALIAN COSMETICS COMPANY > NEO PHARMA,MASSAGE CREAM,TOPICAL,125.0,menthol,1
FORACT MASSAGE CREAM 50 GM,فوراكت ماسساجي,GLUCOSAMINE HCL+CHONDROITIN SULFATE+MSM+METHYL SALICYLATE+GINGER+MENTHOL+EUCALYPTUS OIL+CAMPHOR OIL,ITALIAN COSMETICS COMPANY > NEO PHARMA,MASSAGE CREAM,TOPICAL,75.0,menthol,1
FORMA WELL 120 ML MASSAGE SPRAY,فورما ويلل ماسساجي,CAMPHOR  MENTHOL  EUCALYPTUS,HI CARE > SPHINX,ANALGESIC,UNKNOWN,160.0,menthol,1
FORMAGE MASSAGE CREAM 100 GM,فورماجي ماسساجي,MENTHOL OIL+EUCALYPTUS OIL+CAMPHOR OIL+CLOVE OIL,> UNITED INTERNATIONAL PHARMA,MASSAGE CREAM,TOPICAL,95.0,menthol,1
FORMAGE MASSAGE CREAM 50 GM,فورماجي ماسساجي,MENTHOL OIL+EUCALYPTUS OIL+CAMPHOR OIL+CLOVE OIL,> UNITED INTERNATIONAL PHARMA,MASSAGE CREAM,TOPICAL,62.0,menthol,1
FOUR VENT SYRUP 125ML,فور فينت,BROMHEXINE+GUAIFENESIN+MENTHOL+TERBUTALINE,MEDIZEN PHARMACEUTICAL INDUSTRIES,COUGH PRODUCTS,ORAL.LIQUID,24.0,menthol,1
FREE TRUST CREAM 75 GM,فري تروست,CAMPHOR OIL+EUCALYPTUS OIL+PEPPERMINTOIL+MENTHOL OIL+TRUMERIC OIL+CLOVE OIL,DREAMS ELHABOBA > PHARMA GRAM,MASSAGE CREAM,TOPICAL,40.0,menthol,1
FREEFEM WASHABLE GEL 250 ML,فريفيم واشابلي,CHLORHEXIDINE+NA LAURYL ETHER SULPHATE+BETAINE+MENTHOL CRYSTAL+TEA TREE OIL+THYMOL EXTRACT,DREAMS ELHABBOUBA > BEAUTY PHENOMENA,VAGINAL CARE,VAGINAL,55.0,menthol,1
FREEMED 50GM MASSAGE CREAM,فريميد ماسساجي,CAMPHOR+MENTHOL+EUCALYPTUS+PEPPEMINT,SMARTEC > RECOVERY PHARMA,MASSAGE CREAM,TOPICAL,80.0,menthol,1
FREEVAC 200 ML MASSAGE SPRAY,فريفاك ماسساجي,MAGNESIUM+MENTHOL+CAMPHOR+EUCALYPTUS,KEMPETRO > INVAC THERAPEUTICS,MASSAGE SPRAY,UNKNOWN,285.0,menthol,1
FREEVAC 75 GM MASSAGE GEL,فريفاك ماسساجي,MAGNESIUM+MENTHOL+EUCALYPTUS,SMARTEC PHARMACEUTICAL > INVAC THERAPEUTICS,MASSAGE GEL,TOPICAL,125.0,menthol,1
FREEZLLEZA MASSAGE SPRAY 120 ML,فريزلليزا ماسساجي,CAMPHOR OIL+MENTHOL+EUCALYPTUS OIL,DREAMS EL HABOBA > BELLEZA PHARMA,MASSAGE,SPRAY,235.0,menthol,1
FRESAGE GEL 100 GM,فريساجي,MENTHOL+CAMPHOR+METHYL SALICYLATE,DREAMS > MEDTRONIC,MASSAGE,TOPICAL,95.0,menthol,1
FRESHTELD ORAL SPRAY 60 ML,فريشتيلد أورال,EUCALYPTUS+MENTHOL+PROPOLIS+VIT.E+HEDERA HELIX+CHLORHEXIDINE,DREAMS EL HABOBA > TELDA PHARMA,ORAL CARE,SPRAY,69.75,menthol,1
FRESHWAL MOUTH WASH 250 ML,فريشوال موث واش,THYMOL+MENTHOL CRYSTALS+SODIUM FLUORIDE+CLOVE OIL+CHLORHEXIDINE DIGLUCONATE,HI-CARE > TADAWI EGYPT,ORAL CARE,MOUTH,13.75,menthol,1
FROST GEL 100 GM,فروست,MENTHOL+CHAMOMILE+LAVENDER+PROPYLENE GLYCOL+GLYCERIN,MACRO GROUP PHARMACEUTICALS,MASSAGE CREAM,TOPICAL,125.0,menthol,1
FRUTINA FOOT SPRAY 100 ML,فروتينا فوت,PANTHENOL+CLOROHEXDINE+CLOVE EXTRACT+VIT. E+MENTHOL+TEA TREE OIL,ITALIAN COSMETICS COMPANY > SPIRIT PHARMA,SPRAY FOR FOOT ODOUR,UNKNOWN,60.0,menthol,1
GAMAGEN GEL 50 GM,جاماجين,MENTHOL+CAMPHOR+HERBAL EXTRACTS+COLLAGEN+HYALURONIC ACID,DREAMS EL HABBOBA > GAMA PHARMA,MASSAGE gel,TOPICAL,50.0,menthol,1
GEENBEST MASSAGE CREAM 50 GM,جينبيست ماسساجي,MENTHOL+EUCALYPTUS OIL+CAMPHOR OIL,COSMOPACK > LA VENTE PHARMA,MASSAGE,TOPICAL,120.0,menthol,1
GEENBEST MASSAGE CREAM 75 GM,جينبيست ماسساجي,MENTHOL+EUCALYPTUS+CAMPHOR OIL,COSMOPACK > LA VENTE PHARMA,MASSAGE,TOPICAL,150.0,menthol,1
GEMIS COOK LIFE MASSAGE CREAM 75GM,جيميس كوك ليفي ماسساجي,MENTHOL+CAMPHOR OIL+CINNAMON OIL+MENTHA PIPERITA+OTHER NATURAL SOOTHING AND ANALGESIC INGREDIENTS,PHARMA TONIC > GEMIS COOK,MASSAGE CREAM,TOPICAL,190.0,menthol,1
GENA ROSE 200ML,جينا روسي,CITRIC ACID+ALOE VERA EXTRACT+TEA TREE OIL+CHLORHEXIDINE+TRICLOSAN+CHAMOMILE EXT+SAGE OIL+MENTHOL CRYSTALS+THYME OIL,LEADER COSMETICS > PHARMACIA ELITE,VAGINAL CLEANSER,VAGINAL,24.0,menthol,1
GENAROSE VAG.DOUCHE 200 ML,جيناروسي فاج,CITRIC ACID+THYME OIL+SAGA OIL+MENTHOL CRYSTALS+ALOE VERA EXTRACT,LEADER COSMETICS > PHARMACIA ELITE,VAGINAL WASH,VAGINAL,70.0,menthol,1
GENION VAGINAL SOLUTION 250 ML,جينيون,CHLORHEXDINE+TEA TREE+THYME+MENTHOL+CHAMOMILE+CAMPHOR,ECC > YEVIRA,VAGINAL WASH,UNKNOWN,32.5,menthol,1
GICTONIF TOP. GEL 20 GM,جيكتونيف توب,IBUPROFEN+LEVOMENTHOL,ZAD,NSAID.PROPIONIC ACID DERIVATIVES,TOPICAL,22.0,menthol,1
GLASGOW MASSAGE CREAM 60 GM,جلاسجوو ماسساجي,METHYL SALICYLATE+MENTHOL+CAMPHOR,HI CARE > BIOTEC,MASSAGE CREAM,TOPICAL,45.0,menthol,1
GLOBAL MOTION GEL 50GM,جلوبال موتيون,MENTHOL+CLOVE OIL+CAMPHOR OIL+EUCALYPTUS OIL+PEPPERMINT OIL+GLYCERINE,PANAX > DAWATECH,MASSAGE GEL,TOPICAL,32.0,menthol,1
GOFIX BRO 50 GM GEL,جوفيكس برو,MENTHOL. CAMPHOR. METHYLSALYSLATE,AL NIL > BRO CARE PHARMA,MASSAGE GEL,TOPICAL,65.0,menthol,1
GOLD CLEANSING GEL 250ML,جولد كليانسينج,ALOE VERA+PANTHENOL+GLYCERIN+MENTHOL+TEA TREE OIL+THYMOL+CHAMOMILE,MACRO GROUP PHARMACEUTICALS,VAGINAL CARE,VAGINAL,55.0,menthol,1
GOLD PLUS VAG.DOUCHE 250 ML,جولد بلوس فاج,MENTHOL+ALOE VERA+CHAMOMILE EXTRACT+LEXOL 300+GLYCERIN+COCAMIDOPROPYL BETAINE+PEG 7+METHYL PARABEN+F,MACRO GROUP PHARMACEUTICALS,VAGINAL CARE,VAGINAL,100.0,menthol,1
GOLDEN TOPICAL LOTION 60ML,جولدين,ALCOHOL+MENTHOL+TEA TREE OIL+UREA+METHYL SALICYLATE+CAPSACIN+CAMPHOR,EL-HELOU PERFUMES & COSMETICS > ALLIANCE PHARMA,ANALGESIC,UNKNOWN,14.95,menthol,1
GRANDRAY MASSAGE SPRAY 125 ML,جراندراي ماسساجي,MENTHOL+ OILS(CAMPHOR+EUCALYPTUS+AVOCADO+CLOVE+THYME+PEPPERMINT)+PANTHENOL+VITAMIN(C+E)+GLYCERIN,ITALIAN COSMETICS COMPANY > KARMA FOR COSMETICS,MASSAGE CREAM,SPRAY,95.0,menthol,1
GREEN MASSAGE OIL SPRAY,جرين ماسساجي أويل,MENTHOL+CAMFER+AVOCADO OIL+EUCOLUPTES OIL,EVETA FOR COUSMATICS > ADVICED MEDICAL GROUP,MASSAGE OIL SPRAY,UNKNOWN,200.0,menthol,1
GUM-C MOUTH WASH 120 ML,جوم-ك موث واش,THYME EXTRACT+MENTHOL+CLOVE OIL+VITAMIN C+GLYCERIN,HI-CARE > FALCON GROUP,ORAL CARE,MOUTH,29.5,menthol,1
HALOSOFT 120 ML LOTION,هالوسوفت,ZINC OXIDE+CHAMOMMILE+THYMOL+MENTHOL+GLYCERINE+OLIVE OIL,HI-CARE PHARMACEUTICALS > HELWAN PHARMACEUTICALS,SKIN LOTION,UNKNOWN,40.0,menthol,1
HANZA MASSAGE GEL 50 GM,هانزا ماسساجي,CAMPHOR OIL+EUCALYPTUS OIL+MENTHOL OIL,EGYPTIAN CO. FOR COSMETICS (E.C.C.) > HANZA PHARMA,MASSAGE,TOPICAL,100.0,menthol,1
HAYAR 50 GM MASSAGE CREAM,هايار ماسساجي,POMEGRANATE EXTRACT+CAMPHOR OIL+MENTHOL+EUCALYPTUS OIL+CLOVE OIL+VITAMIN C,EVITA > HERBACARE GLOBAL,MASSAGE CREAM,TOPICAL,35.0,menthol,1
HEALTHY ROSE 200 ML FEMININE WASH,هيالثي روسي فيمينيني واش,CHLORHEXIDINE -MENTHOL-THYME EXTRACT-CHAMOMILE EXTRACT -TEA TREE OIL-GLYCERINE,NILE COSMETICS > BLU CARE,FEMININE WASH,VAGINAL,65.0,menthol,1
HEAT COMFORT CREAM 20 GM,هيات كومفورت,EUCALYPTUS OIL+MENTHOL+METHYL SALICYLATE+TERPENTINE OIL,EL NILE.,ANALGESIC,TOPICAL,9.5,menthol,1
HEAT COMFORT CREAM 50 GM,هيات كومفورت,EUCALYPTUS OIL+MENTHOL+METHYL SALICYLATE+TERPENTINE OIL,EL NILE.,ANALGESIC,TOPICAL,16.0,menthol,1
HEPTA PANTHENOL BETA CREAM 50 GM,هيبتا بانثينول بيتا,BETA-SITOSTEROL+PANTHENOL+ALLANTOIN+SHEA BUTTER+MENTHOL+RICE BRAN OIL+SAGE EXTRACT+ZINC OXIDE+FLAX SEED OIL+SALICYLIC ACID+VITAMIN A+TEA TREE OIL,> HEPTA,SKIN CARE,TOPICAL,150.0,menthol,1
HEXA OIL TOPICAL SPRAY 100 ML,هيكسا أويل,PEPPERMINT OIL+OLIVE OIL+CLOVE OIL+MENTHOL+CAMPHOR+ISOPROPYL ALCOHOL,EGYPTIAN CO. FOR COSMETICS (E.C.C.) > PEARLA PHARM,MASSAGE CREAM,SPRAY,94.95,menthol,1
HEXAGO MASSAGE CREAM,هيكساجو ماسساجي,MENTHOL+CAMPHOR+EUCALYPTUS+CLOVE OIL,SMARTEC > HEXA PHARMA INTERNATIONAL,MASSAGE CREAM,ORAL.SOLID,40.0,menthol,1
HI HOP MASSAGE GEL 60 GM,هي هوب ماسساجي,EMU OIL+MENTHOL+CAMPHORA BARK OIL+,PANAX PHARMA > NANO CURA,MASSAGE GEL,TOPICAL,59.0,menthol,1
HI-COOL MASSAGE CREAM 100 GM,هي-كول ماسساجي,CAMPHOR+MENTHOL+EUCALYPTUS+METHYL SALICYLATE,DREAMS EL HABBOBA > DRUG PHARMA EGYPT,MASSAGE CREAM,TOPICAL,39.0,menthol,1
HI-FORTE CREAM 50 GM,هي-فورتي,PEPPERMINT+THYME+MENTHOL+EUCALYPTOL+CAMPHOR+CLOVE+CINNAMON+CANOLA+VITAMIN C+VITAMIN E,EGYPTIAN COMPANY FOR COSMETICS > PEARLA PHARM,ANALGESIC,TOPICAL,28.95,menthol,1
HI-FORTE GEL 60 GM,هي-فورتي,MENTHOL+CAMPHOR+CLOVE OIL+PANTHENOL,EGYPTIAN COMPANY FOR COSMETICS > PEARLA PHARM,MASSAGE CREAM,TOPICAL,25.75,menthol,1
HIDERM CREAM 50 GM,هيديرم,GLYCERIN+ZINC OXIDE+OLIVE OIL+MENTHOL+TITANIUM DIOXIDE+LANOLIN,HI-CARE > AVANO PHARMA,SKIN CARE.MOISTURIZING,TOPICAL,60.0,menthol,1
HIDERM TOPICAL LOTION 100ML,هيديرم,GLYCERIN+ZINC OXIDE+OLIVE OIL+MENTHOL+TITANIUM DIOXIDE+LANOLIN,HI-CARE > AVANO PHARMA,SKIN CARE.MOISTURIZING,UNKNOWN,60.0,menthol,1
HILLAN MASSAGE CREAM 50 GM,هيللان ماسساجي,MENTHOL+EUCALYPTUS+CAMPHOR+CLOVE+SHARK OIL+OLIVE OIL+PEPPERMINT OIL+MINERAL OIL+BEES WAX+CETYL ALCOHOL,EGYPTIAN COMPANY FOR COSMETICS (E.C.C) > GOLD PHARM,MASSAGE CREAM,TOPICAL,61.0,menthol,1
HIMAX CREAM 30 GM,هيماكس,MENTHOL+EUCALYPTUS+CAMPHOR+METHYL SALICYLATE,HI-CARE > ROVENTIS PHARMA,MASSAGE CREAM,TOPICAL,75.0,menthol,1
HIMAX CREAM 60 GM,هيماكس,MENTHOL+EUCALYPTUS+CAMPHOR+METHYL SALICYLATE,HI-CARE > ROVENTIS PHARMA,MASSAGE CREAM,TOPICAL,110.0,menthol,1
HIMAX MASSAGE GEL 30 GM,هيماكس ماسساجي,MENTHOL+EUCALYPTUS+CAMPHOR+METHYL SALICYLATE,HI-CARE > ROVENTIS PHARMA,MASSAGE CREAM,TOPICAL,75.0,menthol,1
HIMAX TOPICAL SPRAY 100 ML,هيماكس,MENTHOL+EUCALYPTUS+CAMPHOR+METHYL SALICYLATE,HI-CARE > ROVENTIS PHARMA,ANALGESIC,SPRAY,175.0,menthol,1
HOFFY MAX MASSAGE GEL 60 GM,هوففي ماكس ماسساجي,MENTHOL+CAMPHOR+EUCALYPTUS EXTRACT,SMARTEC PHARMACEUTICALS AND COSMETICS > HOFFEN PHARMA,MASSAGE GEL,TOPICAL,65.0,menthol,1
HORI-REST 60 GM CREAM,هوري-ريست,PEPPERMINT OIL+GLYCERIN+MENTHOL OIL+CLOVE OIL+TEA TREE OIL+CAMPHOR OIL+EUCALYPTUS OIL+VITAMIN E,BRAND INTERNATIONAL > HORIZON PHARMA,MASSAGE CREAM,TOPICAL,60.0,menthol,1
HORUS MASSAGE CREAM  50GRAM,هوروس ماسساجي 50جرام,CAMPHOR OIL+MENTHOL+EUCALYPTUS+PANTHINOL+GLYCRINE,DREAMS > HORUS PHARMA,MASSAGE CREAM,UNKNOWN,35.0,menthol,1
HYDRO LOTION 100 ML,هيدرو,ZINC OXIDE+OLIVE OIL+GLYCERIN+TOCOPHEROL (VITAMIN E)+CHAMOMILE EXT+PANTHENOL+MENTHOL,HI-CARE > ROVENTIS PHARMA,SKIN CARE.MOISTURIZING,UNKNOWN,60.0,menthol,1
HYGIMAZ VAGINAL WASH 250ML,هيجيماز واش,TRICLOSAN+CHLORHEXIDINE+CHAMOMILE OIL+ALOE VERA OIL+MENTHOL OIL+TEA TREE OIL,DBK FOR PHARMACEUTICAL INDUSTRIES > ALMAZ PHARMA,VAGINAL WASH,VAGINAL,35.0,menthol,1
IBUMENTOL TOP. GEL 100 GM (N/A),إبومينتول توب,IBUPROFEN+LEVOMENTHOL,DBK PHARMA > PARKVILLE,NSAID.PROPIONIC ACID DERIVATIVES,TOPICAL,48.75,menthol,1
IBUMENTOL TOP. GEL 50 GM,إبومينتول توب,IBUPROFEN+LEVOMENTHOL,DBK PHARMA > PARKVILLE,NSAID.PROPIONIC ACID DERIVATIVES,TOPICAL,47.0,menthol,1
IBUPROSOL TOPICAL GEL 100 GM,إبوبروسول,IBUPROFEN+LEVOMENTHOL,AUG PHARMA,NSAID.PROPIONIC ACID DERIVATIVES,TOPICAL,40.0,menthol,1
ICE HOT MASSAGE GEL 50 GM,إسي هوت ماسساجي,MENTHOL CRYSTALS+CAMPHOR+EUCALYPTUS OIL+CLOVE OIL+TEA TREE OIL,LEADER COSMETICS & PERFUMES CO. > CINCO PHARMA CO.,MASSAGE CREAM,TOPICAL,39.95,menthol,1
ICE RAMP MASSAGE GEL 75 GM,إسي رامب ماسساجي,GLUCOSAMINE+CAMPHOR OIL+MENTHOL OIL+EUCALYPTUS OIL+PEPPERMINT OIL+PANTHENOL,HEALTHY GROUP > MEPCO PHARMA,MASSAGE CREAM,TOPICAL,35.0,menthol,1
ICEBERG 100 ML MASSAGE SPRAY,إسيبيرج ماسساجي,MENTHOL+CAMPHOR+EUCALYPTUS+MAGNESIUM,COSMOPACK > METABIOTICS,MASSAGE SPRAY,UNKNOWN,150.0,menthol,1
IMPACTA MASSAGE CREAM 50 GM,إمباكتا ماسساجي,MENTHOL CRYSTALS+EUCALYPTUS OIL+CAMPHOR OIL+AVOCADO OIL+CLOVE EXTRACT+CAFFEINE,HI-CARE > FAMECO HEALTHCARE,ANALGESIC,TOPICAL,45.0,menthol,1
IMPACTA MASSAGE GEL 50 GM,إمباكتا ماسساجي,MENTHOL CRYSTALS+EUCALYPTUS OIL+CAMPHOR OIL+AVOCADO OIL+CLOVE EXTRACT+CAFFEINE,HI-CARE > FAMECO HEALTHCARE,ANALGESIC,TOPICAL,48.0,menthol,1
INOSAGE GEL 60 GM,إنوساجي,EUCALYPTUS+MENTHOL+COMPHOR+VIT E,ITALIAN COSMETICS > INCEPTION PHARMA,MASSAGE GEL,TOPICAL,59.0,menthol,1
INSTANT ICE SPRAY 200 ML,إنستانت إسي,MENTHOL+MENTHYL LACTATE,SAMRITAZ > ELARABI MEDICAL,MASSAGE,SPRAY,280.0,menthol,1
INSTANT ICE SPRAY 400 ML,إنستانت إسي,MENTHOL+MENTHYL LACTATE,SAMRITAZ > ELARABI MEDICAL,MASSAGE,SPRAY,345.0,menthol,1
INTARG GEL 75 GM,إنتارج,EQUISETUM ARVENSE+MENTHOL+THYMUS+VIT E+EUCALYPTUS,SMARTEC PHARMACEUTICAL AND COSMETICS > MEDIXIR PHARMA,MASSAGE GEL,TOPICAL,75.0,menthol,1
INTEGROL ROLL ON 75 ML,إنتيجرول رولل أون,CAMPHOR+EUCALYPTUS+MENTHOL,COSMOPACK > INTEGRO PHARMA,MASSAGE CREAM,TOPICAL,55.0,menthol,1
INTEGROLAX GEL 50 GM,إنتيجرولاكس,CAMPHOR+EUCALYPTUS+MENTHOL,COSMOPACK > INTEGRO PHARMA,MASSAGE CREAM,TOPICAL,40.0,menthol,1
JASE MOUTH WASH 250 ML,جاسي موث واش,CHLORHEXIDINE GLUCONATE+THYMOL+MENTHOL+CLOVE OIL+GLYCERINE,HI-CARE > CASTLE CARE,ANTISEPTIC SOLUTION.ORAL MOUTH WASH,MOUTH,22.0,menthol,1
JASMOLINE MASSAGE SPRAY 120 ML,جاسموليني ماسساجي,MENTHOL+CAMPHOR+EUCALYPTUS+PEPPERMINT OIL+CLOVE OIL,EGYPTIAN CO. FOR COSMETICS > ALJASMINE PHARMA GROUP,MASSAGE SPRAY,SPRAY,75.0,menthol,1
JINO MASSAGE GEL 50 GM,جينو ماسساجي,CAMPHOR OIL+EUCALYPTUS+MENTHOL CRYSTAL,> LEVANA,MASSAGE GEL,TOPICAL,38.0,menthol,1
JO-EASE 60 GM MASSAGE GEL,جو-إاسي ماسساجي,CAMPHOR OIL+PEPPERMINT OIL+EUCALYPTUS OIL+COLVE OIL+THYME OIL+MENTHOL CRYSTALS+CAJAPUT OIL+COCONUT OIL+PANTHENOL+ALLANTION+PEG-40 HYDROGENATED CASTOR OIL+POLYSORBATE 80+VIT E+GLYCERIN+CARBOMER+CITRIC ACID+PHENOXYETHANOL+POTASSIUM SORBATE+HARPAGOPHYLUM PROCUMBENS ROOT EXTRACT+EQUISETUM ARVENSE EXTRACT+WATER,NILE COSMETIC > MSK PHARMA,MASSAGE GEL,TOPICAL,32.0,menthol,1
JOPLEX GEL 120 GM,جوبليكس,HORSE CHESTNUT+GLUCOSAMINE+MENTHOL+EUCALYPTUS OIL+CLOVE OIL+CHAMOMILE OIL,ITALIAN COMPANY > A.M.I.CO,ANALGESIC,TOPICAL,37.0,menthol,1
JULIANA 250 ML VAGINAL DOUSH,جوليانا دوش,ROSA DAMASCENA FLOWER+CITRIC ACID+CHLORHEXIDINE+THYMUS VULGARIS EXTRACT+ALOE VERA LEAF+CHAMOMILLA RECUTITA EXTRACT+MENTHOL+MELALEUCA ALTERNIFOLIA LEAF,DREAMS EL HABOBA > PDRTC,INTIMATE FEMININE WASH,VAGINAL,90.0,menthol,1
K-VAL ACNE LOTION 80 ML,ك-فال أكني,GLYCEROL+SALICYLIC ACID+MENTHOL,> KEMPETRO FOR CHEMICAL INDUSTRIES,ANTI-ACNE,UNKNOWN,38.0,menthol,1
KATOLER 100 GM MASSAGE CREAM,كاتولير ماسساجي,MENTHOL+CAMPHOR+EUCALYPTUS+GLYCERIN,ITALIAN COSMETICS COMPANY > BEESAN PHARMA,MASSAGE CREAM,TOPICAL,65.0,menthol,1
KEEP ACTIVE  120 ML NASAL SPRAY,كيب أكتيفي,EQUISETUM ARVENSE EXTRACT+GLYCERIN+CAJAPUT OIL+MENTHOL+EUCALYPTUS EXTRACT+CAMPHOR OIL+TOCOPHEROL+EUGENOL,SMARTEC PHARMACEUTICAL AND COSMETICS > PADOVA PHARMA,MASSAGE SPRAY,SPRAY,125.0,menthol,1
KENARA MOUTH WASH 250 ML,كينارا موث واش,THYMOL+MENTHOL CRYSTALS+CHLORHEXIDINE DIGLUCONATE+GLYCERIN,MACRO GROUP PHARMACEUTICALS,ORAL CARE,MOUTH,25.0,menthol,1
KERAFLEX CREAM 60 GM,كيرافليكس,METHYL SULFONYL METHANE+CLOVE OIL+MENTHOL+EUCALYPTUS OIL+CAMPHOR,EGYPTIAN COMPANY FOR COSMETICS > PRIME PHARMA,MASSAGE CREAM,TOPICAL,27.0,menthol,1
KERAFLEX GEL 60 GM,كيرافليكس,METHYL SULFONYL METHANE+CLOVE OIL+MENTHOL+EUCALYPTUS OIL+CAMPHOR,EGYPTIAN COMPANY FOR COSMETICS > PRIME PHARMA,MASSAGE CREAM,TOPICAL,42.0,menthol,1
KERAFLEX ROLL-ON 75 GM,كيرافليكس رولل-أون,METHYL SULFONYL METHANE+CLOVE OIL+MENTHOL+EUCALYPTUS OIL+CAMPHOR,EGYPTIAN COMPANY FOR COSMETICS > PRIME PHARMA,MASSAGE CREAM,TOPICAL,45.0,menthol,1
KIMPTON SHAMPOO 150 ML,كيمبتون,SELENIUM SULFIDE+PIROCTONE OLAMINE+ZINC PYRTHIONE+SALICYLIC ACID+CITRIC ACID+CITRUS LEMON+ALOE VERA+EMU OIL+MENTHOL CRYSTALS+ROSEMARY+CAFFEINE+TEA TREE+BIOTIN+KERATIN+SAW PALMETTO+OLIVE OIL+JOJOBA OIL+PANTHENOL+THYME,EGYPTIAN CO. FOR COSMETICS > MEROZA PHARMA,HAIR CARE,TOPICAL,239.0,menthol,1
KLENVA VAG.DOUCHE 250 ML,كلينفا فاج,ALUM+CHAMOMILE EXTRACT+THYMOL+MENTHOL+METHYL PARABEN+CITRIC ACID,MACRO GROUP PHARMACEUTICALS,VAGINAL CARE,VAGINAL,90.0,menthol,1
KOOLFLEX MASSAGE GEL,كولفليكس ماسساجي,MENTHOL+CAMPHOR,SMARTEC > EVERA,MASSAGE GEL,TOPICAL,120.0,menthol,1
KOOLMENT MASSAGE 100 GM CREAM,كولمينت ماسساجي,CAMPHOR+MENTHOL+EUCALYPTYS,ELMASRYA.CO(ECC) > GLOBEPHARM,MASSAGE CREAM,TOPICAL,170.0,menthol,1
KP MAGNIVITAL 50GM MASSAGE GEL,كب ماجنيفيتال ماسساجي,MAGNESIUM SULPHATE+MENTHOL+CAMPHOR,NILE COSMETICS > KNIGHTS PHARMA,MASSAGE GEL,TOPICAL,24.0,menthol,1
KRIPPZAN 50 GM MASSAGE GEL,كريببزان ماسساجي,MENTHOL+EUCALYPTUS OIL+CAMPHOR+THYMUS VULGARIS OIL+MENTHA PIPERITA OIL+CURCUMA LONGA RHIZOME OIL+NIGELLA SATIVA SEED OIL+BOSWELLIA CARTERII OIL+ARGININE,ELLYU LABORATORY > EAGLE ONE PHARMA,MASSAGE CREAM,TOPICAL,60.0,menthol,1
KYLIE MOUTH WASH 200 ML,كيلي موث واش,CLOVE OIL+JOJOBA OIL+LEMON OIL+THYMOL+MENTHOL CRYSTALS+CHLOROHEXIDINE DIGLUCONATE+EUCALYPTUS,COSMOPACK > PURE PHARMA,ORAL CARE,MOUTH,30.0,menthol,1
LA VIE REST GEL 60 GM,لا في ريست,MENTHOL+CLOVE+CAMPHOR+PARAFFIN+CARBOMER+THYME+VIT E,DREAMS EL HABBOBA > REVIVE,MASSAGE GEL,TOPICAL,26.0,menthol,1
LANETAL POWDER,لانيتال,ALUM+BORIC ACID+EUCALYPTUS OIL+LACTOSE+MENTHOL+METHYL SALICYLATE+PHENOL+THYMOL,MEMPHIS,VAGINAL WASH,VAGINAL,4.0,menthol,1
LE GIVRE  50ML MASSAGE GEL,لي جيفري ماسساجي,THYME OIL+PEPPERMINT OIL+EUCALYPTUS OIL+MENTHOL+CLOVE OIL+VITAMIN E+PANTHENOL,SMARTEC > SPIRIT PHARM,MASSAGE GEL,TOPICAL,69.0,menthol,1
LI.LI VAGINAL WASH 250 ML,لي.لي واش,CHLORHEXIDINE+CETRIMIDE+TRICLOSAN+THYME+SAGE+CHAMOMILE+ALOE VERA+MENTHOL+GLYCERIN,LEADER COSMETICS > KMT PHARMA,VAGINAL CARE,VAGINAL,70.0,menthol,1
LIAM FEMININE WASH 250 ML,ليام فيمينيني واش,TRICLOSAN+COCAMIDOPROPYL BETAAINE+CHAMOMILE EXT+MENTHOL CRYSTALS THYMOL,BMS PHARMA,TRICLOSAN+COCAMIDOPROPYL BETAAINE+CHAMOMILE EXT+MENTHOL CRYSTALS THYMOL,VAGINAL,49.0,menthol,1
LIBRACOOL 120 ML MASSAGE SPRAY,ليبراكول ماسساجي,MENTHOL+CLOVE OIL+EUCALYPTUS OIL+CAMPHOR,ITALIAN > LIBRA VALE,MASSAGE SPRAY,UNKNOWN,170.0,menthol,1
LIFESPAN 75 GM GEL,ليفيسبان,METHYL SALICYLATE+MENTHOL+CAMPHOR+EUCALYPTUS OIL,MEDCARE > LIFE HEALTH,MASSAGE GEL,TOPICAL,75.0,menthol,1
LIKE MASSAGE CREAM 50 GM,ليكي ماسساجي,MENTHOL+CAMPHOR+EUCALYPTUS,EGYPTIAN CO. FOR COSMETICS > THERAPY INC. INTERNATIONAL,MASSAGE,TOPICAL,85.0,menthol,1
LIMITLESS FREEZE ORIGINAL GEL 50 GM,ليميتليسس فريزي أوريجينال,MENTHOL+CAMPHOR,EVA PHARMA,MASSAGE,TOPICAL,130.0,menthol,1
LIMITLESS FREEZE ORIGINAL ROLL-ON 50 ML,ليميتليسس فريزي أوريجينال رولل-أون,MENTHOL+CAMPHOR,EVA PHARMA,MASSAGE,UNKNOWN,175.0,menthol,1
LIMITLESS FREEZE ORIGINAL SPRAY 60 ML,ليميتليسس فريزي أوريجينال,MENTHOL+CAMPHOR,EVA PHARMA,MASSAGE,SPRAY,195.0,menthol,1
LINEX MASSAGE SPRAY 120 ML,لينيكس ماسساجي,CAMPHOR+MENTHOL+ALOE VERA EXTRACT+CLOVE EXTRACT+PEPPERMINT EXTRACT,HI-CARE > PIXEL,MASSAGE,SPRAY,120.0,menthol,1
LINOVEX MOUTH REFRESHENER SOLUTION 120ML,لينوفيكس موث ريفريشينير,CAMPHOR+CLOVE EXT+PEPPERMINT OIL+MENTHOL CRYSTALS+CHLORHEXIDINE,HI-CARE > ORGA PURE,ORAL CARE,MOUTH,19.5,menthol,1
LISTERMAZ MOUTH WASH 250 ML,ليستيرماز موث واش,CHLORHEXIDINE+SODIUM FLUORIDE+CLOVE OIL+MENTHOL OIL+EUCALYPTUS OIL+THYMOL OIL,DBK FOR PHARMACEUTICAL INDUSTRIES > ALMAZ PHARMA,MOUTH WASH,UNKNOWN,35.0,menthol,1
LISTERMIX PLUS MOUTH WASH 250ML,ليستيرميكس بلوس موث واش,CHLORHEXIDINE+THYMOL+EUCALYPTOL+MENTHOL+CLOVE OIL,SIGMA,ORAL CARE,MOUTH,75.0,menthol,1
LIVE FREEZ MASSAGE CREAM 100GM,ليفي فريز ماسساجي,MENTHOL+CAMPHOR+EUCALYPTUS OIL,ELNILE > LION STEPS,ANALGESIC AND ANTIRHEUMATIC MASSAGE CREAM,TOPICAL,99.0,menthol,1
LIVIACOOL MASSAGE GEL 59 GM,ليفياكول ماسساجي,MENTHOL,MULTI-APEX,MASSAGE CREAM,TOPICAL,120.0,menthol,1
LOMY MASSAGE CREAM 60 GM,لومي ماسساجي,VITAMIN C+CUCUMBER EXT.+GREEN TEA OIL+ALMOND OIL+TOCOPHEROL+EUCALYPTUS OIL+MENTHOL+PANTHENOL+GLYCERIN+CAMPHOR OIL,HI-CARE > FAMILA,MASSAGE CREAM,TOPICAL,35.0,menthol,1
LOMY MASSAGE GEL 60 GM,لومي ماسساجي,VITAMIN C+CUCUMBER EXT.+GREEN TEA OIL+ALMOND OIL+TOCOPHEROL+EUCALYPTUS OIL+MENTHOL+PANTHENOL+GLYCERIN+CAMPHOR OIL,HI-CARE > FAMILA,MASSAGE CREAM,TOPICAL,45.0,menthol,1
LOOBY 16 LOZENGES,لوبي,MENTHOL+VITAMIN C,DAWA > MERGE PHARMA,SORE THROAT,ORAL.SOLID,30.0,menthol,1
LOOBY 192 LOZENGES,لوبي,MENTHOL+VITAMIN C,DAWA > MERGE PHARMA,SORE THROAT,ORAL.SOLID,360.0,menthol,1
LUCENTE SUNCARE - AFTER SUN CREAM 100 ML,لوسينتي سونكاري - أفتير سون,PINOLUMIN+ALLANTOIN+GLYCERIN+PANTHENOL+CHAMOMILE+ALOE VERA+WITCH HAZEL+MENTHOL+VITAMIN E+LAVENDER OIL,MACRO GROUP PHARMACEUTICALS,SUN BLOCK,TOPICAL,230.0,menthol,1
LUMICASAGE CREAM 60 GM,لوميكاساجي,CAMPHOR+MENTHOL+PEPPERMINT OIL+CLOVE OIL,> BROTHER PHARMA,MASSAGE,TOPICAL,89.0,menthol,1
LUSTY MASSAGE GEL 50 GM,لوستي ماسساجي,CAMPHOR OIL+CLOVE OIL+EUCALYPTUS+MENTHOL+LIDOCAINE+D-PANTHENOL,COSMOPACK > IBM PHARMA,MASSAGE,TOPICAL,55.0,menthol,1
LUSTY MASSAGE GEL 75 GM,لوستي ماسساجي,CAMPHOR OIL+CLOVE OIL+EUCALYPTUS+MENTHOL+LIDOCAINE+D-PANTHENOL,COSMOPACK > IBM PHARMA,MASSAGE,TOPICAL,70.0,menthol,1
MACROTRIZ VAGINAL WASH 200 ML,ماكروتريز واش,LACTIC ACID+CHX+CETERMIDE+TEA TREE OIL+ALOE VERA+MENTHOL,COSMOPACK > MEDLIFE EXTRA,VAGINAL CARE,VAGINAL,30.0,menthol,1
MAESTRO CREAM 100 GM,مايسترو,METHYL SALICYLATE+EUCALYPTUS OIL+MENTHOL+CAMPHOR+CAPSICUM OIL+PEPPERMINT OIL,H.C.P CO. > PLANT PHARMA,MASSAGE CREAM,TOPICAL,80.0,menthol,1
MAGIC MASS 100 GM CREAM,ماجيك ماسس,THYME OIL+PEPPERMINT OIL+CLOVE OIL+MENTHOL CRYSTALS+EUCALYPTUS OIL+CAMPHOR OIL+PANTHENOL+GLYCERIN+ALLANTOIN,BRAND INTERNATIONAL > Q PHARM COMPANY,MASSAGE CREAM,TOPICAL,150.0,menthol,1
MALVA VAG.DOUCHE 120 ML,مالفا فاج,MALVA EXTRACT (MALLOW)+TEGOBTAIN+CHLORHEXIDINE GLUCONATE+CHLOROCRESOL+THYMOL+MENTHOL+CHAMAZULENE+ROS,PANAX PHARMA,VAGINAL CARE,VAGINAL,59.0,menthol,2
MALVA VAG.DOUCHE 240ML,مالفا فاج,MALVA EXTRACT (MALLOW)+TEGOBTAIN+CHLORHEXIDINE GLUCONATE+CHLOROCRESOL+THYMOL+MENTHOL+CHAMAZULENE+ROS,PANAX PHARMA,VAGINAL CARE,VAGINAL,75.0,menthol,2
MANUXIVIL 75 GM MASSAGE GEL,مانوكسيفيل ماسساجي,CAMPHOR+MENTHOL+ESSENTIAL OILS,BRAND INTERNATIONAL > VILATRIQ,MASSAGE GEL,TOPICAL,85.0,menthol,1
MARATH MASSAGE EMULGEL 50 GM,ماراث ماسساجي إمولجيل,EUCALYPTUS+MENTHOL CRYSTALS+METHYL SALICYLATE+O.C.CUM,DREAMS EL HABBOBA > BEAUTY & BEYOND INTERNATIONAL,MASSAGE CREAM,TOPICAL,42.0,menthol,1
MARIVO MASSAGE GEL 50 GM,ماريفو ماسساجي,MENTHOL & CAMPHOR & LIDOCAINE & EUCALYPTUS & METHYL& GLUCOSAMIN,ITALIAN FACTORY > ACTIVE PHARMA,MASSAGE GEL,TOPICAL,65.0,menthol,1
MARKETOVA COOLVIX GEL 50GM,ماركيتوفا كولفيكس,EUCALYPTUS+MENTHOL+CAMPHOR+MENTHA PIPERITA+,DREAMS ALHBOBA > MARKETOVA PHARMA HEALTH CARE,MASSAGE GEL,TOPICAL,45.0,menthol,1
MAROLET  ANTIDANDRUFF SHAMPO,ماروليت أنتيداندروفف شامبو,KERATINE+ZINC PYRITHIONE+VIT.E+SELENIUM+TEE TREE OIL+MENTHOL+ALO VERA,EGYPTIAN COMPANY FOR COSMETICS > PHARAOHS,ANTIDANDRUFF,TOPICAL,155.0,menthol,1
MASASOFT  75 GM GEL,ماساسوفت,PANTHENOL+CAMPHOR OIL+EUCALYPTUS OIL+AVOCADO OIL+GLYCERIN+MENTHOL+CLOVE OIL+ALLANTOIN+THYME OIL+VITAMIN E+TEA TREE OIL,ELHELOU FOR PERFUMES AND COSMETICS > COPAD EGYPT,MASSAGE GEL,TOPICAL,120.0,menthol,1
MASSAGIL TOP. SPRAY 60 ML,ماسساجيل توب,CAMPHOR+MENTHOL+METHYL SALICYLATE,DELTA PHARMA,ANALGESIC,SPRAY,10.0,menthol,1
MASSINNOVA GEL 50 GM,ماسسيننوفا,CAMPHOR+EUACLYPTUS+MENTHOL+THYME+PANTHENOL+CLOVE OIL,COSMOPSCK > INNOVAKA PHARMA,MASSAGE GEL,TOPICAL,39.5,menthol,1
MASSOCARE GEL 50 GM,ماسسوكاري,MENTHOL+CAMPHOR+EUCALYPTUS,DREAMS EL HABOBA > UNION GLOBE PHARMA,MASSAGE GEL,TOPICAL,55.0,menthol,1
MASSOCARE NOVA 50 GM GEL,ماسسوكاري نوفا,MENTHOL CRYSTAL+LIDOCAINE+METHYL SALICYLATE,NILE COSMETICS > CURA NOVA THERAPEUTICS,MENTHOL CRYSTAL  LIDOCAINE  METHYL SALICYLATE,TOPICAL,79.0,menthol,1
MASSOLIVIA GEL 50 GM,ماسسوليفيا,CAMPHOR OIL+EUCALYPTUS OIL+MENTHOL OIL+PANTHINOL+TO COPHERYL ACETATE+GUAR GUM+GLYCERIN+XANTHAN GUM+POTASSIUM SORBATE+HUDROXY PROPYL CELLULOSE+BETAINE+TWEEN 20+PROPYLENEGLYCOL+ETHANOL 70 %+PEPPERMINT OIL+PARAFFINUM LIQUIDUM+COLVE OIL+THYME OIL+ACETYLATED LANOLIN+DIAZOLIDINVAL UREA+BHT+WATER,DREAMS EL HABBOBA INDUSTRIAL ZONE > OLIVIA,MASSAGE GEL,TOPICAL,50.0,menthol,1
MAX-PRO TOPICAL LOTION 120ML,ماكس-برو,ZINC OXIDE+CHAMOMILE EXTRACT+MENTHOL CRYSTALS+GLYCERIN,HI-CARE > HUMAN CARE,SOOTHING TOPICAL,UNKNOWN,64.0,menthol,1
MAXFLEX CARE CREAM 100 GM,ماكسفليكس كاري,CAMPHOR+OMEGA3+6+BOSWELLIC ACID+CURCMIN+ROSEMARY EXTRACT+THYME EXTRACT+MENTHOL,SMARTEC PHARMACEUTICALS AND COSMETICS > SKILL INTERNATIONAL PHARMACEUTICAL,MASSAGE CREAM,TOPICAL,82.0,menthol,1
MAXI CARE CREAM 75 GM,ماكسي كاري,GAULTHERIA OIL+CLOVE OIL+EUCALYPTUS OIL+TURPENTINE+WILLOW BARK+ROSEMARY+MENTHOL+BEES WAX,LEADER COSMETICS > MARYO PHARM,MASSAGE CREAM,TOPICAL,137.0,menthol,1
MAXITOP CREAM 60 GM,ماكسيتوب,EUCALYPTUS OIL+TURPENTINE OIL+MENTHOL,EGPI > PURITY PHARMA,MASSAGE CREAM,TOPICAL,65.0,menthol,1
MAXRDAX GEL 100 GM,ماكسرداكس,MENTHOL+CAMPHOR+EUCALYPTUS+CLOVE OIL+ALPHA TOCOPHEROL+METHYL SALICYLATE,EGYPTIAN CO. FOR COSMETICS > MEDIX PHARM,MASSAGE,TOPICAL,110.0,menthol,1
MAXRDAX GEL 50 GM,ماكسرداكس,MENTHOL+CAMPHOR+EUCALYPTUS+CLOVE OIL+ALPHA TOCOPHEROL+METHYL SALICYLATE,EGYPTIAN CO. FOR COSMETICS > MEDIX PHARM,MASSAGE,TOPICAL,39.0,menthol,1
MAXWELL MASSAGE EMULGEL 100 GM,ماكسويلل ماسساجي إمولجيل,MENTHOL+CAMPHOR+EUCALYPTUS+METHYLSALICYLATE+POMEGRINATE OIL+TEA TREE OIL+CLOVE OIL+MSM+VITAMIN E,DREAMS EL HABBOBA > OPEXA,MASSAGE TOPICAL,TOPICAL,90.0,menthol,1
MAXWELL MASSAGE EMULGEL 50 GM,ماكسويلل ماسساجي إمولجيل,MENTHOL+CAMPHOR+EUCALYPTUS+METHYLSALICYLATE+POMEGRINATE OIL+TEA TREE OIL+CLOVE OIL+MSM+VITAMIN E,DREAMS EL HABBOBA > OPEXA,MASSAGE EMULGEL,TOPICAL,45.0,menthol,1
MEDCLOUD 100 ML LOTION,ميدكلود,CALAMINE+ZINC OXIDE+OLIVE OIL+GLYCERIN+ALOE BARABDENSIS LEAF JUICE+ORYZA SATIVA BRAN OIL+CHAMOMILE OIL+SALVIA OFFICINALIS EXTRACT+MENTHOL+CMC+XANTHAN GUM+THYMOL,CIRA PHARMA > VEXOR PHARMACEUTICAL,SKIN CARE . SOOTHING,UNKNOWN,85.0,menthol,1
MEDIXOACT 60 GM GEL,ميديكسواكت,MENTHOL+CINNAMOMUM+EUCALYPTUS+CLOVE OIL+AVOCADO OIL+SALICYLIC ACID+MAGNESIUM SULFATE,NILE COSMETICS > MEDIXO PHARMACEUTICAL COMPANY,MASSAGE GEL,TOPICAL,60.0,menthol,1
MEDOX PURE GEL - MASSAGE GEL 50 GM,ميدوكس بوري - ماسساجي,MENTHOL - CLOVE - VITAMIN E - CAMPHOR - EUCALYPTUS OIL,EL NILE PHARMACEUTICAL INDUSTRIES > JNYV PHARMA,MASSAGE GEL,TOPICAL,35.0,menthol,1
MEGA CLEANSER VAG.DOUCHE 120 ML,ميجا كليانسير فاج,COCAMIDOPROPYL BETAINE+DIMETHICONE COPOLYOL+THYME EXTRACT+CHAMOMILE EXTRACT+MENTHOL CRYSTALS+ALOE VE,LEADER COSMETICS > OTACI MED PHARMA,VAGINAL WASH,VAGINAL,9.25,menthol,1
MELANO MASSAGE CREAM PLUS 40 GM,ميلانو ماسساجي بلوس,MENTHOL+EUCALYPTUS OIL+TURPENTINE OIL+CAMPHOR OIL+THYME OIL+CINNAMON OIL+CLOVE OIL+GREEN TEA OIL,LANA > MELANO PHARMA,MASSAGE CREAM,TOPICAL,40.0,menthol,1
MELANOCOOL CREAM 60 GM,ميلانوكول,D.I WATER-ALMOND OIL-HYALURONIC ACID-SODIUM STEARYL SULFATE- GLYCERIN-SHEA BUTTER-UREA - OLIVE OIL-STEARIC ACID-CETYL ALCOHOL-PERFUME- D-PANTHENOL-COCONUT OIL-ALOE VERA EXTRACT- TOCOPHERYL ACETATE (VIT.E)-HONEY-DIMETHICONE BHT-PROPYL PARABEN-METHYL PARABEN-MENTHOL,MELANO PHARMA FOR COSMETICS > MELANO PHARMA,SKIN CARE,TOPICAL,80.0,menthol,1
MENTHOGREEN TOP. CREAM 40 GM,مينثوجرين توب,MENTHOL+METHYL SALICYLATE,ALEXANDRIA,ANALGESIC,TOPICAL,5.0,menthol,1
MENTHOPHOR MASSAGE CREAM 40 GM,مينثوفور ماسساجي,MENTHOL+CAMPHOR+CAPSAICIN+PEPPERMINT+TROLAMINE SALICYLATE+EUCALYPTUS+ARNICA+METHYL SALICYLATE,EL-HELOU PERFUMES & COSMETICS > MASTER CARE,MASSAGE CREAM,TOPICAL,30.0,menthol,1
MENTHOR TOPICAL GEL. 30 GM,مينثور,CAMPHOR+MENTHOL,DELTA PHARMA,ANALGESIC,TOPICAL,50.0,menthol,1
MENTO MIX GEL 60 GM,مينتو ميكس,EUCALYPTUS OIL+CAMPHOR+GINKGO+CLOVE OIL+APRICOT KERNEL OIL+MENTHOL+PANTHENOL+TOCOPHEROL,EGYPTIAN COMPANY FOR COSMETICS > PHARMIX,MASSAGE CREAM,TOPICAL,40.0,menthol,1
MENTO MIX SPRAY 120 ML,مينتو ميكس,MENTHOL+EUCALYPTUS+CAMPHOR+VITAMIN A+CLOVE OIL+GINKGO BILOBA+PEPPERMINT OIL+TEA TREE OIL,EGYPTIAN COMPANY FOR COSMETICS > PHARMIX,MASSAGE SPRAY,SPRAY,50.0,menthol,1
MENTOPHOR MASSAGE CREAM 100 GM,مينتوفور ماسساجي,MENTHOL CRYSTALS+EUCALYPTUS OIL+PEPPERMINT OIL+CAMPHOR+CLOVE OIL,EL HELOU (HEALTHY GROUP) > MASTER CARE,MASSAGE CREAM,TOPICAL,115.0,menthol,1
MENTOPROFEN GEL 20 GM,مينتوبروفين,CAMPHOR+KETOPROFEN+MENTHOL,PHAROPHARMA,ANALGESIC,TOPICAL,4.75,menthol,1
MEPHAN-ON 100MG MASSAGE CREAM,ميفان-أون ماسساجي,MENTHOL+CAMPHOR+MENTHA PIPERITA OIL+EUGENIA CARYOPHYLLUS LEAF OIL+THYMOL+CALCIUM SULFATE+MAGNESIUMSULFATE+BOSWELLIA SERRATA EXTRACT+CINNAMOMUM ZEYLANICUM BARK OIL,DREAMS EL HABOBA AND ECC > INNOVEC PHARMACEUTICAL,MASSAGE CREAM,TOPICAL,190.0,menthol,1
MESTAL MASSAGE GEL 30 GM,ميستال ماسساجي,MENTHOL+CAMPHOR+EUCALYPTUS OIL+SALIX EXT+CARBOMER+TRIETHANOLAMINE,HI-CARE > A.M.D COMPANY,MASSAGE CREAM,TOPICAL,20.0,menthol,1
MESTAL MASSAGE GEL 80 GM,ميستال ماسساجي,MENTHOL+CAMPHOR+EUCALYPTUS OIL+SALIX EXT+CARBOMER+TRIETHANOLAMINE,HI-CARE > A.M.D COMPANY,MASSAGE CREAM,TOPICAL,86.5,menthol,1
METAPI FEMININE WASH 200 ML,ميتابي فيمينيني واش,CHAMOMILE EXTRACT+THYMOL+MENTHOL+CLEANSING & FOAMING BASE,I.C.C. > EGYCURE,VAGINAL WASH,VAGINAL,33.0,menthol,1
MEZDAN GEL 75 GM,ميزدان,GLUCOSAMINE+CHONDROITIN+EUCALYPTUS OIL+CLOVE OIL+BETAINE+MENTHOL OIL+PARAFFIN OIL,EGYPTIAN CO. FOR COSMETICS > DOCARE PHARM,MASSAGE CREAM,TOPICAL,45.0,menthol,1
MEZDAN SPRAY 100 ML,ميزدان,EUCALYPTUS OIL+CLOVE OIL+BETAINE+MENTHOL OIL+PARAFFIN OIL+CAMPHOR+PANTHENOL,EGYPTIAN CO. FOR COSMETICS > DOCARE PHARM,MASSAGE CREAM,SPRAY,57.5,menthol,1
MI KIDS LOTION 110 ML,مي كيدس,BIOTIN+CAFFEINE+GREEN COFFEE+SAW PALMETTO+VITAMIN B6+RICE PROTIN+HORSE CHESTNUT+ROSEMARY+CHAMOMILE OIL+ALOE VERA OIL+GINSENG+MENTHOL+PANTHENOL,SAFE LIFE,HAIR CARE,UNKNOWN,80.0,menthol,1
MID MASSAGE CREAM 50 GM,ميد ماسساجي,MENTHOL CRYSTALS+EUCALYPTUS OIL+CAMPHOR+PARAFFIN OIL,HI-CARE > ORGA PURE,MASSAGE CREAM,TOPICAL,34.0,menthol,1
MINTOLINE MOUTH WASH & GARGLE 120 ML,مينتوليني موث واش &,EUCALYPTOL+MENTHOL+METHYL SALICYLATE+THYMOL,KAHIRA,MOUTH WASH,MOUTH,5.0,menthol,1
MINTOVEX GEL 50 GM,مينتوفيكس,MENTHOL+CAMPHOR,SEKEM,MASSAGE CREAM,TOPICAL,6.25,menthol,1
MINTY TALK MOUTH REFRESHENER SPRAY 60 ML,مينتي تالك موث ريفريشينير,CLOVE OIL+THYME OIL+MENTHOL+EUCALYPTUS OIL+SORBITOL+PEPPERMINT EXT+CHAMOMILE EXT+VIT. C+HONEY EXT+GLYCERIN+CHLORHEXIDINE DIGLUCONATE+SODIUM BENZOATE+PROPYLENE GLYCOL+DISODIUM PHOSPHATE+HYDROXYETHYL ETHYLCELLULOSE,EL HELOU (HEALTHY GROUP) > ARCADIA PHARMA,ORAL CARE,MOUTH,60.0,menthol,1
MIRAGE CREAM 50 GM,ميراجي,MENTHOL CRYSTALS+CAMPHOR+CALENDULA EXTRACT,HI-CARE > PRIMA PHARM,MASSAGE CREAM,TOPICAL,60.0,menthol,1
MIRRAMORCARE MASSAGE CREAM 50 GM,ميرراموركاري ماسساجي,MENTHOL+GINGER+CAPSICUM,EL NILE FACTORY FOR COSMETICS > REPAIR PHARMA,MASSAGE,TOPICAL,50.0,menthol,1
MLIXASSAGE-RELAX 100 ML SPRAY,مليكساسساجي-ريلاكس,MENTHOL+CAMPHOR OIL+EUCALYPTUS OIL+ALLANTOIN+PANTHENOL+GLYCERIN,NILE FOR COSMATIC > PREMIX PHARMA,MASSAGE SPRAY,UNKNOWN,95.0,menthol,1
MOBI ZOME 100 GM GEL,موبي زومي,MENTHOL+CHAMFOR+EUCALYPTUS,SMARTEC > VIDAL PHARMA,MASSAGE GEL,TOPICAL,120.0,menthol,1
MOBIEASE CREAM 120 GM,موبياسي,GLUCOSAMINE+CHONDROITIN+MSM+VITAMIN C+MENTHOL+CAMPHOR+CLOVE OIL+GOTU KOLA+GINKGO+EUCALYPTUS OIL,EGYPTIAN COMPANY FOR COSMETICS > INFINITY PHARM,MASSAGE CREAM,TOPICAL,80.0,menthol,1
MOBIEASE CREAM 60 GM,موبياسي,GLUCOSAMINE+CHONDROITIN+MSM+VITAMIN C+MENTHOL+CAMPHOR+CLOVE OIL+GOTU KOLA+GINKGO+EUCALYPTUS OIL,EGYPTIAN COMPANY FOR COSMETICS > INFINITY PHARM,MASSAGE CREAM,TOPICAL,80.0,menthol,1
MOBIEASE GEL 120 GM,موبياسي,GLUCOSAMINE+CHONDROITIN+MSM+VITAMIN C+MENTHOL+CAMPHOR+CLOVE OIL+GOTU KOLA+GINKGO+EUCALYPTUS OIL,EGYPTIAN COMPANY FOR COSMETICS > INFINITY PHARM,MASSAGE CREAM,TOPICAL,110.0,menthol,1
MOBIEASE GEL 60 GM,موبياسي,GLUCOSAMINE+CHONDROITIN+MSM+VITAMIN C+MENTHOL+CAMPHOR+CLOVE OIL+GOTU KOLA+GINKGO+EUCALYPTUS OIL,EGYPTIAN COMPANY FOR COSMETICS > INFINITY PHARM,MASSAGE CREAM,TOPICAL,80.0,menthol,1
MOBILITE 60 ML  MASSAGE GEL,موبيليتي ماسساجي,EUCALYPTUS OIL  CAMPHORA BARK OIL.  MENTHOL   PANTHENOL TOCOPHERYL ACETATE.  CHLORIDE GLYCERIN.   XANTHAN GUM.  H?DROXYPROPYL METHYLCELLULOSE POTASSIUM SORBATE BETAINE POLYSORBATE 20.  PROPYLENE GLYCOL  ETHANOL 70% PEPPERMINT IL PARAFINUM LIQUIDIUM.  CLOVE OIL    THYME OIL    ACETYLATED LANOLIN    DIAZOLIDINYL  UREA DIMETHICONE  ?HT,SMARTEC > EVOKA PHARMA,MASSAGE GEL,TOPICAL,59.0,menthol,1
MOBINORM CREAM 120 GM,موبينورم,CAMPHOR+HORSE CHESTNUT+ROSEMARY OIL+LEMON GRASS OIL+PEPPERMINT OIL+MENTHOL,EGYPTIAN CO. FOR COSMETICS (E.C.C.) > INFINITY PHARM,MASSAGE CREAM,TOPICAL,100.0,menthol,1
MOBINORM CREAM 60 GM,موبينورم,CAMPHOR+HORSE CHESTNUT+ROSEMARY OIL+LEMON GRASS OIL+PEPPERMINT OIL+MENTHOL,EGYPTIAN CO. FOR COSMETICS (E.C.C.) > INFINITY PHARM,MASSAGE CREAM,TOPICAL,75.0,menthol,1
MOBINORM SPRAY 120 ML,موبينورم,EUCALYPTUS OIL+CLOVE OIL+ALMOND OIL+MENTHOL+CAMPHOR+PEPPERMINT OIL+THYME+CINNAMON OIL,EGYPTIAN CO. FOR COSMETICS (E.C.C.) > INFINITY PHARM,MASSAGE CREAM,SPRAY,120.0,menthol,1
MONTANA MOUTH WASH 200 ML,مونتانا موث واش,CHLORHEXIDINE+THYMOL+MENTHOL+SORBITOL+GLYCERIN+POTASSIUM SORBATE,HI-CARE > PHARMAVERA,ORAL CARE,MOUTH,14.0,menthol,1
MOOV MASSAGE CREAM 40 GM,موف ماسساجي,CAMPHOR+CAMPHOR OIL+MENTHOL+METHYL SALICYLATE+CAPSICUM OLEORESIN,EVA PHARMA,ANALGESIC.ANTIRHEUMATIC,TOPICAL,35.0,menthol,1
MOSCOW MASSAGE CREAM 100 GM,موسكوو ماسساجي,GLUCOSAMINE+METHYL SALICYLATE+MENTHOL+CAMPHOR+VITAMIN C+EMU OIL+OMEGA3,HI CARE > TETRAPHARM,MASSAGE CREAM,TOPICAL,110.0,menthol,1
MOSCOW MASSAGE CREAM 50 GM,موسكوو ماسساجي,GLUCOSAMINE+METHYL SALICYLATE+MENTHOL+CAMPHOR+VITAMIN C+EMU OIL+OMEGA3,HI CARE > TETRAPHARM,MASSAGE CREAM,TOPICAL,85.0,menthol,1
MOURINZE 30ML MOUTH SPRAY,مورينزي موث,ECHINACEA -TEA TREE OIL-MENTHOL - ALOVERA,SMARTEC > ALPHA CEUTICAL PHARMA,NASAL SPRAY,SPRAY,110.0,menthol,1
MOVAREST  120 GM GEL,موفاريست,EUCALYPTUS OIL+MENTHOL+AVOCADO OIL+CAMPHOR OIL+CLOVE EXTRACT+PEPPERMINT OIL,EGYPTIAN COMPANY FOR COSMETICS > IX PHARMA,MASSAGE GEL,TOPICAL,145.0,menthol,1
MOVAREST  60 GM GEL,موفاريست,EUCALYPTUS OIL+MENTHOL+AVOCADO OIL+CAMPHOR OIL+CLOVE EXTRACT+PEPPERMINT OIL,EGYPTIAN COMPANY FOR COSMETICS > IX PHARMA,MASSAGE  GEL,TOPICAL,75.0,menthol,1
MOVARIO MASSAGE SPRAY 120 ML,موفاريو ماسساجي,MENTHOL+CAMPHOR+THYMOL+EUCALYPTUS,EGYPTIAN CO. FOR COSMETICS (E.C.C.) > BIOHEALTH COMPANY FOR MEDICINES,MASSAGE,SPRAY,120.0,menthol,1
MOVELEX ACTIVE MASSAGE FOAM 200 ML,موفيليكس أكتيفي ماسساجي,EMU OIL+ALOE VERA EXTRACT+BOSWELLIA EXTRACT+NIGELLA SATIVA SEED OIL+MENTHOL OIL EXTRACT,NIKIM > MAJESTIC BIOPHARMA,MASSAGE,SPRAY,295.0,menthol,1
MOVINAZ GEL 50 GM,موفيناز,METHYLSALICYLATE-MSM-MENTHOL-CAMPHOR-EUCALYPTUS-CLOVE-PEPPERMINT OIL,DBK PHARMA > MEDLIFE,MASSAGE GEL,TOPICAL,37.0,menthol,1
MOVULA FREEZE  SPRAY 100ML,موفولا فريزي,MENTHOL CRYSTALS+CAMPHOR OIL+EUCALYPTUS OIL+ALLANTOIN+PANTHENOL+GLYCERIN+TOCOPHEROL,SMARTEC > PHARMULA INTERNATIONAL FOR PHARMACEUTICAL INDUSTRIES,MASSAGE SPRAY,UNKNOWN,69.0,menthol,1
MOYAZONE BODY LOTION 100 ML,مويازوني بودي,ZINC OXIDE+HONEY+D-PANTHENOL+PROPOLIS+OLIVE OIL+TEE TREE OIL+MENTHOL OIL+LAVENDER+VITAMIN E+LANOLINE+GLYCERIN,ITALIAN COSMETICS CO. > IVET,SKIN MOISTURIZING LOTION,ORAL.LIQUID,25.0,menthol,1
MUNDOHEX MOUTH REFRESHENER SPRAY 60 ML,موندوهيكس موث ريفريشينير,PROPYLENE GLYCOL+SODIUM BENZOATE+THYME EXTRACT+CLOVE EXTRACT+MENTHOL,ITALIAN COSMETICS > OBJECTIVE PHARM,MOUTH REFRESHENER SPRAY,UNKNOWN,79.0,menthol,1
MUVISTA MASSAGE GEL 50 GM,موفيستا ماسساجي,CAMPHOR+MENTHOL,CHEMICA > NOVA PHARMA,MASSAGE CREAM,TOPICAL,90.0,menthol,1
MUVISTA MASSAGE GEL 50 SACHET,موفيستا ماسساجي,CAMPHOR+MENTHOL,CHEMICA > NOVA PHARMA,MASSAGE,EFF,250.0,menthol,1
MYOCOOL CREAM 100 GM,ميوكول,MENTHOL+PEPPERMINT OIL+SALICYLIC ACID+EUCALYPTUS OIL+CLOVE OIL+CAMPHOR OIL,LEADER COSMETICS > PUREX HEALTH CARE,MASSAGE CREAM,TOPICAL,135.0,menthol,1
MYOCOOL CREAM 60 GM,ميوكول,MENTHOL+PEPPERMINT OIL+SALICYLIC ACID+EUCALYPTUS OIL+CLOVE OIL+CAMPHOR OIL,LEADER COSMETICS > PUREX HEALTH CARE,MASSAGE CREAM,TOPICAL,95.0,menthol,1
MYOCOOL MASSAGE SPRAY 200 ML,ميوكول ماسساجي,MENTHOL+EUCALYPTUS+PEPPERMINT+BOSWELLIA+GINGER EXT.+CAMPHOR+RED GRAPE EXT.+VITAMIN K,LEADER COSMETICS > PUREX HEALTH CARE,MASSAGE,SPRAY,295.0,menthol,1
NANO FLEX 50 GM GEL,نانو فليكس,BOSWELLIA SERRATA RESIN EXTRACT+MENTHOL+EUCALYPTUS OIL+LECITHIN+POLYSORBATE 80+SORBITAN STEARATE,DREAMS ELHABOBA > MODERN NANO,MASSAGE CREAM,TOPICAL,189.0,menthol,1
NANOBEE 30 ML SPRAY,نانوبي,SEA WATER+HYALURONIC ACID+DEXAPANTHINOL+MENTHOL+EUCALYPTUS+ALOVERA,SINA FOR COSMETICS > HEXAGONPHARM,MOISTURISING AND CLEANING,UNKNOWN,95.0,menthol,1
NATUREST  100GM GEL,ناتوريست,VITAMIN E+OMEGA 3+OMEGA 6+PANTHENOL+EUCALYPTUS OIL+MENTHOL OIL+CAMPHOR OIL+PEPPERMINT OIL,NILE COSMETICS > NPCO  PHARMA,ANALGESIC   ANTI INFLAMMATORY GEL,TOPICAL,95.0,menthol,1
NEORUB 100 ML SPRAY,نيوروب,MENTHOL+CAMPHOR,SMARTEC > NEO PHARMA,MASSAGE SPRAY,SPRAY,120.0,menthol,1
NEORUB GEL 100 GM,نيوروب,MENTHOL+CAMPHOR,SMARTEC > NEO PHARMA,MASSAGE GEL,ORAL.SOLID,120.0,menthol,1
NEWARWAY 50GM MASSAGE GEL,نيوارواي ماسساجي,CAMPHOR+OIL OF WINTER GREEN+MENTHOL,LEVEN > ALEX PHARMACEUTICAL  01096870089,MASSAGE GEL,TOPICAL,85.0,menthol,1
NEXIMAZ MASSAGE CREAM 50GM,نيكسيماز ماسساجي,MENTHOL CRYSTALS+PEPPERMINT OIL+EUCALYPTUS OIL+CAMPHOR OIL,DBK FOR PHARMACEUTICAL INDUSTRIES > ALMAZ PHARMA,MASSAGE CREAM,TOPICAL,45.0,menthol,1
NIRAMAR FEMININE INTIMATE WASH 120 ML,نيرامار فيمينيني إنتيماتي واش,TRICLOSAN+MENTHOL+PROPOLIS+TEA TREE OIL+ALOE VERA EXTRACT+CHAMOMILE EXTRACT.,HI-CARE > OCTABIOTIC PHARMA,VAGINAL CARE,VAGINAL,19.0,menthol,1
NIRENA INTIMATE FEMININE WASH 250ML,نيرينا إنتيماتي فيمينيني واش,ALOE VERA EXTRACT+THYME EXT+CHAMOMILE EXT+ROSE EXT+SAGE OIL+MENTHOL+TRICLOSAN+CITRIC ACID+GLYCERIN,HI-CARE > SCIN.OFF SCIENTIFIC OFFICE,VAGINAL WASH,VAGINAL,67.0,menthol,1
NO PLAC MOUTH WASH 250 ML,نو بلاك موث واش,CHLORHEXIDINE+SODIUM MONOFLUROPHOSPHATE+SODIUM CITRATE+SODIUM BORATE+DIMETHICONE+MENTHOL CRYSTALS,CITY PHARMA > COSMO PACK,ORAL CARE,MOUTH,25.0,menthol,1
NODOULEUR TOPICAL CREAM 120 GM,نودوليور,EUCALYPTUS OIL+MENTHOL OIL+CAMPHOR OIL+CLOVE OIL+THYMOL OIL,EGYPTIAN CO. FOR COSMETICS > BEAM PHARMA,MASSAGE CREAM,TOPICAL,100.0,menthol,1
NODY ORAX MOUTH SPRAY 60 ML,نودي أوراكس موث,CLOVE OIL+MENTHOL OIL+CHLORHEXIDINE+CINNAMON OIL+VIT E,ITALIAN CO. FOR COSMETICS > S3R PHARMA,ORAL CARE,SPRAY,50.0,menthol,1
NOPEL CREAM 150 GM,نوبيل,EMU OIL+MENTHOL CRYSTALS,HI-CARE > GO SCIENTIFIC OFFICE,ANALGESIC,TOPICAL,48.0,menthol,1
NORMO-STRIKE MASSAGE CREAM 100 GM,نورمو-ستريكي ماسساجي,MENTHOL+PEPPERMINT+EUCALYPTUS+CLOVE+AVOCADO+GLYCERIN,AUG PHARMA,MASSAGE CREAM,TOPICAL,80.0,menthol,1
NOVORAL 60 ML SPRAY,نوفورال,CETYLPYRIDINIUM CHLORIDE+MENTHOL+CLOVE OIL+VITAMIN C+EUCALYPTUS,SMARTEC PHARMACEUTICAL AND COSMETICS > MEDIXIR PHARMA,MOUTH SPRAY,UNKNOWN,75.0,menthol,1
NOX TOPICAL LOTION 120ML,نوكس,ZINC OXIDE+MENTHOL CRYSTALS+THYME OIL+COCONUT OIL+GLYCERIN+BEESWAX+STEARIC ACID+CETYL ALCOHOL+ISOPRO,LEADER COSMETICS > A-ONE PHARMA,SOOTHING TOPICAL,UNKNOWN,9.75,menthol,1
NOXBAN GEL 50 GM,نوكسبان,MENTHOL CRYSTALS+TRICLOSAN+TEA TREE OIL,HI-CARE > BIO HEALTH,ANTI-ACNE,TOPICAL,38.0,menthol,1
NRZIVA VAGINAL CLEANSER 250 ML,نرزيفا كليانسير,THYME+TRICLOSAN+CITRIC ACID+MENTHOL+GASMIN ODOR+PANTHENOL+TEA TREE OIL,HI CARE > IPI,VAGINAL CARE,VAGINAL,35.0,menthol,1
NUTRA-MASS MASSAGE CREAM 100 GM,نوترا-ماسس ماسساجي,CAMPHOR+MENTHOL+EUCALYPTUS OIL+ALMOND OIL+SILICA+ETHYL HEXYL PALMITATE,NILE COSMETICS > NUTRAMED,MASSAGE CREAM,TOPICAL,55.0,menthol,1
OCHAIR ELEGANCE MASSAGE GEL 100 GM,أوتشاير إليجانسي ماسساجي,CAMPHOR OIL+EUCALYPTUS OIL+MENTHOL OIL+PANTHENOL+GLYCERIN+PEPPERMINT OIL+PARAFFIN OIL,ITALIAN COSMETICS COMPANY > ELEGANCE PHARM,MASSAGE CREAM,TOPICAL,70.0,menthol,1
OCTE MACRO ORAL SPRAY 30 ML,أوكتي ماكرو أورال,OCTETINIDINE+EUCALYPTOL+METHYL SALICYLATE+THYMOL+MENTHOL+CHAMOMILE EXTRACT+GREEN TEA EXTRACT,MACRO GROUP PHARMACEUTICALS,ORAL CARE,SPRAY,60.0,menthol,1
OCTE-MACRO MOUTHWASH 250 ML,أوكتي-ماكرو,OCTETINIDINE+EUCALYPTOL+METHYL SALICYLATE+THYMOL+MENTHOL+PEPPERMINT OIL+PEPPERMINT OIL,MACRO GROUP PHARMACEUTICALS,ORAL CARE,MOUTH,80.0,menthol,1
ODORAL MOUTH WASH 200 ML,أودورال موث واش,CHLORHEXIDINE+CHAMOMILE+MENTHOL,MIDDLE EAST PHARM. IND. > HEALTH POWER PHARMACEUTICALS,ORAL CARE,MOUTH,59.0,menthol,1
OHMA CARE GUM SOLUTION 120 ML,أوهما كاري جوم,MENTHOL+THYMOL+TEA TREE OIL+CHAMOMIL EXTRACT+CHLORHEXIDINE,EGYPTIAN COMPANY FOR COSMETICS > OHMAN PHARMA,ORAL CARE,UNKNOWN,15.0,menthol,1
OMERINO MASSAGE GEL,أوميرينو ماسساجي,MENTHOL+GLUCOSAMINE+CAMPHOR OIL+METHYEL,HI CARE > HEALTH LIFE,MASSAGE GEL,TOPICAL,50.0,menthol,1
OMIT-C MOUTH SPRAY 60ML,أوميت-ك موث,MENTHOL+THYMOL+VITAMIN C+CETRIMIDE+CHLORHEXIDINE GLUCONATE+PROPOLIS+CLOVE OIL+GLYCERIN,HI-CARE > FALCON GROUP,ORAL CARE,MOUTH,49.5,menthol,1
ONECEUTIK 50 GM GEL,أونيسيوتيك,MENTHOL+OLIVE OIL+CAMPHOR OIL+ALCOHOL,VETALITY > ZOLOX,MASSAGE CREAM,TOPICAL,85.0,menthol,1
OPTAPRO MASSAGE GEL 100 GM,أوبتابرو ماسساجي,MENTHOL+PANTHENOL+CLOVE OIL+MAGNESIUM+BOSWELLIA+WINTERGREEN OIL+ROSEMARY OIL+PEPPERMINT+OMEGA 3+CAMPHOR OIL+NIGELLA SATIVA+EUCALYPTUS OIL,> OPTIMED,MASSAGE,TOPICAL,150.0,menthol,1
ORA-DENT MOUTH WASH 120ML,أورا-دينت موث واش,THYMOL+EUCALYPTOL+MENTHOL+AMINO FLUORIDE,LEADER COSMETICS > LEADERS PHARMA,ORAL CARE,MOUTH,25.0,menthol,1
ORA.ZED MOUTH WASH 120ML,أورا.زيد موث واش,MENTHOL+CINNAMON OIL+CLOVE OIL,TOP.Z PHARMA,ORAL CARE,MOUTH,40.0,menthol,1
ORACIN MOUTH WASH 120 ML,أوراسين موث واش,TEGOSORB+THYMOL+CHLORHEXIDINE+EUGENOL+MENTHOL+METHYL SALICYLATE+METHYL HYDROXY BENZOATE+SODIUM BENZO,PANAX PHARMA,ORAL CARE,MOUTH,49.0,menthol,1
ORACIN MOUTH WASH 240 ML,أوراسين موث واش,TEGOSORB+THYMOL+CHLORHEXIDINE+EUGENOL+MENTHOL+METHYL SALICYLATE+METHYL HYDROXY BENZOATE+SODIUM BENZO,PANAX PHARMA,ORAL CARE,MOUTH,64.0,menthol,1
ORACIN VERDE MOUTH WASH 125ML,أوراسين فيردي موث واش,TEGOSORB+THYMOL+CHLORHEXIDINE+EUGENOL+MENTHOL+METHYL SALICYLATE+METHYL HYDROXY BENZOATE+SODIUM BENZO,PANAX PHARMA,ORAL CARE,MOUTH,49.0,menthol,1
ORACOOLNEX 60 ML MOUTH WASH,أوراكولنيكس موث واش,HONEY- CLOVE OIL-TEA TREE OIL-MENTHOL,SMARTEC > ALPHA CEUTICAL PHARMA,MOUTH REFRESH,UNKNOWN,85.0,menthol,1
ORAFRESH MOUTH WASH 120ML,أورافريش موث واش,CHLORHEXIDINE GLUCONATE+MENTHOL CRYSTALS+SODIUM LAURYL SULFATE+GLYCEROL+PEPPERMINT FLAVOUR+ETHANOL+D,EGYPTIAN COMPANY FOR COSMETICS > PEARLA PHARM,ORAL CARE,MOUTH,44.95,menthol,1
ORAMELLA  60 ML MOUTH SPRAY,أوراميللا موث,CHLORHEXIDINE+EUCALYPTUS OIL+MENTHOL CRYSTAL+JOJOBA OIL THAYMUS OIL+TOCOPHEROL,NILE COSMETICS > P PHARM,MOUTH SPRAY,UNKNOWN,49.0,menthol,1
ORASTRINE MOUTHWASH 200 ML,أوراستريني,EUCALYPTOL+MENTHOL+METHYL SALICYLATE+THYMOL,ADWIA,MOUTH WASH,MOUTH,29.0,menthol,1
ORAXICAPITAL  250ML MOUTH WASH,أوراكسيكابيتال موث واش,PEG-40 HYDROGENATED CASTOR OIL+GLYCERIN+SODIUM SACCHARIN+AROMA+MENTHOL+SODIUM FLUORIDE+CHLORHEXIDINE DIGLUCONATE+THYMOL+SODIUM BENZOATE,SMARTEC PHARMACEUTICAL AND COSMETICS > AL ARABY PHARMACEUTICAL FOR TRADING AND MANUFACTURING,MOUTHWASH,MOUTH,75.0,menthol,1
ORENTAL-C ORAL SPRAY 60 ML,أورينتال-ك أورال,MENTHOL+THYMOL+VITAMIN C+CETRIMIDE+CHLORHEXIDINE GLUCONATE+PROPOLIS+GLYCERIN,HI-CARE > FARMASO,ORAL CARE,SPRAY,25.0,menthol,1
ORIANNA VAG.DOUCHE 240 ML,أورياننا فاج,PROPYLENE GLYCOL+TEA TREE OIL+CHAMOMILE EXTRACT+CHLORHEXIDINE GLUCONATE+MENTHOL CRYSTALS,EGYPTIAN COMPANY FOR COSMETICS > EXCEL PHARMA,VAGINAL WASH,VAGINAL,29.0,menthol,1
ORIANNA VAG.SPRAY 120ML,أورياننا فاج,PROPYLENE GLYCOL+TEA TREE OIL+CHAMOMILE EXTRACT+CHLORHEXIDINE GLUCONATE+MENTHOL CRYSTALS,EGYPTIAN COMPANY FOR COSMETICS > EXCEL PHARMA,VAGINAL CARE,VAGINAL,20.0,menthol,1
ORIZZONTE MASSAGE CREAM 100 GM,أوريززونتي ماسساجي,GLYCERIN+ALOE VERA EXTRACT+CAMPHOR+TOCOPHEROL+MENTHOL+CHAMOMILE EXTRACT+CLOVE OIL+VITAMINE C+POMEGRANATE EXTRACT+STEARIC ACID+CETYL ALCOHOL+TRIETHANOLAMINE,DREAMS EL HABOBA > ALWADY PHARMACEUTICAL CO. (ALPAC),MASSAGE CREAM,TOPICAL,54.0,menthol,1
ORIZZONTE MASSAGE CREAM 40 GM,أوريززونتي ماسساجي,GLYCERIN+ALOE VERA EXTRACT+CAMPHOR+TOCOPHEROL+MENTHOL+CHAMOMILE EXTRACT+CLOVE OIL+VITAMINE C+POMEGRANATE EXTRACT+STEARIC ACID+CETYL ALCOHOL+TRIETHANOLAMINE,DREAMS EL HABOBA > ALWADY PHARMACEUTICAL CO. (ALPAC),MASSAGE CREAM,TOPICAL,42.0,menthol,1
OROCRISP 60ML  MOUTH SPRAY,أوروكريسب موث,CHLORHEXIDINE+THYME+MENTHOL+CLOVE+HYALURONIC ACID+DISODIUM PHOSPHATE+GLYCYRRHETINIC ACID+MENTHA PIPERITA OIL+CITRIC ACID+POTASSIUM SORBATE+SALICYLIC ACID+EUGENIA CARYOPHYLLUS OIL+ALOE BARBADENSIS EXTRACT+PROPYLENE GLYCOL+SORBITOL+AQUA+PARFUM,DREAMS ALHABUBAH > EGYHEART INTERNATIONAL PHARMACEUTICAL,MOUTH SPRAY FOR MOUTH CARE,MOUTH,65.0,menthol,1
OROGENG 125 ML MOUTH WASH,أوروجينج موث واش,CHLORHEXIDINE DIACETATE+PEPPERMINT OIL+MENTHOL+TEA TREE EXT+EUGENIA+CLOVE EXT+THYME EXT+CALCIUM PHOSPHATE,EL NILE COSMETICS > BIO NL PHARMA,ANTI BACTRIAL,MOUTH,45.0,menthol,1
OROGENG-H 125 ML MOUTH WASH,أوروجينج-ه موث واش,HYALURONIC ACID+CINNAMOMUM EXT+MENTHOL+CHLORHEXIDINE DIACETATE+SODIUM FLUORIDE+THYME EXT+TEA TREE EXT+EUCALYPTUS EXT+CLOVE EXT+PROPLIS EXTRACT+PEPPERMINT OIL,DREAMS EL HABBOBA > BIO NL PHARMA,ANTIBACTERIAL,MOUTH,79.0,menthol,1
OROKING-C 50 ML MOUTH SPRAY,أوروكينج-ك موث,PROPOLIS EXT+CHAMOMIL EXT+HYALURONIC ACID+CALENDULA EXT+CALENDULA EXT+CLOVE EXT+VITAMIN C+MENTHOL+GREEN TEA EXT+THYMOL+EUCALYPTUS+PEPPERMINT OIL,DREAMS EL HABBOBA > BIO NL PHARMA,MOUTH SPRAY,UNKNOWN,65.0,menthol,1
OROMAP SPRAY 60ML,أوروماب,CLOVE OIL+HAYALURONIC ACID+MENTHOL+EUCALYPTUS OIL+CHOLOROHEXIDIN,NILE COSMOTIC > SMS PHARMA,ORAL FRESH,ORAL.LIQUID,65.0,menthol,1
OROTALEN_GAURD 60 ML MOUTH SPRAY,أوروتالين_جورد موث,CLOVE OIL+MENTHOL+THYME OIL+GINGER OIL+CHAMOMILE+SAGE OIL+HERBAL EXTRACTS,DREAMS EL HABOBA > TALENO PHARMA,MOUTH SPRAY,UNKNOWN,70.0,menthol,1
OROVEX CLOVE MOUTH WASH 250 ML,أوروفيكس كلوفي موث واش,THYMOL+MENTHOL+GLYCERIN+SODIUM SACCHARINE+SODIUM MONOFLUOROPHOSPHATE+CHLORHEXIDINE,MACRO GROUP PHARMACEUTICALS,ORAL CARE,MOUTH,95.0,menthol,1
OROVEX DELICATE MOUTH WASH 250 ML,أوروفيكس ديليكاتي موث واش,THYMOL+MENTHOL+GLYCERIN+SODIUM SACCHARINE+SODIUM FLUORIDE+EUGENOL+POTASSIUM CITRATE+CETYLPYRIDINIUM CHLORIDE,MACRO GROUP PHARMACEUTICALS,ORAL CARE,MOUTH,100.0,menthol,1
OROVEX MISWAK MOUTH WASH 250 ML,أوروفيكس ميسواك موث واش,THYMOL+MENTHOL+GLYCERIN+SODIUM SACCHARINE+SODIUM MONOFLUOROPHOSPHATE+CHLORHEXIDINE,MACRO GROUP PHARMACEUTICALS,ORAL CARE,MOUTH,100.0,menthol,1
OROVEX MOUTH WASH 120 ML,أوروفيكس موث واش,THYMOL+MENTHOL+GLYCERIN+SODIUM SACCHARINE+SODIUM MONOFLUOROPHOSPHATE+CHLORHEXIDINE,MACRO GROUP PHARMACEUTICALS,ORAL CARE,MOUTH,45.0,menthol,1
OROVEX MOUTH WASH 250 ML,أوروفيكس موث واش,THYMOL+MENTHOL+GLYCERIN+SODIUM SACCHARINE+SODIUM MONOFLUOROPHOSPHATE+CHLORHEXIDINE,MACRO GROUP PHARMACEUTICALS,ORAL CARE,MOUTH,95.0,menthol,1
OROVEX SMOKERS MOUTH WASH 250 ML,أوروفيكس سموكيرس موث واش,THYMOL+MENTHOL+GLYCERIN+SODIUM SACCHARINE+SODIUM MONOFLUOROPHOSPHATE+CHLORHEXIDINE,MACRO GROUP PHARMACEUTICALS,ORAL CARE,MOUTH,100.0,menthol,1
OROVEX-H MOUTH WASH 150 ML,أوروفيكس-ه موث واش,SODIUM HYALURONATE+THYMOL+MENTHOL+GLYCERIN+CHLORHEXIDINE+ALOE+CALENDULA+CHAMOMILE+EUCALYPTUS,MACRO GROUP PHARMACEUTICALS,ORAL CARE,MOUTH,175.0,menthol,1
OROVIVE MOUTH WASH  250 ML,أوروفيفي موث واش,METHYL SALICYLATE+MINT FLAVOR+POLOXAMER407+SODIUM PHOSPHATE+MENTHOL+THYMOL+FLURIDE+BENZOIC ACID,ITALIAN > KEMICAL,MOUTH WASH,UNKNOWN,75.0,menthol,1
OSOSAGE MASSAGE GEL 50GM,أوسوساجي ماسساجي,CAMPHOR EX+MENTHOL EX+EUCALYPTUS+THYME EX,DREAMS ELHABOBA > TRUE CARE PHARMA,MASSAGE GEL,TOPICAL,50.0,menthol,1
OTTELIA LIQUI-GEL FEMININE WASH 200 ML,أوتتيليا ليكوي- فيمينيني واش,CITRIC ACID+ASCORBIC ACID+ROSEMARY EXT.+THYMOL+MENTHOL CRYSTALS+CHAMOMILE EXT.+GLYCERIN+,COSMOPACK > PURE PHARMA,VAGINAL CARE,VAGINAL,40.0,menthol,1
OXASEIRO MASSAGE CREAM 75GM,أوكساسايرو ماسساجي,MENTHOL+CAMPHOR+EUCALYPTUS OIL+EUGENIA,EL NIL FOR PHARMACEUTICAL INDUSTRY > OXALA PHARMACEUTICAL COMPANY,MASSAGE CREAM,TOPICAL,80.0,menthol,1
PACIFY MASSAGE CREAM 50 GM,باسيفي ماسساجي,EUCALYPTUS OIL+MENTHOL+CAMPHOR OIL+GLYCERIN,ITALIAN CO. FOR COSEMETICS > CORE PHARM,MASSAGE CREAM,TOPICAL,75.0,menthol,1
PAN-D TOPICAL LOTION 120ML,بان-د,ZINC OXIDE+CAMPHOR+MENTHOL+GLYCEROL,HI-CARE > PRIMA PHARM,SKIN CARE.SOOTHING,UNKNOWN,60.0,menthol,1
PANDA CREAM 40 GM,باندا,BOSWELLIN+ESCIN+BROMELAIN+TOCOPHEROL NICOTINATE+MENTHOL+ARNICA MONTANA,EL HELOU CO (HEALTHY GROUP) > XTRAMED,MASSAGE,TOPICAL,50.0,menthol,1
PARISHIA STAR 100 GM MASSAGE GEL WITH BEE VENOM,باريشيا ستار ماسساجي ويث بي فينوم,MENTHOL+CINNAMOMUM CAMPHORA BARK OIL+BEE VENOM+CETYL ALCOHOL+CETEARYL ALCOHOL+STEARIC ACID+GLYCERYL STEARATE+METHYLPARABEN+PROPYLPARABEN+TRIETHANOLAMINE+GLYCERIN+WATER+METHYL SALICYLATE+ARNICA EXTRACT+CHILI OIL,NILE COSMETICS FACTORY > PARISHIA PHARMA,MASSAGE GEL,TOPICAL,250.0,menthol,1
PEDIA TOPICAL SPRAY 100 ML,بيديا,ALOE VERA+CHLORHEXIDINE+MENTHOL+PANTHENOL+CHAMOMILE+BEE PROPOLIS+TEA TREE OIL+GLYCERIN,HI-CARE > PEDIA PHARMA,ANTISEPTIC,UNKNOWN,25.0,menthol,1
PEDRO MOUTH SPRAY 60 ML,بيدرو موث,CLOVE+MENTHOL+CHAMOMILE+TEA TREE OIL,EGYPTIAN COMPANY FOR COSMETICS > BELLEZZA PHARMA GROUP,ORAL CARE,SPRAY,70.0,menthol,1
PELEMBAB MASSAGE GEL,بيليمباب ماسساجي,CAMPHOR+EUCALYPTUS OIL+MENTHOL,NILE > YOJEEN,MASSAGE CREAM,TOPICAL,49.0,menthol,1
PENDO CALM RAISE 100 ML LOTION,بيندو كالم رايسي,ZINC OXIDE+THYMUS EXTRACT+CAMPHOR+GLYCERINE+MENTHOL+CHAMMOMILLA EXTRACT+CALAMINE+PHENXYETHANOL,SMARTEC PHARMACEUTICAL AND COSMETICS > AL ARABY PHARMACEUTICAL FOR TRADING AND MANUFACTURING,SKIN LOTION,UNKNOWN,60.0,menthol,1
PENTA-5 OIL 10 SACHETS,بينتا-5 أويل,CLOVE OIL+OLIVE OIL+MENTHOL OIL+PEPPERMINT OIL+B.H.A+EUCALYPTUS OIL+ISOPROPYL ALCOHOL,EL-HELOU PERFUMES & COSMETICS > UNISWAB,MASSAGE,UNKNOWN,95.0,menthol,1
PENTANORM  75GM MASSAGE GEL,بينتانورم ماسساجي,CAMPHOR+MENTHOL+EUCALYPTUS OIL+GINKO BILOBA+PIPERMENT OIL+PANTHENOL,EL NILE > PENTA GRAND PHARMA,SKIN MASSAGE GEL,TOPICAL,87.0,menthol,1
PENTASEED FREEZE 50 GM GEL,بينتاسيد فريزي,CAMPHOR 3%+MENTHOL 5%+METHYL SALICYLATE+ESCIN+MAGNESIUM+OMEGA 3+6 ACIDS+BROMELAIN+BOSWELLIA EXTRACT,ELLYU LABORATORY > PHARMA PENTA AGRO,ANALGESIC   ANTI INFLAMMATORY AND COUNTER IRRITANT,TOPICAL,95.0,menthol,1
PEPRICLO MOUTH SPRAY 50 ML,بيبريكلو موث,CLOVE OIL+THYMOL+CHAMOMILE EXTRACT+MENTHOL+GREEN TEA EXTRACT,ITALIAN COSMETICS COMPANY > AMAZON PHARM,ORAL CARE,MOUTH,79.0,menthol,1
PERFECTION MASSAGE GEL 50 G,بيرفيكتيون ماسساجي,MENTHOL+PEPPERMINT OIL+CAMPHOR+CLOVE+EUCALYPTUS,SMARTEC PHARMACEUTICALS AND COSMETICS > PERFECTION PHARMACEUTICAL,MASSAGE GEL,TOPICAL,65.0,menthol,1
PERFORM TOP. GEL 25 GM,بيرفورم توب,MENTHOL+CAMPHOR,HI-CARE > INTERNATIONAL MEDICAL GUIDE,MASSAGE CREAM,TOPICAL,9.9,menthol,1
PERPDEL 100 GM MASSAGE GEL,بيربديل ماسساجي,CAMPHOR OIL+MENTHOL CRYSTALS+EUCALYPTUS OIL+ALLANTOIN+ALMOND OIL,ECC > ATLANTIC GROUP,MASSAGE GEL,TOPICAL,79.0,menthol,1
PHARCO-VAP OINT.,فاركو-فاب,CAMPHOR+EUCALYPTUS OIL+MENTHOL+METHYL SALICYLATE+THYMOL,PHARCO,.,TOPICAL,6.25,menthol,1
PHYSICOOL MASSAGE GEL 120 GM,فيسيكول ماسساجي,CAMPHOR OIL+MENTHOL+EUCALYPTUS+CLOVE+PEPPERMINT,EGYPTIAN CO. FOR COSMETICS > BIOHEALTH COMPANY FOR MEDICINES,MASSAGE,TOPICAL,125.0,menthol,1
PITANASABRANDIA 60 ML SPRAY,بيتاناسابرانديا,HYALURONIC ACID+PANTHENOL+ALOE VERA EXTRACT+EUCALYPTUS+MENTHOL+VITAMIN A+VITAMIN E+WHEAT GERM OIL+GLYCERINE+CHLORHEXIDINE,BRAND INTERNATIONAL FSC > ALICO PHARMA,ORAL SPRAY,UNKNOWN,60.0,menthol,1
PLATINA MOUTH WASH 200 ML,بلاتينا موث واش,H2O2+CHLOROHEXIDINE+MENTHOL+HYALURONIC ACID,ELHELW > HEALTH LIFE,MOUTH WASH,UNKNOWN,38.0,menthol,1
PLUTIAL GEL 60 GM,بلوتيال,MENTHOL+CLOVE OIL+SESAME OIL+LEMON GRASS OIL+EUGENOL+METHYL SALICYLATE+TRICLOSAN+TRIETHANOLAMINE,EGYPTIAN COMPANY FOR COSMETICS > FUSION PHARM,MASSAGE CREAM,TOPICAL,45.0,menthol,1
POCK FREE MOUTHWASH (120 ML),بوك فري,CHITOSAN+CHLORHEXIDEN DIGLUCONATE 20% SOL. (EQ. TO 0.1 GM PURE CHLORHEXIDIN DIGLUCONATE)+CLOVE OIL+MENTHOL CRYSTALLINE+PEPPERMINT OIL+XYLITOL+POLYSORBATE 80+PURIFIED WATER,PANAX PHARMA > GLOBAL NANO SOLUTIONS,MOUTHWASH,MOUTH,94.0,menthol,1
POLAR FROST COLD GEL 150 ML,بولار فروست كولد,MENTHOL,NIVA MEDICAL > AL KAMAL IMPORTING & MARKETING CO,ANALGESIC,TOPICAL,125.0,menthol,1
POLAR FROST COLD ROLL-ON 75 ML,بولار فروست كولد رولل-أون,MENTHOL,NIVA MEDICAL > AL KAMAL IMPORTING & MARKETING CO,ANALGESIC,TOPICAL,125.0,menthol,1
POLAR FROST COLD SPRAY 220 ML,بولار فروست كولد,MENTHOL,NIVA MEDICAL > AL KAMAL IMPORTING & MARKETING CO,ANALGESIC,TOPICAL,125.0,menthol,1
POLYICE SPRAY 100 ML,بولييسي,MENTHOL,UK MEDICA LIMITED > WALFARM,ANALGESIC,SPRAY,70.0,menthol,1
POLYVANCE 60 GM GEL,بوليفانسي,MENTHOL CRYSTAL+AESCIN+EUCALYPTUS+TEA TREE OIL+POMEGRANATESEED OIL+VITAMIN E+GINGER+CAMPHOR+THYMUS OIL+CLOVE OIL,BEAUT-ITALY > SOBIK PHARMA,MASSAGE GEL,TOPICAL,85.0,menthol,1
POMECARE MOUTH WASH 250ML,بوميكاري موث واش,POMEGRANATE+TEA TREE OIL+ALOE VERA+CLOVE OIL+MENTHOL,BRAND INTERNATIONAL FSC > HEALTHY CARE,MOUTH WASH,MOUTH,35.0,menthol,1
POMIRJA GEL 100 GM,بوميرجا,MENTHOL CRYSTALS+VITAMIN E +CAMPHOR OIL+EUCALYPTUS OIL,DREAMS EL HABBOBA > DOCTOR PHARMA,MASSAGE,TOPICAL,229.0,menthol,1
POMIRJA GEL 50 GM,بوميرجا,MENTHOL CRYSTALS+VITAMIN E +CAMPHOR OIL+EUCALYPTUS OIL,DREAMS > DOCTOR PHARMA,MASSAGE,TOPICAL,119.0,menthol,1
POWER FREEZE SPRAY100ML,بووير فريزي سبراي100مل,MAGNESIUM CHLORIDE+MENTHOL+MENTHA PIPERITA OIL+EUCALYPTUS OIL+CINNAMOUM CAMPHORA BARK OIL+CLOVE OIL+ALMOND OIL+THYME OIL+THYMOL,EL NILE FOR COSMETICS > EFFECT PHARMA,MASSAGE SPRAY TOPICAL ANALGESIC,UNKNOWN,85.0,menthol,1
PRATICOMASS GEL MASSAGE 75 GM,براتيكوماسس ماسساجي,MENTHOL+PEPPER MINT OIL+CAMPHOR,EVITA FOR COSMETICS > PRATICO PHARMACEUTICAL,MASSAGE GEL,TOPICAL,49.0,menthol,1
PRESSROL 50GM GEL,بريسسرول,MENTHOL - CAMPHOR - EUCALYPTUS OIL - ROSEMARY - CURCMA - CLOVE OIL - THYME EXTRACT - BOSWELLIA,SMARTEC > GEOXIL PHARMA,MASSAGE GEL,TOPICAL,70.0,menthol,1
PRIMO PLUS TOPICAL LOTION 120 ML,بريمو بلوس,DIMETHICONE+ZINC OXIDE+ALUMINUM AMMONIUM SULFATE+CAMPHOR+MENTHOL+THYME EXTRACT+GLYCERIN,MACRO GROUP PHARMACEUTICALS,SKIN CARE.MOISTURIZING,UNKNOWN,80.0,menthol,1
PRIVADO GOO 75 GM GEL,بريفادو جو,COMPHER OIL+MENTHOL CRYSTALS+EUCALYPTUS OIL,SMART TEC > PRIVADO PHARMA,MASSAGE GEL,TOPICAL,138.0,menthol,1
PRO LINE COOL CREAM 50 MG,برو ليني كول,MENTHOL+CAMPHOR+EUCALYPTUS+EMU+ARANICA+CLOVE,EL NILE FOR COSMETICS > PRO LINE CARE MEDICINE,MASSAGE CREAM,UNKNOWN,35.0,menthol,1
PROACT 50GM MESSAGE CREAM,برواكت ميسساجي,MENTHOL+CAMPHOR,LANA FACTORY FOR TOOTHPASTE AND COSMETICS > MEDICO,MASSAGE CREAM,UNKNOWN,95.0,menthol,1
PROCLEAN ASTRA 250 ML FEMININE WASH,بروكليان أسترا فيمينيني واش,MELALEUCA ALTERNIFIOLIA LEAF OIL+CITRIC ACID+LACTIC ACID+AROMA+THYMOL+GLYCERIN+MENTHOL+ALOE VERA EXTRACT+CAMOMILE EXTRACT+ALCOHOL+SODIUM LAURETH SULFATE+POLYSORBATE 80+COCAMIDOPROPYL BETAINE+COCAMIDE DEA+SODIUM CHLORIDE+METHYL ISOTHIAZOLINE,SMARTEC PHARMACEUTICAL AND COSMETICS > AL ARABY PHARMACEUTICAL FOR TRADING AND MANUFACTURING,FEMININE WASH,VAGINAL,75.0,menthol,1
PROPOLIS C 20 LOZENGES,بروبوليس ك,VITAMIN C+PROPOLIS+MENTHOL+THYME,MARVEL,SORE THROAT,ORAL.SOLID,100.0,menthol,1
PUCLEAN MOUTH WASH 120 ML,بوكليان موث واش,CHLORHEXIDINE+CLOVE EXT.+MENTHOL CRYSTALS,ITALIAN FACTORY > EMC,MOUTH WASH,MOUTH,55.0,menthol,1
PURGE VAGINAL WASH 120 ML,بورجي واش,MENTHOL+THYMOL+PEPPERMINT+CHAMOMILE+EUCALYPTUS+TRICLOSAN+GLYCEROL+PROPYLBETAINE+CHLORHEXIDINE,EGYPTIAN COMPANY FOR COSMETICS > INTERNATIONAL EGYPTIAN CO.,VAGINAL WASH,VAGINAL,15.0,menthol,1
PUTALAXY GEL 50 GM,بوتالاكسي,EUCALYPTUS OIL+METHYL SALICYLATE+CAMPHOR OIL+PEPPERMINT OIL+MENTHOL+PANTHENOL,DREAMS ELHBOBA > WEA PHARMA,MASSAGE GEL,TOPICAL,75.0,menthol,1
PYRACOOL 100 GM MASSAGE GEL,بيراكول ماسساجي,CAMPHOR+EUCALYPTUS+CINNAMON+PEPPERMINT+CLOVE+MENTHOL,DREAMS > NATURAL PYRAMIDS PHARMA,MASSAGE GEL,TOPICAL,120.0,menthol,1
QROCKAL MASSAGE CREAM 50MG,كروكال ماسساجي,MENTHOL+CAMPHOR OIL+EUCALYPTUS OIL+CLOVE OIL+LEMONE FRUIT OIL+PEPPERMINT OIL,NILE COSMATICS > HEMALIFE PHARMACEUTICALS,MASSAGE CREAM,TOPICAL,55.0,menthol,1
QUEBO MASSAGE 60 GM CREAM,كويبو ماسساجي,MENTHOL+METHYL SALICYLATE+EUCALYPTUS OIL+GLYCERIN+VASELINE,NILE COSMETICS > BLU CARE,MASSAGE CREAM,TOPICAL,65.0,menthol,1
QUICK GO 60 GM MASSAGE GEL,كويك جو ماسساجي,CAMPHOR+CARBOMER+MENTHOL CRYSTAL,ECC > GAMMA PHARMACEUTICAL,MASSAGE GEL,TOPICAL,89.0,menthol,1
QUICK GO PLUS 60 GM MASSAGE GEL,كويك جو بلوس ماسساجي,BOSWELLIA EXTRACT+CALENDULA EXTRACT+MENTHOL CRYSTAL,ECC > GAMMA PHARMACEUTICAL,MASSAGE GEL,TOPICAL,99.0,menthol,1
RADELAX MASSAGE CREAM,راديلاكس ماسساجي,CAMPHOR OIL+MENTHOL CRYSTALS+EUCALYPTUS OIL+PANTHENOL+GLYCERIN,DREAMS EL HABOBA > MEDRINA FOR PHARMACEUTICAL INDUSTRIES,MASSAGE CREAM,TOPICAL,95.0,menthol,1
RADIA ROSE CREAM 50 GM,راديا روسي,MENTHOL+CAMPHOR+TRIETHANOLAMINE+SALICYLATES,HI-CARE > HUMAN CARE,MASSAGE CREAM,TOPICAL,54.0,menthol,1
RADIAN MASSAGE CREAM 100 GM,راديان ماسساجي,CAMPHOR+CAMPHOR OIL WHITE+CAPSICUM OLEORESIN+MENTHOL+METHYL SALICYLATE,THORNTON & ROSS LIMITED > ABOUKIR TRADING,MASSAGE CREAM,TOPICAL,42.5,menthol,1
RADIAN MASSAGE CREAM 40 GM,راديان ماسساجي,CAMPHOR+CAMPHOR OIL WHITE+CAPSICUM OLEORESIN+MENTHOL+METHYL SALICYLATE,THORNTON & ROSS LIMITED > ABOUKIR TRADING,MASSAGE CREAM,TOPICAL,20.0,menthol,1
RADIRAVE  80 ML ROLL ON MASSAGE GEL,راديرافي رولل أون ماسساجي,MENTHOL+CINNAMOMUM CAMPHORA OIL+EUGENIA CARYOPHYLLUS BUD OIL+EUCALYPTUS,ORGANIX > BRAVE PHARMA,ROLL ON MASSAGE GEL,TOPICAL,135.0,menthol,1
RADISEAS 60 ML SPRAY,راديسياس,SEA WATER+VITAMIN A+ALOE VERA EXTRACT+GLYCERINE+EUCALYPTUS OIL+VITAMIN E+BENZALKONIUM CHLORIDE+PANTHENOL+HYALURONIC ACID+MENTHOL,EL NILE FACTORY > RADIX PHARMA,SOLUTION,SPRAY,85.0,menthol,1
RAPGADO MASSAGE GEL 100 GM,رابجادو ماسساجي,GLUCOSAMINE SULFATE+CHONDROITIN SULFATE+METHYL SALICYLATE+CAMPHOR+MENTHOL+EUCALYPTUS OIL+CLOVE OIL+HYALURONIC ACID+GINKO BILOBA,DREAMS EL HABBOBA > GAD PHARMACEUTICAL COMPANY,MASSAGE GEL,TOPICAL,55.0,menthol,1
RAPID MASSAGE CREAM 50 GM,رابيد ماسساجي,CAMPHOR+EUCALYPTUS+MENTHOL+CITRILLUS COLOCYNTH,HI-CARE > AVANO PHARMA,MASSAGE,TOPICAL,60.0,menthol,1
RAVETOP VAGINAL DOUCHE 250 ML,رافيتوب,CAMOMILE EXTRACT&GREPFRUIT EXTRACT&MENTHOL&PROPYLEN GLYCOL,ITALIAN CO. FOR COSMETICS > SAFEMED,VAGINAL CARE,VAGINAL,33.0,menthol,1
RAYEN GEL 120 GM,رايين,GLUCOSAMINE+CHONDROITIN SULFATE+MSM+GINGKO+MENTHOL+ETHANOL+PROPYLENE GLYCOL+VITAMIN (C+E)+CAMPHOR+EUCALYPTUS OIL+CLOVE OIL,> HEAVEN PHARMA GROUP,MASSAGE CREAM,TOPICAL,135.0,menthol,1
REBOSS MASSAGE CREAM 30 GM,ريبوسس ماسساجي,CAMPHOR+MENTHOL+METHYL SALICYLATE+EUCALYPTUS,HI-CARE > NOVEX,MASSAGE CREAM,TOPICAL,45.0,menthol,1
REBOSS MASSAGE CREAM 50 GM,ريبوسس ماسساجي,CAMPHOR+MENTHOL+METHYL SALICYLATE+EUCALYPTUS,HI-CARE > NOVEX,MASSAGE CREAM,TOPICAL,70.0,menthol,1
REBOSS SOOTHING LOTION 100 ML,ريبوسس سوثينج,ZINC OXIDE+OLIVE OIL+MENTHOL+GLYCERIN+TITANIUM DIOXIDE+LANOLINE,HI-CARE > NOVEX,SKIN CARE,UNKNOWN,34.0,menthol,1
RECHAMOND GEL 60 GM,ريتشاموند,MENTHOL+CAMPHOR+ISOPROPANOL+TRIETHANOLAMINE+METHYL PARABEN+CARBOMER,HI-CARE > EVAL PHARMA,MASSAGE CREAM,TOPICAL,90.0,menthol,1
REDOMAX CREAM,ريدوماكس,MENTHOL+CLOVE OIL+EUCALYPTUS OIL+CAMPHOR OIL+SWEET ALMOND OIL,COSMOPACK > REVIVE,MASSAGE CREAM,TOPICAL,53.5,menthol,1
REDOMAX PLUS GEL,ريدوماكس بلوس,THYME OIL+CAMPHOR OIL+CLOVE OIL+PEPPERMINT OIL+CINNAMON OIL+BOSWELLIA CARTERII OIL+EUCALYPTUS OIL+PANTHENOL+MENTHOL CRYSTALS+GLYCERIN,ITALIAN FOR COSMETIC PRODUCTS > REVIVE,MASSAGE GEL,TOPICAL,48.0,menthol,1
REFABIO MASSAGE CREAM 60 GM,ريفابيو ماسساجي,PANTHENOL+CAMPHOR OIL+MENTHOL CRYSTALS+AVOCADO OIL+TWEEN 20+DIMETHICONE+CAPRYLIC/CAPRIC TRIGLYCERIDE+METHYLPARABEN+PROPYLPARABEN+GLYCERIN+CETYL ALCOHOL+STEARIC ACID+TRIETHANOLAMINE+GLYCERYL STEARATE,BRAND INTERNATIONAL FSC > GIPICO,MASSAGE CREAM,TOPICAL,60.0,menthol,1
REFROSA FOOT SPRAY 125 ML,ريفروسا فوت,CHLORHEXIDINE+MENTHOL CRYSTALS+PANTHENOL+ALLANTOIN+LINALOOL+LIMONENE+CITRIC ACID,EGPI > PHARMA CRUISE MEDICAL,FOOT CARE,SPRAY,39.0,menthol,1
RELACOMP MASSAGE GEL 100 GM,ريلاكومب ماسساجي,CAMPHOR+MENTHOL+EUCALYPTUS OIL+EMU OIL,EL NILE COSMOTICS > MIRACLE GROUP PHARMACEUTICAL,MASSAGE GEL,TOPICAL,89.0,menthol,1
RELACOMP MASSAGE SPRAY 100 ML,ريلاكومب ماسساجي,CAMPHOR+MENTHOL+EUCALYPTUS OIL+OMEGA 3+OMEGA 6+MAGNESIUM+ZINC OXIDE+VIT B3,NILE COSMETICS > MIRACLE GROUP PHARMACEUTICAL,MASSAGE,SPRAY,120.0,menthol,1
RELAXYCOOL 80ML SPRAY,ريلاكسيكول,MENTHOL+CLOVE+EUCALYPTUS+PEPPERMINT+CAMPHOR+TEA TREE+CANOLA,SMARTEC > LIFE PHARMA INTERNATIONAL,MASSAGE SPRAY,UNKNOWN,69.0,menthol,1
RELIRONZ 50 GM MASSAGE GEL,ريليرونز ماسساجي,MENTHOL+CAMPHOR OIL+CLOVE OIL+HERBAL EXTRACTS+METHYL SALICYLATE+PEPPERMINT OIL,DREAMS EL HABOBA > TALENO PHARMA,MASSAGE GEL,TOPICAL,59.0,menthol,1
RELLYIN CREAM,ريلليين,CAMPHOR EXTRACT+EUCALYPTUS OIL+PANTHENOL+ROSE OILMENTHOL+THYME EXTRACT+,SMARTEC > ORGA MEDICINE TRADING COMPANY,MASSAGE CREAM,TOPICAL,30.0,menthol,1
RELMASSVIBE 100 ML SPRAY,ريلماسسفيبي,TOCOPHEROL+MENTHA PIPERITA OIL+EUGENIA CARYOPHYLLUS BUD OIL+MENTHOL+EUCALYPTUS OIL+CHAMMOMILLA EXTRACT+ALCOHOL,SMARTEC PHARMACEUTICAL AND COSMETICS > AL ARABY PHARMACEUTICAL FOR TRADING AND MANUFACTURING,MASSAGE SPRAY,UNKNOWN,120.0,menthol,1
REMU CARE PLUS (RAYEN) GEL 120 GM,ريمو كاري بلوس,GLUCOSAMINE SULFATE+CHONDROITIN SULFATE+MSM+GINKO BILOBA+MENTHOL+ETHANOL+PROPYLENE GLYCOL+VITAMIN C+,EGYPTIAN COMPANY FOR COSMETICS > HEAVEN PHARMA GROUP,MASSAGE CREAM,TOPICAL,49.5,menthol,1
RENICLAIR NASAL SPRAY 15 ML,رينيكلاير,GLYCEROL+HPMC+EUCALYPTUS OIL+ROSEMARY+THYME+MENTHOL,VITRO-BIO > PAXAL,NASAL DECINGESTANT,SPRAY,370.0,menthol,1
RENTAVA VAGINAL DOUCH 200ML,رينتافا دوتش,TEA TREE OIL+CITRIC ACID+MENTHOL,ITALIAN CO. FOR COSMETICS > LIFE LINE CO,VAGINAL DOUCH,VAGINAL,30.0,menthol,1
REPAION-N GEL 100 GM,ريبايون-ن,CAMPHOR OIL+MENTHOL CRYSTALS+EUCALYPTUS OIL+SALICYLIC ACID,EL HELOU FOR PERFUMES & COSMETICS > SERVILIFE PHARMA,MASSAGE,TOPICAL,125.0,menthol,1
REPAION-N GEL 50 GM,ريبايون-ن,CAMPHOR OIL+MENTHOL CRYSTALS+EUCALYPTUS OIL+SALICYLIC ACID,EL HELOU FOR PERFUMES & COSMETICS > SERVILIFE PHARMA,MASSAGE,TOPICAL,75.0,menthol,1
REPAION-N SPRAY 120 ML,ريبايون-ن,CAMPHOR OIL+MENTHOL CRYSTALS+EUCALYPTUS OIL+SALICYLIC ACID,EL HELOU FOR PERFUMES & COSMETICS > SERVILIFE PHARMA,MASSAGE,SPRAY,130.0,menthol,1
REPARIL ICE APRAY 200 ML,ريباريل إسي أبراي,MENTHOL+CAMPHOR,MYLAN > VIATRIS,MASSAGE,SPRAY,300.0,menthol,1
REPOULA MOUTH SPRAY 60 ML,ريبولا موث,CHLORHEXIDINE DIGLUCONATE+GERANIUM EXTRACT+CLOVE OIL+CETRIMIDE+THYMOL+PROPOLIS EXTRACT+SORBITOL SOLUTION 70%+MENTHOL,SMARTEC PHARMACEUTICAL AND COSMETICS > PHARMULA INTERNATIONAL FOR PHARMACEUTICAL INDUSTRIES,ANTISEPTIC ORAL SPRAY,UNKNOWN,39.0,menthol,1
RESTAGE 250 ML MASSAGE LOTION,ريستاجي ماسساجي,MENTHOL CRYSTAL+METHYL SALICYLATE+CAMPHOR OIL+EUCALYPTUS,VITALITY > SAVI PHARMA,MASSAGE LOTION,TOPICAL,280.0,menthol,1
RESTAGE GEL 100 GM,ريستاجي,MENTHOL CRYSTALS+EUCALYPTUS OIL+CAMPHOR OIL+BHT+GLYCEROL,DREAMS > SAVI PHARMA,ANALGESIC &ANTI INFLAMMATORY MASSAGE GEL,TOPICAL,120.0,menthol,1
RESTAGE GEL 50 GM,ريستاجي,MENTHOL CRYSTAL+CLOVE OIL+PEPPERMINT OIL+CAMPHOR OIL+VITAMIN  E+PARAFFIN OIL,ITALIAN CO. FOR COSEMETICS > SAVI PHARMA,ANALGESIC AND INTI-INFLAMATORY,TOPICAL,67.0,menthol,1
RESTAGE SPRAY 120 ML,ريستاجي,MENTHOL CRYSTAL+CLOVE OIL+PEPPERMINT OIL+CAMPHOR OIL+VITAMIN  E+PARAFFIN OIL,ITALIAN CO. FOR COSEMETICS > SAVI PHARMA,ANALGESIC AND INTI-INFLAMATORY,SPRAY,210.0,menthol,1
RESTO MART CREAM 100 GM,ريستو مارت,CAMPHOR OIL+MENTHOL CRYSTALS+PEPPERMINT+EUCALYPTUS OIL,SMARTIC > CHEMIST PHARMA,MASSAGE CREAM,TOPICAL,85.0,menthol,1
RESTO-GUIDE CREAM 50 GM,ريستو-جويدي,CAMPHOR+MENTHOL CRYSTALS+PEPPERMINT OIL+EUCALYPTUS OIL,EL-HELOU FOR PERFUMES & COSMETICS > NUTRIPHARMA  LTD,MASSAGE,TOPICAL,45.0,menthol,1
RESTO-GUIDE GEL 50 ML,ريستو-جويدي,CAMPHOR+MENTHOL+PEPPERMINT+EUCALYPTUS,EL HELOU FOR PERFUMES & COSMETICS > NUTRIPHARMA  LTD,MASSAGE,TOPICAL,45.0,menthol,1
RESTO-GUIDE SPRAY 100 ML,ريستو-جويدي,CAMPHOR+MENTHOL CRYSTALS+PEPPERMINT OIL+EUCALYPTUS OIL,EL-HELOU FOR PERFUMES & COSMETICS > NUTRIPHARMA  LTD,MASSAGE SPRAY,SPRAY,60.0,menthol,1
RETO PLUS SOAP 125 GM,ريتو بلوس سواب,PEPPERMINT OIL+ALMOND OIL+VITAMIN A+LAVENDER OIL+MENTHOL,MACRO GROUP PHARMACEUTICALS,ANTI-ACNE,SOAP,22.0,menthol,1
RETO PLUS SOAP 75 GM,ريتو بلوس سواب,PEPPERMINT OIL+ALMOND OIL+VITAMIN A+LAVENDER OIL+MENTHOL,MACRO GROUP PHARMACEUTICALS,MEDICATED SOAP,SOAP,18.0,menthol,1
REVA LAX 75 GM MASSAGE GEL,ريفا لاكس ماسساجي,CAMPHOR+PEPPERMINT OIL+MENTHOL CRYSTALS+TEA TREE OIL,HI CARE > REVANO PHARM,MASSAGE GEL,TOPICAL,85.0,menthol,1
REVAREST VAG.DOUCHE 250 ML,ريفاريست فاج,ROSE WATER+GLYCERIN+CITRIC ACID+MENTHOL+TEA TREE OIL+BORAX+CLEANSING & FOAMING SYSTEM,MACRO GROUP PHARMACEUTICALS,VAGINAL CARE,VAGINAL,95.0,menthol,1
REXOLOGEN 60 ML SPRAY,ريكسولوجين,HYLARONIC ACID+MENTHOL+SODIUM BENZOATE+PROPLIS EXTRACT+HONEY+CHLORHEXDIN,SMARTEC PHARMACEUTICALS AND COSMETICS > RIXOS BHARMA COMPANY,MOUTH SPRAY,UNKNOWN,55.0,menthol,1
RHEUMATIZEN TOPICAL CREAM 30 GM,رهيوماتيزين,CAMPHOR+MENTHOL+METHYL SALICYLATE,MEDIZEN PHARMACEUTICAL INDUSTRIES,ANALGESIC,TOPICAL,35.0,menthol,1
RHEUMATIZEN TOPICAL CREAM 60 GM,رهيوماتيزين,CAMPHOR+MENTHOL+METHYL SALICYLATE,MEDIZEN PHARMACEUTICAL INDUSTRIES,ANALGESIC,TOPICAL,51.0,menthol,1
RIANA INTIMATE FEMININE WASH 200 ML,ريانا إنتيماتي فيمينيني واش,CHAMOMILE EXTRACT+PROPOLIS+TRICLOSAN+TEA TREE OIL+MENTHOL+THYME EXTRACT+ROSE OIL,HI-CARE > PHARMA PLAZA,VAGINAL WASH,VAGINAL,45.0,menthol,1
RIFA VAGINAL DOUCHE 200 ML,ريفا,THYME EXTRACT+CALENDULA EXTRACT+MENTHOL+TEA TREE OIL,HI-CARE > ELRAZY PHARMACEUTICALS-EGYPT,VAGINAL WASH,VAGINAL,15.95,menthol,1
RIGHT VAG.DOUCHE 120 ML,ريغت فاج,MELALEUCA ALTERNIFOLIA+TRICLOSAN+CETRIMIDE+CAMPHOR+MENTHOL,HI-CARE > HEALTH WELL EGYPT,VAGINAL WASH,UNKNOWN,55.0,menthol,1
RIGHT VAG.DOUCHE 200ML,ريغت فاج,MELALEUCA ALTERNIFOLIA+TRICLOSAN+CETRIMIDE+CAMPHOR+MENTHOL,HI-CARE > HEALTH WELL EGYPT,VAGINAL WASH,VAGINAL,80.0,menthol,1
RIGHT VAG.DOUCHE 240ML,ريغت فاج,MELALEUCA ALTERNIFOLIA+TRICLOSAN+CETRIMIDE+CAMPHOR+MENTHOL,HI-CARE > HEALTH WELL EGYPT,VAGINAL CARE,VAGINAL,120.0,menthol,1
RINOFORT NASAL SPRAY 20 ML,رينوفورت,GLYCEROL+HPMC+SOD. HYALURONATE+ESSENTIAL OILS OF EUKALYPTUS+MENTHOL & CHAMOMILE,DREAMS EL HABBOBA > SHINE PHARMA,NASAL CARE,SPRAY,85.0,menthol,1
RIVASINE CARE ANTISEPTIC SOL. 200 ML,ريفاسيني كاري أنتيسيبتيك,CHLORHEXIDINE+TRICLOSAN+CHAMOMILE EXTRACT+THYMOL+MENTHOL+BETAINE,HI-CARE > AVANO PHARMA,ANTISEPTIC,UNKNOWN,55.0,menthol,1
RIVASINE CARE ANTISEPTIC SOL. 60 ML (N/A),ريفاسيني كاري أنتيسيبتيك,CHLORHEXIDINE+TRICLOSAN+CHAMOMILE EXTRACT+THYMOL+MENTHOL+BETAINE,HI-CARE > AVANO PHARMA,ANTISEPTIC,UNKNOWN,15.0,menthol,1
ROLLY SPRAY 120 ML,روللي,MENTHOL CRYSTALS+CHAMOMILE EXTRACT+ROSEMARY+LAVENDER+GREEN TEA+GRAPE SEED EXT.,HI-CARE > PRIMA PHARM,ANALGESIC,SPRAY,100.0,menthol,1
ROMAGE CREAM,روماجي,METHYL SALICYLATE+CAMPHOR+MENTHOL CRYSTAL,EL-HELOU FOR PERFUMES & COSMETICS > LIMEC,ANTI INFLAMMATORY & ANALGESIC,TOPICAL,55.0,menthol,1
RONIDERM TOPICAL LOTION 120ML,رونيديرم,ZINC OXIDE+MENTHOL EXTRACT+GLYCERIN+OLIVE OIL+CHAMOMILE EXTRACT,HI-CARE > RONY PHARMA,SOOTHING TOPICAL,UNKNOWN,49.0,menthol,1
ROSALIN MOUTH WASH 120ML,روسالين موث واش,MENTHOL+CLOVE OIL+CINNAMON OIL+GLYCERIN+CICALCIUM PHOSPHATE DIHYDRATE,SURVEY PHARMA,ORAL CARE,MOUTH,8.0,menthol,1
ROSMIRA 60 ML SPRAY,روسميرا,CLOVE+MENTHOL+CHAMOMILE,DREAMS ELHABOBA > GREEN CHEMIST,MOUTH SPRAY,MOUTH,65.0,menthol,1
ROSTEVO INTIMATE FEMININE WASH 250ML,روستيفو إنتيماتي فيمينيني واش,CHLORHEXIDINE+MENTHOL CRYSTALS+CHAMOMILE EXTRACT+TEA TREE OIL+ALOE VERA EXTRACT+THYME EXTRACT+ROSE OIL,DREAMS EL HABOBA > LAROSE,INTIMATE FEMININE WASH,VAGINAL,75.0,menthol,1
ROSTEVO MASSAGE GEL 100 GM,روستيفو ماسساجي,CAMPHOR OIL+MENTHOL CRYSTALS+EUCALYPTUS OIL,DREAMS EL HABOBA > LAROSE,MASSAGE GEL,TOPICAL,100.0,menthol,1
ROSTEVO MASSAGE GEL 50 GM,روستيفو ماسساجي,CAMPHOR OIL+MENTHOL CRYSTALS+EUCALYPTUS OIL,DREAMS EL HABOBA > LAROSE,MASSAGE GEL,TOPICAL,60.0,menthol,1
ROSTEVO MOUTH WASH 250 ML,روستيفو موث واش,CHLORHEXIDINE DIGLUCONATE+OCTADECENY AMMONIUM+FLUORIDE+MENTHOL CRYSTALS+EUCALYPTUS EXTRACT,DREAMS EL HABOBA > LAROSE,REFRESHING MOUTHWASH,UNKNOWN,50.0,menthol,1
ROSTROVAN 50 GM MASSAGE GEL,روستروفان ماسساجي,MENTHOL CRYSTALS+PEPPERMINT OIL+EUCALYPTUS OIL+CLOVE OIL,HI CARE PHARMACEUTICALS > B LINK PHARMACEUTICALS,MASSAGE GEL,TOPICAL,140.0,menthol,1
ROWACHOL 45 CAPS.,روواتشول,ALPHA PINENE+BETA PINENE+BORNEOL+CAMPHENE+CINEOL+MENTHOL+MENTHONE,ROWA-WAGNER K.G.W GERMANY > AMOUN,CHOLERETIC,ORAL.SOLID,93.0,menthol,1
ROZTEL VAGINAL WASH 250 ML,روزتيل واش,SODIUM LAURETH SULPHATE+TEA TREE EXT.+ROSEMARY+MENTHOL+CHAMOMILE+ALOE VERA,EL-HELOU FOR PERFUMES & COSMETICS > FOUR BENIFITS PHARMA,VAGINAL WASH,VAGINAL,30.0,menthol,1
RUBALGINE 15 % TOPICAL CREAM 20 GM,روبالجيني 15 %,CAMPHOR+CAPSICIUM OLEORESIN+MENTHOL+METHYL SALICYLATE+PEPPERMINT OIL+TURPENTINE OIL,KAHIRA,ANALGESIC,TOPICAL,35.0,menthol,1
RUBAMINT MASSAGE 2.5% GEL 60 GM,روبامينت ماسساجي 2.5%,MENTHOL+CAMPHOR,MEDIZEN PHARMACEUTICAL INDUSTRIES,MASSAGE,TOPICAL,30.0,menthol,1
RUBAMINT MASSAGE 5% COLD GEL 60 GM,روبامينت ماسساجي 5% كولد,MENTHOL+CAMPHOR,MEDIZEN PHARMACEUTICAL INDUSTRIES,MASSAGE,TOPICAL,55.0,menthol,1
RUNNER MASSAGE GEL 50 ML,روننير ماسساجي,MENTHOL+CAMPHOR+EUCALYPTUS+AVOCADO OIL+BEESWAX,SMARTEC > S3R PHARMA,MASSAGE GEL,TOPICAL,60.0,menthol,1
RUNSAGE SPRAY 50ML,رونساجي,MENTHOL CRYSTAL+CAMPHOR CRYSTAL,ITALIAN COMPANY > BAP PHARMA FOR TRADING AND EXPORT,MASSAGE SPRAY,SPRAY,85.0,menthol,1
SACNEL AFTER SHAVE LOTION 120ML,ساكنيل أفتير شافي,SALICYLIC ACID+BENZETHONIUM+GREEN TEA+TEA TREE OIL+HAMAMELIS+ALLANTOIN+PANTHENOL+MENTHOL+ALOE VERA,WEISER,SKIN CARE,UNKNOWN,58.0,menthol,1
SAGEWAY MASSAGE GEL 50 GM,ساجيواي ماسساجي,EUCALYPTUS OIL+CAMPHOR OIL+MENTHOL+CINNAMON OIL+PEPPERMINT OIL+CLOVE OIL+TRIETHANOLAMINE,DREAMS EL HABBOBA > BIOCURE COMPANY,MASSAGE GEL,TOPICAL,35.0,menthol,1
SAJ RELAX MASSAGE GEL 50GM,ساج ريلاكس ماسساجي,MENTHOL - ARNICA - CAMPHER - CLOVE OIL - EUCALYPTUS,LEADER > NOVA PHARM,MASSAGE GEL,TOPICAL,80.0,menthol,1
SALEX GEL 50 GM,ساليكس,MENTHOL+CHAMOMILE+CARBOMER+CAMPHOR+METHYL PARABEN+TRIETHANOLAMINE+ISOPROPANOL+COLOUR BLUE,HI-CARE > FALCON GROUP,MASSAGE CREAM,TOPICAL,40.0,menthol,1
SALGY MASSAGE CREAM 50 GM,سالجي ماسساجي,CAMPHOR CRYSTAL+MENTHOL CRYSTAL+CLOVE EXTRACT+EUCALYPTUS OIL+PANTHENOL+PEPPERMINT,ITALIAN COSMETICS CO. > OCTABIOTIC PHARMA,MASSAGE CREAM,TOPICAL,70.0,menthol,1
SALIVER GEL 40 GM,ساليفير,ALOVERA EXTRACT+CHAMOMILLA RECEUTITA EXTRAC+9VITAMIN K+MENTHOL CRYSTAL+JOJOBA OIL+GLYCERIN,COSMOPACK > CATALYST PHARMA GROUP,MOISTURIZING GEL,TOPICAL,45.0,menthol,1
SANIDOX GEL 60 GM,سانيدوكس,CAMPHOR+MENTHOL CRYSTAL+CLOVE EXTRACT+EUCALYPTUS OIL+FATTY ACIDS,SMARTIC > SANITAS,TOPICAL MASSAGE,TOPICAL,38.0,menthol,1
SANOVIORA MASSAGE GEL 60 GM,سانوفيورا ماسساجي,MENTHOL+CAMPHOR+CLOVE+EUCALYPTUS,> SANO PHARMA,MASSAGE,TOPICAL,33.0,menthol,1
SANSO CARE CREAM FOR STRETCH MARK 100 GM,سانسو كاري ستريتتش مارك,ALLANTOIN+MENTHOL+CALENDULA+EVENING PRIMROSE OIL+ALOE VERA+PANTHENOL+VITAMIN (A+E)+ZINC OXIDE,AUG PHARMA,skin care.FIRMING,TOPICAL,100.0,menthol,1
SAVI READY 250 ML M.W,سافي ريادي م.و,CHLOROHEXIDINE+EUCALYPTOL+HYDROGEN PEROXIDE +MENTHOL+THYMOL+FLUORIDE+SODIUM BENZOATE+CLOVE EXT.,VITALITY COSMETIC FACTORY > SAVI PHARMA,MOUTH WASH,MOUTH,110.0,menthol,1
SAVI SOL 150 ML FOAM CLEANSER,سافي كليانسير,MENTHOL+TEA TREE OIL+ALOE VERA+THYROID+CHAMOMILE,VITALITY COSMETICS > SAVI PHARMA,FEMININE WASH FOAM,UNKNOWN,150.0,menthol,1
SAVI SOL 200 ML FEMININE CLEANSER,سافي فيمينيني كليانسير,MENTHOL+TEA TREE OIL+THYMOL+CHAMOMILE EXT.,DREAMS > SAVI PHARMA,FEMININE CARE,VAGINAL,80.0,menthol,1
SCANDED 120 GM CREAM,سكانديد,EUCALYPTUS OIL+GLYCERIN+MENTHOL CRYSTALS+CARNATION+ALLANTOIN+PANTHENOL EXTRACT+OIL OF CAMPHOR,ITALIAN COSMETICS > MADRED PHARMA,MASSAGE CREAM,TOPICAL,50.0,menthol,1
SCORPION 150 ML MASSAGE SPRAY,سكوربيون ماسساجي,MENTHOL+AVOCADO OIL+CAMPHOR+ALLANTOIN+,ECC > ATLANTIC GROUP,MASSAGE SPRAY,UNKNOWN,150.0,menthol,1
SEBOFIX FACIAL CLEANSER GEL CREAM 50 ML,سيبوفيكس فاسيال كليانسير,NIACINAMIDE+SALICYLIC ACID+GLYCOLIC ACID+TEA TREE EXTRACT+VITAMIN E+ALOE VERA EXTRACT+MENTHOL CRYSTALS+THYME EXTRACT+GLYCERIN,SMARTEC FOR PHARMACEUTICALS AND COSMETICS > VAXIL FOR PHARMACEUTICAL INDUSTRIES,SKIN CARE,TOPICAL,235.0,menthol,1
SECTOR MASSAGE CREAM 60 GM,سيكتور ماسساجي,PEPPERMINT OIL+MENTHOL CRYSTALS+CAMPHOR OIL+EUCALYPTUS OIL+EUGENOL OIL,EGYPTIAN COMPANY FOR COSMETICS > SECTOR,MASSAGE CREAM,TOPICAL,90.0,menthol,1
SECTOR MASSAGE GEL 120 GM,سيكتور ماسساجي,PEPPERMINT OIL+CAMPHOR+EUCALYPTUS OIL+MENTHOL CRYSTALS,EGYPTIAN COMPANY FOR COSMETICS > SECTOR,MASSAGE CREAM,TOPICAL,140.0,menthol,1
SEDALINE SYRUP 125ML,سيداليني,AMMONIUM CHLORIDE+DIPHENYLHYDRAMINE+MENTHOL+SODIUM CITRATE,KAHIRA,COUGH PRODUCTS,ORAL.LIQUID,17.0,menthol,1
SEEMLY MOUTH WASH 250 ML,سيملي موث واش,COCAMIDO PROPYL BETAINE+SORBITOL+SODIUM BENZOATE+SODIUM SACHARINE+SODIUM FLUORIDE+PEPPERMINT OIL+CINNAMON+MENTHOL,> INTERNATIONAL EGYPTIAN CO.,ORAL CARE,MOUTH,39.95,menthol,1
SELETAJ MASSAGE CREAM 50 GM,سيليتاج ماسساجي,THYME EXT+CAMPHOR+MENTHOL CRYSTALS+CLOVE OIL+EUCALYPTUS OIL+PEPPERMINT OIL+CINNAMON OIL+CETEARETH-20,EGYPTIAN CO. FOR COSMETICS (E.C.C.) > SILAJ,MASSAGE CREAM,TOPICAL,59.0,menthol,1
SENSODERM TOPICAL LOTION 120 ML,سينسوديرم,ZINC OXIDE+GRAPE SEED EXTRACT+TRICLOSAN+CAMPHOR+GLYCERIN+UREA+MENTHOL,HI-CARE > NOVEX,SKIN CARE.SOOTHING,UNKNOWN,65.0,menthol,1
SEPCOMOUTH MOUTH WASH,سيبكوموث موث واش,MENTHOL+METHYL SALICYLATE,SEPCO PHARMACEUTICAL CO. > SEPCO PHARMA,MOUTH WASH,MOUTH,2.5,menthol,1
SERIO TOPICAL LOTION 120ML,سيريو,ZINC OXIDE+PANTHENOL+MENTHOL+THYMOL+CHAMOMILE EXTRACT+ALOE VERA EXTRACT+GLYCERIN,MACRO GROUP PHARMACEUTICALS,SOOTHING TOPICAL,UNKNOWN,20.0,menthol,1
SERPANO VAGINAL WASH 250 ML,سيربانو واش,CHLORHEXIDINE+TEA TREE OIL+CHAMOMILE+THYME EXTRACT+ROSMARINIC ACID+ALLANTOIN+MENTHOL CRYSTALS+GLYCERIN+CITRIC ACID,ELHELW GROUP COMPANY > DOCTORS PHARMA,VAGINAL DOUSH,VAGINAL,55.0,menthol,2
SERVICARE LIQUID INTIMATE FEMININE WASH 250 ML,سيرفيكاري ليكويد إنتيماتي فيمينيني واش,CHLORHEXIDINE+CETRIMIDE+THYMOL+MENTHOL+ROSA OIL+TEGO BETAIN,HI-CARE > CASTLE CARE,VAGINAL WASH,VAGINAL,26.0,menthol,1
SETANO SKIN CLEANSER GEL 120ML,سيتانو سكين كليانسير,THYME EXTRACT+MENTHOL+COCAMIDE DEA,HI-CARE > SMART MARKETING,SKIN CARE,TOPICAL,35.0,menthol,1
SIKOOR VISCOUS VAGINAL SOL. 240 ML,سيكور فيسكوس,MENTHOL+PANTHENOL+TEA TREE OIL+CHAMOMILE+STEARIC ACID+CHLORHEXIDINE,EGYPTIAN CO. FOR COSMETICS (E.C.C.) > SANTEX PHARMA,VAGINAL CARE,VAGINAL,58.0,menthol,1
SINO FRESH 150 ML,سينو فريش,SEA WATER+COCAMIDOPROPYL BETAINE+CHLORHEXIDINE+GLYCERIN+SODIUM CHLORID+MENTHOL+MELALEUCA ALTERNIFOLIA LEAFS,COSMOPACK > CATALYST PHARMA GROUP,MOUTH AND NASAL WASH,MOUTH,90.0,menthol,1
SINOMOON MASSAGE GEL 100 GM,سينومون ماسساجي,MENTHOL+CAMPHOR OIL+EUCALYPTUS OIL+CLOVE OIL+SALICYLIC ACID,NILE FACTORY > RMPC PHARMA,MASSAGE GEL,TOPICAL,120.0,menthol,1
SIRI PRO HAIR SERUM 120 ML,سيري برو هاير سيروم,CAFFEINE+ROSEMARY OIL+PANTHENOL+TOCOPHEROL+ALMOND OIL+JOJOBA OIL+SILICON OIL+MENTHOL+OLIVE OIL+SESAM,COSMOPACK > RIVAL PHARMA,HAIR CARE PRODUCTS,UNKNOWN,75.0,menthol,1
SLY-IMPRESS 50 GM MASSAGE GEL,سلي-إمبريسس ماسساجي,MENTHOL CRYSTALS 5%+CAMPHOR CRYSTALS 3%+VIT E (TOCOPHEROL)+VIT B5 (PANTOTHENIC ACID)+PANTHENOL+EUCALYPTUS+GINGER+CLOVE BUD OILS+THYMUS VULGARIS OIL+MENTHA PIPERITA OIL,RAFADA 2RS > ELSAID SALIY PHARMA,MASSAGE GEL,TOPICAL,90.0,menthol,1
SLY-IMPRESS MOISTURIZING & SOOTHING 30 ML NASAL SPRAY,سلي-إمبريسس مويستوريزينج & سوثينج,NATURAL ISOTONIC SEA WATER+HYALURONIC ACID+VIT A+VIT E+ALOEVERA+PANTHENOL+ROSEMARY+EUCALYPTUS OIL+MENTHOL,RAFADA 2RS > ELSAID SALIY PHARMA,NASAL SPRAY,SPRAY,80.0,menthol,1
SMILE LOTION 120 ML,سميلي,ZINC OXIDE+MENTHOL+CAMPHOR+RED IRON OXIDE,H.C.P CO. > PHOENIX-EGYPT,SOOTHING TOPICAL,UNKNOWN,10.0,menthol,1
SNUFFLE BABE VAPOUR RUB 24 GM,سنوففلي بابي فابور روب,PETROLATUM+EUCALYPTUS GLOBUS LEAF OIL+MENTHOL+THYMUS VULGARIS OIL,D D D > INTER PHARM,.,TOPICAL,17.0,menthol,1
SOFT LAX MASSAGE CREAM 40 GM,سوفت لاكس ماسساجي,CAMPHOR OIL+MENTHOL CRYSTALS,LEADER COSMETICS & PERFUMES CO. > AGLAN PHARMA,MASSAGE CREAM,TOPICAL,70.0,menthol,1
SOFT LAX MASSAGE CREAM 60 GM,سوفت لاكس ماسساجي,CAMPHOR OIL+MENTHOL CRYSTALS,LEADER COSMETICS & PERFUMES CO. > AGLAN PHARMA,MASSAGE CREAM,TOPICAL,95.0,menthol,1
SOFTA VAG.DOUCHE 200 ML,سوفتا فاج,THYME+TEGOBETAIN+MENTHOL+CETRIMIDE+CHLORHEXIDINE,HI-CARE > DIAMOND PHARMA,VAGINAL CARE,VAGINAL,36.0,menthol,1
SOLO ICE ACT 100 ML MASSAGE SPRAY,سولو إسي أكت ماسساجي,MENTHOL+JUNIPERUS+CALENDULA+MGCL2,ABS > SOLO PHARMA,MASSAGE SPRAY,UNKNOWN,120.0,menthol,1
SOLO TOPICAL LOTION 120ML,سولو,ZINC OXIDE+TITANIUM DIOXIDE+VITAMIN E+DEXPANTHENOL+GLYCEROL+MENTHOL,HI-CARE > HEALTH WELL EGYPT,SKIN CARE.SOOTHING,UNKNOWN,85.0,menthol,1
SOLVADINE MOUTH FRESHENER SOLUTION SPRAY 40 ML,سولفاديني موث فريشينير,GLYCEROL+HONEY+EUCALYPTUS OIL+CLOVE OIL+GINGER EXTRACT+ROSEMARY EXTRACT+LICORICE EXTRACTS+VITIS VINIFERA EXTRACT+SAMBUCUS NIGRA EXTRACT+THYMUS VULGARIS+PROPOLIS EXTRACT+MENTHOL,DREAMS > SHINE PHARMA,SOOTHING & REFRESHING SPRAY,UNKNOWN,75.0,menthol,1
SOMASSAGE TE CREAM 50 GRAM,سوماسساجي تي 50 جرام,MENTHOL+EUCALYPTUS+COMPHER+THYME+OLIVE+PANTHENOL+NATURAL HERBS,ITALIAN COSMETICS > ELEGANCE PHARMA THEN IVET,MASSAGE CREAM,TOPICAL,45.0,menthol,1
SONSEDA ANTI HAIR LOSS LOTION,سونسيدا أنتي هاير لوسس,PANTHENOL+ALOE VERA EXTRACT+TEA TREE OIL+MENTHOL+ARGAN OIL+GREEN TEA EXTRACT+CAFFEINE+OLIVE OIL+WHEAT GERM OIL+JOJOBA OIL,BRAND INTERNATIONAL > OPTAVIT PHARMA,HAIR LOTION,UNKNOWN,275.0,menthol,1
SOOJEZ CREAM 100 GM,سوجيز,MENTHOL+CAMPHOR+EUCALYPTUS,PHARMAZAD > ICONIC PHARMACEUTICAL,MASSAGE CREAM,TOPICAL,79.0,menthol,1
SOOJEZ CREAM 50 GM,سوجيز,MENTHOL+CAMPHOR+EUCALYPTUS,PHARMAZAD > ICONIC PHARMACEUTICAL,MASSAGE CREAM,TOPICAL,39.0,menthol,1
SOOZY INTIMATE WASH 250 ML,سوزي إنتيماتي واش,CHLORHEXIDINE 0.1%+ALOE VERA+CHAMOMILE+GREEN TEA EXT.+THYME+MALVA SYLVESTRIS+MENTHOL+TEA TREE OIL+ROSE,EGYPTIAN CO. FOR COSMETICS (E.C.C.) > INTEGRA PHARM,VAGINAL CARE,VAGINAL,95.0,menthol,1
SORIANA VAGINAL DOUSH 200 ML,سوريانا دوش,TEA TREE OIL+CHLORHEXIDINE+THYMOL+TRICLOSAN+CHAMOMILE+COCAMIDO PROPYLE BETAIN+GLYCERINE+MENTHOL,DREAMS ELHBOBA > WEA PHARMA,VAGINAL DOUSH,VAGINAL,75.0,menthol,1
SOUVANA TOPICAL LOTION 120 ML,سوفانا,ZINC OXIDE+MENTHOL CRYSTALS+THYMOL+CHAMOMILE+DIMETHICONE+GLYCEROL,HI-CARE > API PHARMA,SKIN CARE.SOOTHING,UNKNOWN,65.0,menthol,1
SOVIDAL 75 GM CREAM,سوفيدال,ALOE VERA EXTRACT+CHAMOMILE EXTRACT+MENTHOL CRYSTALS+CRANBERRY EXTRACT,EL HELOU FOR PERFUMES & COSMETICS > BUTA PHARM,EMOLLIENT CREAM,TOPICAL,80.0,menthol,1
SPEEDOLAX MASSAGE SPRAY 120 ML,سبيدولاكس ماسساجي,MENTHOL+CAMPHOR+EUCALYPTUS OIL+CLOVE OIL,> HEALTH WELL,MASSAGE,SPRAY,185.0,menthol,1
SPIDER CARE 60 GM MASSAGE CREAM,سبيدير كاري ماسساجي,MENTHOL+CAMPHOR+EUCALYPTUS OIL+CLOVE OIL+PEPPERMINT OIL+MAGNESIUM SULPHATE,NILE COSMETICS > REVARO PHARM,MASSAGE CREAM,TOPICAL,65.0,menthol,1
SPUNKY MASSAGE GEL 50 GM,سبونكي ماسساجي,MENTHOL+PEG 400+EUCALYPTUS,EGYPTIAN COMPANY FOR COSMETICS > ROCHAN,MASSAGE CREAM,TOPICAL,100.0,menthol,1
STANLEY NASAL SPRAY 100 ML,ستانلي,SEA WATER+VITAMIN A+VITAMIN E+PANTHENOL+HYALURONIC ACID+GLYCERIN+MENTHOL,NILE FACTORY FOR COSMETICS > LA PORTE PHARMA,NASAL CARE,SPRAY,160.0,menthol,1
STANLEY PLUS NASAL SPRAY 100 ML,ستانلي بلوس,SEA WATER+VITAMIN A+VITAMIN E+PANTHENOL+HYALURONIC ACID+GLYCERIN+MENTHOL,NILE FACTORY FOR COSMETICS > LA PORTE PHARMA,NASAL CARE,SPRAY,170.0,menthol,1
STEP HAPPY  50 GM MASSAGE GEL,ستيب هاببي ماسساجي,CARBOMER+TRIETHYLAMINE+PROPYLENE GLYCOL+MENTHOL+EUCALYPTUS+CAMPHOR OIL+THYME OIL+CLOVE OIL+PEPPERMINT OIL+PANTHENOL+TOCOPHEROL ACETATE+SODIUM METHYLPARABEN,SMARTEC > SEHHA PHARMA,MASSAGE GEL,TOPICAL,40.0,menthol,1
STEP-FOWARD 50GM MASSAGE CREAM,ستيب-فووارد ماسساجي,PANTHENOL+THYMUS VULGARIS OIL+GLYCERIN+MENTHA PIPERITA OIL+EUCALYPTUS OIL+TOCOPHEROL+CINNAMOMUM+CAMPHORA BARK OIL+EUGENIA CARYOPHYLLUS+LEAF OIL+MENTHOL+STEARIC ACID+CELLULOSE GUM+METHYL PARABEN+TRIETHANOLAIME+POLYSORBATE 20+PURIFIED WATER,EL NILE FOR COSMETICS > PHARMA DREAM FOR COSMETICS,MASSAGE CREAM,TOPICAL,49.0,menthol,1
STIMURELAX 50 GM MASSAGE CREAM,ستيموريلاكس ماسساجي,AQUA+MAGNESIUM CHLORIDE+MENTHOL+CAMPHOR+TOCOPHERYL ACETATE+THYMUS VULGARIS EXTRACT+PHENOXYETHANOL+PANTHENOL+MENTHA PIPERITA OIL+EUCALYPTUS GLOBULUS LEAF OIL+HONEY+PRUNUS ARMENIACA KERNEL OIL+PROPYLENE GLYCOL+BHT+ALCOHOL DENAT+XANTHAN GUM+GLYCERIN+TRIETHANOLAMINE+PARAFFINUM LIQUIDUM+BEESWAX+STEARIC ACID+GLYCERYL STEARATE+CETYL ALCOHOL.,EGYPTIAN COMPANY FOR COSMETICS (E.C.C) > VITA MIDDLE EAST PHARMA,MASSAGE CREAM,TOPICAL,139.0,menthol,1
STRATO H 120 ML MOUTH WASH,ستراتو ه موث واش,CHLORHEXIDINE GLUCONATE+CETYLPYRIDINIUM CHLORIDE+HYALURONIC ACID+THYMUS EXTRACT+CINNAMON BARK EXTRACT+	HORSE TAIL EXTRACT+CINNAMON BARK OIL+CLOVE OIL+MENTHOL,NILE COSMOTICS FACRORY > NUTRISYNTH FOR TRADE AND DISTRIBUTION,MOUTH WASH,MOUTH,98.0,menthol,1
SUBSIDIE MASSAGE CREAM 100 GM,سوبسيدي ماسساجي,METHYLSALICYLATE+OSTRICH OIL+CAMPHOR+MENTHOL,NILE COSMOTICS > MERTA PHARMA,MASSAGE CREAM,TOPICAL,140.0,menthol,1
SULFAX (CMO FORMULA) MASSAGE CREAM 120 GM,سولفاكس ماسساجي,EUCALYPTUS OIL+MENTHOL+CAMPHOR OIL+CETYL MYRISTOLEATE,EGYPTIAN CO. FOR COSMETICS (E.C.C.) > PARKVILLE,MASSAGE CREAM,TOPICAL,120.0,menthol,1
SULFAX (CMO FORMULA) MASSAGE CREAM 60 GM,سولفاكس ماسساجي,EUCALYPTUS OIL+MENTHOL+CAMPHOR OIL+CETYL MYRISTOLEATE,EGYPTIAN CO. FOR COSMETICS (E.C.C.) > PARKVILLE,MASSAGE CREAM,TOPICAL,95.0,menthol,1
SULFAX COLD SPRAY 200 ML IMPORT,سولفاكس كولد إمبورت,MENTHOL+ETHANOL+PROPANE/BUTANE,> PARKVILLE,ANALGESIC,SPRAY,300.0,menthol,1
SULFAX COLD SPRAY 200 ML LOCAL,سولفاكس كولد لوكال,MENTHOL+ETHANOL+PROPANE/BUTANE,KATO PRESTIGE COSMOTICS > PARKVILLE,MASSAGE,SPRAY,300.0,menthol,1
SULFAX COOL & HOT 1 SHEETS,سولفاكس كول & هوت 1 شيتس,MENTHOL+VANILLYBUTYL ETHER,LABOTTACH CO. > PARKVILLE,ANALGESIC,UNKNOWN,45.0,menthol,1
SULFAX ICY MENTHOL 1 SHEETS,سولفاكس إسي مينثول 1 شيتس,MENTHOL,LABOTTACH CO. > PARKVILLE,ANALGESIC,UNKNOWN,45.0,menthol,1
SULFAX PLUS MASSAGE GEL 120 GM,سولفاكس بلوس ماسساجي,EUCALYPTUS OIL+MENTHOL+CAMPHOR OIL+CETYL MYRISTOLEATE,EGYPTIAN CO. FOR COSMETICS (E.C.C.) > PARKVILLE,MASSAGE CREAM,TOPICAL,170.0,menthol,1
SULFAX PLUS MASSAGE GEL 60 GM,سولفاكس بلوس ماسساجي,EUCALYPTUS OIL+MENTHOL+CAMPHOR OIL+CETYL MYRISTOLEATE,EGYPTIAN CO. FOR COSMETICS (E.C.C.) > PARKVILLE,MASSAGE CREAM,TOPICAL,100.0,menthol,1
SUN SOLA SOLUTION 120 ML,سون سولا,ALUMINIUM CHLORIDE+CALCIUM HYDROXIDE+MENTHOL,ZAD,.,MOUTH,39.88,menthol,1
SUN SOLA SOLUTION 30 ML,سون سولا,ALUMINIUM CHLORIDE+CALCIUM HYDROXIDE+MENTHOL,ZAD,.,MOUTH,12.35,menthol,1
SUN SOLA SOLUTION 60 ML,سون سولا,ALUMINIUM CHLORIDE+CALCIUM HYDROXIDE+MENTHOL,ZAD,.,MOUTH,29.3,menthol,1
SWACAVE 30ML MOUTH SPRAY,سواكافي موث,HYALURONIC ACID+CHLORHEXIDINE+LIDOCAINE+MENTHOL+CAMPHOR+VITAMIN C+VITAMIN E+ECALYPTUS,ELNILE COSMETICS > SWA PHARMA FOR PHARMACEUTICALS,ANTI BACTERIAL ANTI FUNGAL LOCAL ANESTHETIC,UNKNOWN,100.0,menthol,1
SWALADY 125 ML INTIMATE FEMININE WASH,سوالادي إنتيماتي فيمينيني واش,PANTHENOL+CHLORHEXIDINE+GRAPE SEED EXTRACT+GLYCERIN+ALOE VERA EXTRACT+CHAMOMILE EXTRACT+THYME EXTRACT+TEA TREE OIL+MENTHOL OIL,ELNILE COSMETICS > SWA PHARMA FOR PHARMACEUTICALS,ANTIMICROBIAL AGENTS FOR VAGINA AND SECRETION AND ODOUR CONTROL,VAGINAL,59.0,menthol,1
SWASMILE 125 ML MOUTH WASH,سواسميلي موث واش,EUCALYPTUS+CHLORHEXIDINE+CLOVE OIL+MENTHOL CRYSTALS+CHAMOMILE OIL+ALLANTOIN+THYMOL,ELNILE COSMETICS > SWA PHARMA FOR PHARMACEUTICALS,ANTISEPTIC MOUTH WASH,MOUTH,59.0,menthol,1
SWELLARO 50GM GEL,سويللارو,AESCIN - ARNICA - EUCALYPTUS OIL - MENTHOL - ALOE VERA EXTRACT - TEA TREE OIL - VITAMIN C - VITAMIN E,SMARTEC > GEOXIL PHARMA,ANTI-SWELLING GEL,TOPICAL,80.0,menthol,1
SWIFT CARE  MASSAGE GEL 60 GM,سويفت كاري ماسساجي,EUCALYPTUS+MENTHOL+SALICYLIC ACID+AVOCADO OIL+PROPYLENE GLYCOL+OTHER INGREDIENTS,NILE COSMETICS > BIOVIL,MASSAGE GEL,TOPICAL,50.0,menthol,1
SWIVEL MASSAGE GEL 80 GM,سويفيل ماسساجي,MENTHOL+CAMPHOR+EUCALYPTUS,EGYPTIAN CO. FOR COSMETICS (E.C.C.) > SWIVEL MED,MASSAGE,TOPICAL,100.0,menthol,1
TALEEN SHAMPOO 250 ML,تالين,ZINC PYRITHIONE+SIMETHICONE+JOJOBA OIL+PANTHENOL+ALOE VERA+MENTHOL CRYSTALS,HI-CARE > BIOHEALTH COMPANY,HARE CARE PRODUCTS,TOPICAL,75.0,menthol,1
TAVON MASSAGE SPRAY 100ML,تافون ماسساجي,MENTHOL CRYSTALS+CAMPHOR OIL+EUCALYPTUS OIL+PANTHENOL+GLYCERIN,BRAND INTERNATIONAL (FSC) > SILAJ,MASSAGE,SPRAY,150.0,menthol,1
TEAVO 50 GM GEL,تيافو,EUCALYPTUS EXTRACT+CAMPHOR EXTRACT+MENTHOL+THYME EXTRACT,KEMPETRO FOR CHEMICAL INDUSTRIES COSMETICS AND PHARMACEUTICALS > PDRTC,MASSAGE GEL,TOPICAL,90.0,menthol,1
TEDAVI-REST MASSAGE CREAM 50GM,تيدافي-ريست ماسساجي,COMPHOR - EUCALYPTUS - VITAMIN E - CLOVE - MENTHOL - PEPPERMINT - TANNINS - EUGENOL - CHLORHEXIDINE,ITALIAN FOR COSMETICS > EXTREME CARE PHARM,MASSAGE CREAM,TOPICAL,40.0,menthol,1
TELLER FEMININE CLEANSER 200 ML,تيللير فيمينيني كليانسير,CHLOROHEXIDINE+TEA TREE OIL+ALOE VERA EXT+MENTHOL+THYMOL+CHAMOMILE EXT.,> EGYSTAR PHARM,VAGINAL CARE,VAGINAL,75.0,menthol,1
TERASAG 60 GM MASSAGE GEL,تيراساج ماسساجي,CAMPHOR OIL+MENTHOL+EUCALYPTUS+PEPPERMINT OIL+CLOVE OIL+THYME EXTRACT+APRICOT OIL+VIT C+VIT E,NILE COSMETICS > PROPHARM,ANALGESIC,TOPICAL,55.0,menthol,1
TERHEXINE SYRUP 120ML,تيرهيكسيني,BROMHEXINE+GUAIFENESIN+MENTHOL+TERBUTALINE,EUROPEAN EGYPTIAN PHARM. IND.,COUGH PRODUCTS,ORAL.LIQUID,12.0,menthol,1
TESLA  30ML MOUTH SPRAY,تيسلا موث,CHLORHEXIDINE+MENTHOL+THYME+PEPPERMINT+TEA TREE+CLOVE+EUCALYPTUS+VIT E+CHAMOMILE+PROPOLIS+SAGE+SANDAL WOOD+LEMON+SESAME+ALOEVERA+CITRIC ACID,DREAMS ELHABOBA > TRUVA PHARMACEUTICAL INDUSTRIES,ANTI SEPTIC SPRAY,UNKNOWN,38.0,menthol,1
TEVON MOUTH WASH (PEPPERMINT) 250 ML,تيفون موث واش,SODIUM LAURYL SULFATE+POLYSORBATE 20+SORBITOL+ETHANOL+THYME OIL+MENTHOL OIL,BEAUTY ITALY > EXCELLENCE PHARM,ORAL CARE,MOUTH,50.0,menthol,1
THREE ZED TOPICAL LOTION 120ML,ثري زيد,ZINC OXIDE+MENTHOL EXTRACT+GLYCERIN+C.M.C,TOP.Z PHARMA,SKIN CARE.SOOTHING,UNKNOWN,55.0,menthol,1
TIBONTED GEL 60 GM,تيبونتيد,APRICOT OIL+GLYCERIN+MENTHOL CRYSTALS+VITAMIN E,HI-CARE > PURITY PHARMA,MOISTURIZING TOPICAL,TOPICAL,18.95,menthol,1
TIGER SPRAY 25 ML,تيجير,MENTHOL+ALCOHOL+ALOE VERA+UREA+SALICYLIC ACID+METHYL PARABEN+WATER,LEADER COSMETICS > BROTHER PHARMA,PREMATURE EJACULATION,SPRAY,190.0,menthol,1
TINDER MOUTH SPRAY,تيندير موث,CHLORHEXIDINE DIGLUCONATE  SALIVA OFFICINALIS EXTRACT   TOCOPHEROL   THYMUS VULGARIS EXTRACT   EUCALYPTUS LEAF EXTRACT   MENTHOL   ZINC CHLORIDE   CITRIC ACID   PROPOLIS EXTRACT  CITRUS LEMON FRUIT,BRAND INTERNATIONAL > Q PHARM COMPANY,ORAL SPRAY ANTIFUNGAL ANTI ULCER,UNKNOWN,125.0,menthol,1
TINDER MOUTHWASH 5 FLAVOUR,تيندير 5 فلافور,CHLORHEXIDINE DIGLUCONATE+CLOVE OIL+THYME OIL+MENTHOL+PROPOLIS EXTRACT+EUCALYPTUS OIL+TEA TREE OIL+HONEY EXTRACT+TOCOPHEROL+MULTI VITAMINS FOR MOUTH REFRESHING,BRAND INTERNATIONAL > Q PHARM COMPANY,REFRESHING MOUTHWASH   TOTAL CART,MOUTH,125.0,menthol,1
TIONERAL MASSAGE CREAM 60 GRAM,تيونيرال ماسساجي 60 جرام,GLUCOSEAMINE+MSM+MENTHOL+TURMERIC+CAMPHOR+KRILL OIL+EUCALYPTUS+METHYLSALICYLATE+ROSEMARY,DREAMS > DIAMOND LABS,MASSAGE CREAM,TOPICAL,35.0,menthol,1
TIVOLI  CREAM GEL 50 GM,تيفولي,MENTHOL CRYSTAL+GREEN TEA EXTRACT+CAMPHOR+METHYL SALICYLATE,SMARTEC > ARCOTEC  EGYPT,MASSAGE CREAM,TOPICAL,120.0,menthol,1
TOPAFLIX MASSAGE GEL 50 GM,توبافليكس ماسساجي,MENTHOL+EUCALYPTUS GLOBULUS LEAF OIL+CINNAMOMUM CAMPHORA OIL+CARBOMER+TRIETHANOLAMIN+EUGENIA CARYOPHYLLUS BUD OIL+TOCOPHEROL+AESCULUS HIPPOCASTANUM SEED EXTRACT+GINKGO BILOBA LEAF EXTRACT+THYMUS VULGARIS LEAF OIL+GLYCERIN+LAVANDULA ANGUSTIFOLIA OIL+CHAMOMILLA RECUTITA FLOWER OIL+DIMETHICONE+PHENOXYETHANOL+PARFUM+AQUA,NILE > KAMMA PHARMA,MASSAGE GEL,TOPICAL,80.0,menthol,1
TOPLAG MASSAGE GEL 50 GM,توبلاج ماسساجي,MENTHOL+GLYCERIN+CAMPHOR+EUCALYPTUS+PROPYLENE GLYCOL,ITALIAN COSMETICS > OBJECTIVE PHARM,MASSAGE GEL,TOPICAL,90.0,menthol,1
TREKA 120 ML MASSAGE SPRAY,تريكا ماسساجي,CAMPHOR   MENTHOL  EUCALYPTUS,HI CARE > SPHINX,MASSAGE SPRAY,UNKNOWN,160.0,menthol,1
TRIAMAIR NASAL SPRAY 30 ML,ترياماير,ALLANTOIN+RETINOL+PROPYLENE GLYCOL+ROSEMARY+VIT. E+GLYCERIN+ALOE VERA EXT+HYALURONIC ACID+PANTHENOL+LEPTOSPERMUM PETERSONII OIL+EUCALYPTUS OIL+MENTHOL+POLYSORBATE 80+BENZALKONIUM CHLORIDE+SEA WATER,EL HELOU (HEALTHY GROUP) > ARCADIA PHARMA,NASAL DECONGESTANT,SPRAY,65.0,menthol,1
TRICOGYN VAGINAL DOUCHE 200 ML,تريكوجين,CETRIMIDE+THYME EXTRACT+MENTHOL CRYSTAL+CHAMOMILE EXTRACT+ALOE VERA EXTRACT+GLYCERIN,HI-CARE > NOVEX,VAGINAL CARE,VAGINAL,70.0,menthol,1
TRINA MASSAGE GEL 100 GM,ترينا ماسساجي,MENTHOL+EUCALYPTUS+METHYL SALICYLATE+LIDOCAINE+CAMPHOR+CLOVE EXT.,EL-HELOU PERFUMES & COSMETICS > BIOCATALYSIS,MASSAGE CREAM,TOPICAL,69.75,menthol,1
TRIVERA HAIR OIL 120 ML,تريفيرا هاير أويل,OLIVE OIL+ALMOND OIL+SOY BEAN OIL+SEASAME OIL+MENTHOL OIL+ERUCA OIL+ALOE VERA EXTRACT+WHEAT GERM OIL,HI-CARE > ELRAZY PHARMACEUTICALS-EGYPT,HAIR CARE,UNKNOWN,55.0,menthol,1
TRIVERA HAIR SHAMPOO 120 ML,تريفيرا هاير,OLIVE OIL+ALMOND OIL+SOY BEAN OIL+SEASAME OIL+MENTHOL OIL+ERUCA OIL+ALOE VERA EXTRACT+WHEAT GERM OIL,HI-CARE > ELRAZY PHARMACEUTICALS-EGYPT,HAIR CARE,TOPICAL,30.0,menthol,1
TRUE CARE 50 ML MOUTH WASH SPRAY,تروي كاري موث واش,CHLOROHEXIDINE DIGLUCONATE+OCTADECENYL AMMONIUM FLUORIDE+MENTHOL CRYSTALS+EUCALYPTUS EX+CHAMOMILE EX+THYMOL,DREAMS AL HABOBA > TRUE CARE PHARMA,MOUTH WASH SPRAY,MOUTH,50.0,menthol,1
TRUJET SCALP LOTION 100 ML,تروجيت سكالب,TRICHOGEN LS 9922+SAW PALMETTO EXTRACT+HYDROLYZED WHEAT PROTEIN+VIT E+FOLIC ACID+CARBAMIDE+CAFFEINE+TOCOPHERYL ACETATE+MENTHOL,EGYPTIAN COMPANY FOR COSMETICS > TEJEDA PHARMA,SCALP LOTION,UNKNOWN,300.0,menthol,1
TRUMIL GEL 50 GM,تروميل,HORSE CHESTNUT+CENTELLA+GLATHERIA OIL+ROSEMARY+EUCALYPTUS+CLOVE OIL+MENTHOL,LEADER COSMETICS > INTERNATIONAL GROUP PHARMA,MASSAGE CREAM,TOPICAL,19.95,menthol,1
TRUST MOVE MASSAGE,تروست موفي ماسساجي,MENTHOL+CAMPHOR+EUCALYPTUS,DREAMS ALHABOBA > MARKETOVA,ANTI INFLAMMATORY & ANALGESIC,TOPICAL,20.0,menthol,1
TRY ME PLUS CREAM 80 MG,تري مي بلوس,CLOVE OIL+MENTHOL CRYSTALS+EUCALYPTUS OIL+PANTHENOL,EL NILE FOR COSMETICS > TRY ME PHARMA FOR PHARMACEUTICAL AND COSMETIC,MASSAGE CREAM,TOPICAL,250.0,menthol,1
TULATAJ GEL 60 GM,تولاتاج,THYME EXT.+CAMPHOR+CLOVE OIL+CANOLA OIL+PEPPERMINT OIL+EUCALYPTUS OIL+VITAMIN(E+C)+APRICOT OIL+MENTHOL,EGYPTIAN COMPANY FOR COSMETICS > BIOHEALTH COMPANY FOR MEDICINES,MASSAGE CREAM,TOPICAL,98.0,menthol,1
UNICOFLEX 50 GM MASSAGE GEL,أونيكوفليكس ماسساجي,EUCALYPTUS+MENTHOL+SALITHYLATE+CAMPHOR+PROPYLENE ETHANOL+PEPPERMINT,DREAMS ALHABOBA > ALPHA OMEGA PHARMA,MASSAGE GEL,TOPICAL,45.0,menthol,1
UNIHALOX SOOTHING 30 ML SPRAY,أونيهالوكس سوثينج,SEA WATER+MENTHOL+VIT E+HYALURONIC ACID,ELLYU LABORATORY > UNITED QUARTED PHARMA,ORAL CARE,MOUTH,90.0,menthol,1
UNIMOVIMIENTO MASSAGES GEL 40GRAM,أونيموفيمينتو ماسساجيس 40جرام,CAMPHOR OIL+MENTHOL CRYSTALS+EUCALYPTUS OIL+CLOVE EXTRACT+,ITALIAN COSMITICS COMPANY > UNITED COMPANY,MASSAGE GEL,TOPICAL,34.0,menthol,1
UNITED SOOTHA NASAL SPRAY 30 ML,أونيتيد سوثا,SEA WATER+WHEAT GERM OIL+VITAMIN E+GLYCERIN+ALOE VERA LEAF EXTRACT+HYALURONIC ACID+PANTHENOL+MENTHOL+EUCALYPTUS OIL,NILE COSMETICS > UNITED CARE PHARMA,NASAL CARE,SPRAY,90.0,menthol,1
UNIVERSAL CREAM 100 GM,أونيفيرسال,GLUCOSAMINE+CHONDROITIN SULPHATE+MSM+EMU OIL+MENTHOL+VITAMIN C+CAMPHOR,HI-CARE > LINKOPHARM,MASSAGE CREAM,TOPICAL,110.0,menthol,1
UNIVERSAL CREAM 50 GM,أونيفيرسال,GLUCOSAMINE+CHONDROITIN SULPHATE+MSM+EMU OIL+MENTHOL+VITAMIN C+CAMPHOR,HI-CARE > LINKOPHARM,MASSAGE CREAM,TOPICAL,75.0,menthol,1
UNIVERSAL MASSAGE GEL 50 GM,أونيفيرسال ماسساجي,GLUCOSAMINE+CHONDROITIN SULPHATE+MSM+EMU OIL+MENTHOL+VITAMIN C+CAMPHOR,HI-CARE > LINKOPHARM,MASSAGE CREAM,TOPICAL,45.0,menthol,1
URGENT MASSAGE CREAM 50 GM,أورجينت ماسساجي,CAPSICUM ANNIUM+CAMPHOR+MENTHOL+METHYL SALICYLATE+EMU OIL,SINA > HEALTH WELL EGYPT,MASSAGE CREAM,TOPICAL,90.0,menthol,1
URGENT MASSAGE CREAM 75 GM,أورجينت ماسساجي,CAPSICUM ANNIUM+CAMPHOR+MENTHOL+METHYL SALICYLATE+EMU OIL,SINA > HEALTH WELL EGYPT,MASSAGE CREAM,TOPICAL,115.0,menthol,1
URGENT PLUS CREAM 50 GM,أورجينت بلوس,GLUCOSAMINE+CHONDROITIN+METHYL SULFONYL METHANE+SODIUM HYALURONATE+CAPSICUM ANNIUM+CAMPHOR+MENTHOL+M,SINA > HEALTH WELL EGYPT,MASSAGE CREAM,TOPICAL,110.0,menthol,1
V-CARE FACIAL CLEANSER,ف-كاري فاسيال كليانسير,TEE TREE+GLYCERIN+MENTHOL+PANTHENOL+TRICLOSAN+SALICYLIC ACID,HI CARE > HEALTH LIFE,FACIAL CLEANSER FOR ACNE,ORAL.SOLID,78.0,menthol,1
V-GUARD CREAM 50 GM,ف-جوارد,CITRIC ACID+THYME OIL+TWEEN 20+GLYCERIN+MENTHOL+ALOE VERA+TEA TREE OIL+CHAMOMILE EXTRACT+TRICLOSAN+M,LEADER COSMETICS > ORIGINAL GROUP,VAGINAL CARE,TOPICAL,26.0,menthol,1
VAGYL POWDER 10 SACHET,فاجيل,BORAX+MENTHOL+SODIUM BICARBONATE+SODIUM CHLORIDE,MUP,VAGINAL WASH,VAGINAL,45.0,menthol,1
VALDERA 100 GM GEL,فالديرا,MENTHOL CRYSTALS - CAMPHOR - EUCALYPTUS - CLOVE OIL - THYME - TEA TREE - GREEN TEA - CINNAMON -PEPPERMINT - PANTHENOL,EGYPTIAN CO. ECC > MEROZA PHARMA,TOPICAL ANALGESIC,TOPICAL,130.0,menthol,1
VALDERA ROLL-ON 60 ML,فالديرا رولل-أون,MENTHOL CRYSTALS+CAMPHOR+EUCALYPTUS+THYME+TEA TREE+GREEN TEA+CINNAMON+CLOVE+PEPPERMINT+PANTHENOL,EGYPTIAN CO. FOR COSMETICS > MEROZA PHARMA,ANALGESIC,TOPICAL,150.0,menthol,1
VALDIMIR MASSAGE CREAM 50 GM,فالديمير ماسساجي,STEARIC ACID+TRIETHANOLAMINE+MENTHOL+METHYL PARABEN+CAMPHOR+EUCALYPTUS OIL,SMARTEC > DOLAVET,MASSAGE CREAM,TOPICAL,58.0,menthol,1
VAMIX VAG.DOUCHE 150 ML,فاميكس فاج,THYME+MENTHOL+CHAMOMILE+TRICLOSAN+PH ADJUSTER,LEADER COSMETICS > ORIGINAL GROUP,VAGINAL CARE,VAGINAL,75.0,menthol,1
VAMIX VAG.DOUCHE 220 ML,فاميكس فاج,THYME+MENTHOL+CHAMOMILE+TRICLOSAN+PH ADJUSTER,LEADER COSMETICS > ORIGINAL GROUP,VAGINAL CARE,VAGINAL,95.0,menthol,1
VAMIX VAG.DOUCHE 500 ML (N/A),فاميكس فاج,THYME+MENTHOL+CHAMOMILE+TRICLOSAN+PH ADJUSTER,LEADER COSMETICS > ORIGINAL GROUP,VAGINAL CARE,VAGINAL,60.0,menthol,1
VAPOX MASSAGE SPRAY 120 ML,فابوكس ماسساجي,WINTERGREEN (SOURCE OF METHYL SALICYLATE)+MENTHOL+CAMPHOR OIL+CLOVE OIL,LEADER COSMETICS & PERFUMES CO. > MARVEL,MASSAGE,SPRAY,130.0,menthol,1
VAPVOLPE  50GM SKIN OINTMENT,فابفولبي سكين,ECULAPTUS GLABULUS OIL -MENTHOL-CAMPHOR OIL-GARLIC OIL-LAVANDULA ASGUSTIFOLIA OIL-THYMOL-VITAMIN E- NUTMEG,NILE COSMETICS > VOLPE CURE,SMOOTHING OINTMENT,TOPICAL,135.0,menthol,1
VAREX GEL 75 GM,فاريكس,CLOVE OIL+MENTHOL+THYME OIL+EUCALYPTUS OIL+PROPYLENE GLYCOL+TRICLOSAN,EGYPTIAN COMPANY FOR COSMETICS > CURA SANATA PHARMACEUTICALS,MASSAGE CREAM,TOPICAL,26.95,menthol,1
VELABACK CREAM 50 GM,فيلاباك,EUCALYPTUS+CAMPHOR+CINNAMON OIL+MENTHOL CRYSTALS,DREAMS EL HABBOBA > BIOACTIVE,MASSAGE CREAM,TOPICAL,55.0,menthol,1
VENOLITE REFRESH LEG EXTENSO (10 CM X 12 CM) 2 SHEETS,فينوليتي ريفريش ليج إكستينسو 2 شيتس,GRAPE (VITIS VINIFERA) LEAF EXTRACT+MENTHOL+EUCALYPTUS OIL+ORANGE OIL+LAVENDER OIL,LABOTTACH CO. > PARKVILLE,.,UNKNOWN,50.0,menthol,1
VEROLEX MOUTH WASH 200ML,فيروليكس موث واش,CHLORHEXIDINE+THYME+HYDROGEN PEROXIDE+CHAMOMILE+CLOVE OIL+MENTHOL+GLYCERIN+SODIUM SACCHARINE,HI-CARE > PIXEL,MOUTH WASH,MOUTH,70.0,menthol,1
VG-NORM VAG.DOUCHE 200ML,فج-نورم فاج,CHLORHEXIDINE+CHAMOMILE+ALOE VERA+THYME+CASEIN+ALUM+MENTHOL+GLYCERIN,HI-CARE > PIXEL,VAGINAL CARE,VAGINAL,23.0,menthol,1
VICTOR CREAM 50 GM,فيكتور,CARBOMER+BEES WAX+CHAMOMILE EXTRACT+MENTHOL CRYSTALS+CAMPHOR+EUCALYPTUS+LAVENDER,LEADER COSMETICS > SONESTA PHARMA,MASSAGE CREAM,TOPICAL,24.5,menthol,1
VIMORA VAGINAL GEL CLEANSER 120 ML,فيمورا كليانسير,HYALURONIC ACID+LACTIC ACID+THYME+VITAMIN E+TEA TREE OIL+ALOE VERA+CITRIC ACID+CHAMOMILE+MENTHOL,HI-CARE > RONY PHARMA,VAGINAL CARE,VAGINAL,60.0,menthol,1
VIMTO MASSAGE GEL 50 GM,فيمتو ماسساجي,CAMPHOR OIL+MENTHOL,MASH PREMIERE,MASSAGE,TOPICAL,50.0,menthol,1
VIRONA VAGINAL CLEANSER 250 ML,فيرونا كليانسير,CUCUMBER EXTRACT+CHAMOMILE EXTRACT+TEA TREE OIL+GLYCERIN+CHLORHEXIDINE+LIQUORICE+TRICLOSAN+MENTHOL,SMARTEC > SANVIX PHARMA,VAGINAL CARE,VAGINAL,46.0,menthol,1
VIVA PULSE SOOTHING GEL 20G,فيفا بولسي سوثينج,L-ARGININE+GINSENG+DAMIANA+YOHIMBINE DARK+ALOE VERA+MENTHOL+MACA ROOT+TRIBULUS TERRESTRIS FRUIT EXTRACT+FENUGREEK+PANTHENOL+C ARBOMER+ALOE BARBDENSIS+LEPIDIUM+MEYENLL ROOT EXTRACT+GLYCERINE,KEMPETRO FOR CHEMICAL INDUSTRIES   PHARMACEUTICALS & COSMETICS > VINA PHARMA FOR PHARMACEUTICAL TRADING-VINA FARMA,TOPICAL GEL,TOPICAL,280.0,menthol,1
VODIAL VAGINAL GEL 120 ML,فوديال,MENTHOL+ALOE VERA+CHAMOMILE EXTRACT+LEXOL 300+GLYCERIN+COCAMIDOPROPYL BETAINE+PEG 7+METHYL PARABEN+F,E.C.C > MEGAMED,VAGINAL CARE,VAGINAL,55.0,menthol,1
VOLVSAG 60 GM MASSAGE GEL,فولفساج ماسساجي,MENTHOL+MENTHA OIL+CHAMPHOR OIL+EUCALYPTUS OIL+THYMUS OIL+PANTHENOL+TRIETHANOLAMINE+DMDM HYDANATION+WATER,SMARTEC > IDOL,MASSAGE GEL,TOPICAL,70.0,menthol,1
VOTA GEL 15 GM,فوتا,VITAMIN E+MENTHOL CRYSTALS+L-ARGININE+METHYL NICOTINATE,AL ESRAA PHARMACEUTICAL OPTIMA,PREMATURE EJACULATION,TOPICAL,38.0,menthol,1
WASH MIX MOUTH SPRAY 60ML,واش ميكس موث,COCAMIDO PROPYL BETAINE+CHLORHEXIDINE GLUCONATE+ETHANOL+SODIUM BENZOATE+CLOVE OIL+CHAMOMILE+MENTHOL+,EGYPTIAN COMPANY FOR COSMETICS > PHARMIX,ORAL CARE,MOUTH,25.0,menthol,1
WE BIO 120 ML LOTION,وي بيو,ZINK OXIDE+OLIVE OIL+ALLANTOIN+CELLULOSE GUM+COMPHOR+MENTHOL+GLYCERIN,ITALIAN COSMETICS > WE PHARMA,SOOTHING LOTION,UNKNOWN,29.0,menthol,1
WE.GEL GEL 25 GM,وي,L-ARGININE+METHYL NICOTINATE+MENTHOL+VITAMINE E,LEADER COSMETICS > TOP Z,PERSONAL LUBRICANT,TOPICAL,55.0,menthol,1
WE.GEL GEL 75 GM,وي,L-ARGININE+METHYL NICOTINATE+MENTHOL+VITAMINE E,LEADER COSMETICS > TOP Z,PERSONAL LUBRICANT,TOPICAL,85.0,menthol,1
WEEDOBON  MASSAGE GEL 60 GM,ويدوبون ماسساجي,MENTHOL CRYSTALS+PEPPERMINT OIL+CAMPHOR OIL CLOVE OIL+EUCALYPTUS OIL+GREEN TEA,ECC > WE ONE PHARMA COMPANY,MASSAGE GEL,TOPICAL,48.0,menthol,1
WELLFEMME INTIMATE FEMININE WASH 100 ML,ويللفيممي إنتيماتي فيمينيني واش,ALLANTOIN+TEA TREE OIL+ALOE VERA EXTRACT+MENTHOL+CHAMOMILE+THYMUS VULGARIS,SMARTEC > WELLNESS PHARMA,VAGINAL CARE,VAGINAL,40.0,menthol,1
WELLFEMME INTIMATE FEMININE WASH 200 ML,ويللفيممي إنتيماتي فيمينيني واش,ALLANTOIN+TEA TREE OIL+ALOE VERA EXTRACT+MENTHOL+CHAMOMILE+THYMUS VULGARIS,SMARTEC > WELLNESS PHARMA,VAGINAL CARE,VAGINAL,75.0,menthol,1
WINTEREST CREAM 50 GM,وينتيريست,METHYL SALICYLATE+MAGNESIUM+MENTHOL+VIT B6+VIT D+ARNICA,DREAMS EL HABBOBA > SPENDIX INC,MUSCLE RELAXANT CREAM,TOPICAL,137.0,menthol,1
WITTY GEL 60 GM,ويتتي,MENTHOL+PEG 400+EUCALYPTUS,EGYPTIAN COMPANY FOR COSMETICS > SP,MASSAGE CREAM,TOPICAL,28.0,menthol,1
WOMANIX FEMININE CLEANSER 150 ML,وومانيكس فيمينيني كليانسير,IRGASAN+THYMOL+MENTHOL+CHAMOMILE EXT+CITRIC ACID+MALLOW EXT+GLYCERIN,COSMOPACK > DAWA PHARMA,VAGINAL WASH,VAGINAL,20.0,menthol,1
WOMENS GUARD INTIMATE FEMININE WASH,وومينس جوارد إنتيماتي فيمينيني واش,SODIUM LAURYL SULFATE+ALLANTOIN+MENTHOL+CHAMOMILLA RECUTITA EXTRACT+MELALEUCA ALTERNIFOLIA LEAF OIL+CITRUS LIMON PEEL OIL+CARBOXYMETHYL HYDROXYETHYLCELLULOSE+POLYSORBATE 80+CETRIMONIUM CHLORIDE+PROPOLIS EXTRACT+ROSMARINUS OFFICINALIS EXTRACT+PROPYLENE GLYCOL+COCAMIDOPROPYL+BETAINE+HEXAMIDINE+TOCOPHERYL ACETATE+PEG40+CASTOR OIL+CHLORHEXIDINE+THYMUS VULGARIS EXTRACT+CITRIC ACID+PERFUME (HERBAL)+,EL NILE FOR COSMETICS > PHARMA DREAM FOR COSMETICS,INTIMATE VAGINAL WASH,VAGINAL,69.0,menthol,1
X-DERM LOTION 60ML,كس-ديرم,GLYCERIN+CAMPHOR+MENTHOL+VITAMIN E+ZINC OXIDE+PROPYLENE GLYCOL+METHYL PARABEN,HI-CARE > FALCON GROUP,SOOTHING TOPICAL,UNKNOWN,29.5,menthol,1
YAGO MOUTH WASH 250 ML,ياجو موث واش,CHLORHEXIDINE+CETRAMIDE+CLOVE OIL+MENTHOL+EUCALYPTOL+SODIUM FLUORIDE,COSMOPACK > IBM PHARMA,ORAL CARE,MOUTH,55.0,menthol,1
YAREF GEL 50 GM,ياريف,GLUCOSAMINE+MSM+MENTHOL+CAMPHOR+EMU OIL,EL-HELOU PERFUMES & COSMETICS > DAWAA PHARMA,MASSAGE CREAM,TOPICAL,34.5,menthol,1
YOGIN 100 GM CREAM,يوجين,STEARIC ACID+TRIETHANOLAMINE+MENTHOL+CAMPHR,ECC > ATLANTIC GROUP,MASSAGE CREAM,TOPICAL,68.0,menthol,1
YORAYAL MASSAGE GEL 30 GM,يورايال ماسساجي,TEE TREE OIL+PEPPERMENT OIL+CLOVE OIL+CAMPHOR+MENTHOL+GLYCERIN,ELNILE COSMATICS > ELSALAM PHARMA,MASSAGE GEL,TOPICAL,24.5,menthol,1
YOSTER GEL   50 GM,يوستير,CAMPHOR OIL+MENTHOL OIL+METHYL SALICYLATE,NILE COSMETICS > 4S PHARMA,MASSAGE GEL,TOPICAL,70.0,menthol,1
YOSYHAIR SHAMPOO 250 ML,يوسيهاير,BIOTIN+NICOTINAMIDE+PANTHENOL+TOCOPHEROL ACETATE+SALICYLIC ACID+MENTHOL,ITALIAN COSMOTIC COMPANY > UNITED COMPANY,HAIR CARE,TOPICAL,65.0,menthol,1
ZADSILLA GARGLE 60 ML,زادسيللا,ALUMINIUM CHLORIDE+CALCIUM HYDROXIDE+MENTHOL,KAHIRA > ZAD,ORAL CARE,UNKNOWN,4.0,menthol,1
ZAFFO MASSAGE GEL 75 GM,زاففو ماسساجي,CAMPHOR OIL+EUCALYPTUS+MENTHOL CRYSTAL,EVITA FOR COSMETICS > MG PHARMA,MASSAGE,TOPICAL,85.0,menthol,1
ZEESHAN 60GM CREAM,زيشان,CAMPHOR OIL+METHYL PARABEN+EUCALYPTUS OIL+MENTHOL CRYSTAL,NILE COSMETICS > P PHARM,MASSAGE CREAM,TOPICAL,59.0,menthol,1
ZELUXIA MASSAG 100GM CREAM,زيلوكسيا ماسساج,METHYL SALICYLATE - CAMPHOR - MENTHOL - EUCALYPTUS - CLOVE - PEPERMINT OIL,ITALIAN COSMOTICS COMPANY > GREEN CURE PHARMA,MASSAGE CREAM,UNKNOWN,120.0,menthol,1
ZENTA CREAM 30 GM,زينتا,CAMPHOR+EUGENOL+MENTHOL,LEADER > PHARMA VISION,ANALGESIC,TOPICAL,18.5,menthol,1
ZENTA CREAM 50 GM,زينتا,CAMPHOR+EUGENOL+MENTHOL,LEADER > PHARMA VISION,ANALGESIC,TOPICAL,35.0,menthol,1
ZIMAS 125 ML MASSAGE SPRAY,زيماس ماسساجي,METHYL SALICYLATE-MENTHOL CRYSTALS - CAMPHOR OIL - EUCALYPTUS - CLOVE OIL-GINGER - CHAMOMILE,ITALIAN COSMOTICS COMPANY > SKILLS CARE PHARMA,MASSAGE SPRAY,UNKNOWN,130.0,menthol,1
ZINTOL TOPICAL LOTION 100 ML,زينتول,ZINC OXIDE+GLYCERIN+VITAMIN E+CALENDULA EXT.+CHAMOMILE+PANTHENOL+MENTHOL+OLIVE OIL+PARAFFIN OIL+STEARIC ACID,HI-CARE > MASTER MED PHARMA,SKIN CARE,UNKNOWN,45.0,menthol,1
ZIRA TOPICAL GEL 20 GM,زيرا,DIPHENHYDRAMINE+MENTHOL+ZINC ACETATE,BORG,ANTIHISTAMINE COMBINED WITH ANTIPRURITICS,TOPICAL,5.75,menthol,1
ZOOVY  SPRAY,زوفي,CLOVE OIL+MENTHOL OIL+CHLORHEXIDINE+CINNAMON OIL+VIT E,ELNIL > HEALING PHARMA,ORAL CARE,UNKNOWN,79.0,menthol,1
NEO-MEDANINE 15MG 50 TAB.,نيو-ميدانيني,METHOXSALEN=AMMOIDIN=XANTHOTOXIN,MEMPHIS,ANTIPSORIATIC,ORAL.SOLID,34.8,methoxsalen,2
NEO-MEDANINE F.R.10MG 50 TAB.,نيو-ميدانيني ف.ر,METHOXSALEN=AMMOIDIN=XANTHOTOXIN,MEMPHIS,ANTIPSORIATIC,ORAL.SOLID,25.8,methoxsalen,2
ULTRA-MEDANINE 0.2% LOCAL PAINT 15 ML,أولترا-ميدانيني 0.2% لوكال باينت,METHOXSALEN=AMMOIDIN=XANTHOTOXIN,MEMPHIS,ANTIPSORIATIC,UNKNOWN,37.0,methoxsalen,2
ULTRA-MEDANINE 10 MG 20 CAPS.,أولترا-ميدانيني,METHOXSALEN=AMMOIDIN=XANTHOTOXIN,MEMPHIS,PSORIASIS,ORAL.SOLID,36.0,methoxsalen,2
MORPHINE SULPHATE 10 MG/ML 6 AMP.,مورفيني سولفاتي /مل,MORPHINE,MISR,ANALGESICS.OPIOID,INJECTION,102.0,morphine,1
MORPHINE SULPHATE 20 MG/ML 6 AMP.,مورفيني سولفاتي /مل,MORPHINE,MISR,ANALGESICS.OPIOID,INJECTION,135.0,morphine,1
MST 30MG 10 CONTINUS TAB.,مست 10 كونتينوس,MORPHINE,MUP > MUNDIPHARMA,ANALGESICS.OPIOID,ORAL.SOLID,77.0,morphine,1
SERPANO VAGINAL WASH 250 ML,سيربانو واش,CHLORHEXIDINE+TEA TREE OIL+CHAMOMILE+THYME EXTRACT+ROSMARINIC ACID+ALLANTOIN+MENTHOL CRYSTALS+GLYCERIN+CITRIC ACID,ELHELW GROUP COMPANY > DOCTORS PHARMA,VAGINAL DOUSH,VAGINAL,55.0,rosmarinic acid,2
TWIT-TEAR ALLERGY EYE DROPS 10 ML,تويت-تيار ألليرجي إيي,HYALURONIC ACID SODIUM SALT+ROSMARINIC ACID+VITAMIN B12,COC FARMACEUTICI > GMG OPHTHALMICS,EYE LUBRICANT & ANTI-ALLERGIC,ORAL.LIQUID,360.0,rosmarinic acid,1
ALPHA HEPADOX 20 CAPS.,ألفا هيبادوكس,GLUTATHIONE+SILYMARIN+VITAMIN(B1+B2+B6+B12+C+E)+METHIONINE+INOSITOL+WHEY PROTEIN,ARAB CAPS > ZOSER PHARMA,LIVER SUPPORT SUPPLEMENT,ORAL.SOLID,60.0,silymarin,1
BIONAL 30 CAPS.,بيونال,SILYMARIN+ASTRAGALUS ROOT EXTRACT+ZINC+SELENIUM+VITAMIN C+LECITHIN POWDER,ARAB CAPS > MULTICARE,LIVER SUPPORT SUPPLEMENT,ORAL.SOLID,192.0,silymarin,1
BRIGHT LIV 20 CAP,بريغت ليف,SILYMARIN+.D.D.B+PROPOLIS+LECITHIN+INOSITOL+DANDELION+BIOTIN+VITAMIN E,EL GHAZERA PHARMA > LIMACO PHARMA,LIVER SUPPORT,ORAL.SOLID,50.0,silymarin,1
CYNCHOLINE PLUS 20 CAPS.,سينتشوليني بلوس,CYNARA DRY EXTRACT+MENTHOL+MAGNESIUM OXIDE+SILYMARIN,MEPACO,LIVER SUPPORT SUPPLEMENT,ORAL.SOLID,45.0,silymarin,2
EXACT 150MG 30 CAPS. (N/A),إكساكت,SILYMARIN(MILK THISTLE EXTRACT),NAPCO,LIVER SUPPORT SUPPLEMENT,ORAL.SOLID,18.0,silymarin,1
GLUTOMARINE 20 CAPS.,جلوتوماريني,GLUTATHIONE+SILYMARINE+VITAMIN B12+VITAMIN C,ARAB DRUG COMPANY (ADCO),ANTIOXIDANT,ORAL.SOLID,24.0,silymarin,1
HEPAGUARD 40 TAB.,هيباجوارد,ACETYLCYSTEINE+SILYMARIN,EVA PHARMA,LIVER SUPPORT SUPPLEMENT,ORAL.SOLID,20.0,silymarin,1
HEPAGYZAR 30 CAPS.,هيباجيزار,SILYMARIN+SOYA LECITHIN+VITAMIN C+ASTRAGALUS ROOT PWD EXT.+ZINC+L-SELENIUM,GRAND PHARMA > EGYPHARMA,LIVER SUPPORT,ORAL.SOLID,52.5,silymarin,1
HEPAMARIN 140MG 30 CAPS.,هيبامارين,SILYMARIN(MILK THISTLE EXTRACT),UNIPHARMA,LIVER SUPPORT,ORAL.SOLID,150.0,silymarin,1
HEPAPRO 20 SOFT GELATIN CAP.,هيبابرو 20 سوفت جيلاتين,CURCUMIN+SILYMARIN,MEDIZEN PHARMACEUTICAL INDUSTRIES,LIVER SUPPORT SUPPLEMENT,ORAL.SOLID,24.0,silymarin,1
HEPASTRONG 20 CAPS.,هيباسترونج,ACETYLCYSTEINE+SILYMARIN+VITAMIN(B1+B2+B6+B12+C+E)+METHIONINE+INOSITOL+WHEY PROTEIN,UNIPHARMA CO. > AL HADIDI PHARMA,LIVER SUPPORT SUPPLEMENT,ORAL.SOLID,24.0,silymarin,1
HEPATIC FORTE 30 SOFT GELATIN CAPS.,هيباتيك فورتي 30 سوفت جيلاتين,OROTIC ACID+PHOSPHOLIPIDS+SILYMARIN,ADWIA,LIVER SUPPORT SUPPLEMENT,ORAL.SOLID,21.0,silymarin,1
HEPATICUM 10MG/ML SUSP. 120ML,هيباتيكوم /مل,SILYMARIN(MILK THISTLE EXTRACT),MUP,LIVER SUPPORT SUPPLEMENT,ORAL.LIQUID,75.0,silymarin,1
HEPATICUM 140 MG 30 CAPS.,هيباتيكوم,SILYMARIN(MILK THISTLE EXTRACT),MUP,LIVER SUPPORT SUPPLEMENT,ORAL.SOLID,165.0,silymarin,1
HIGH NOX 20 CAPS.,هيغ نوكس,SILYMARIN+VITAMIN C+VITAMIN A+VITAMIN E+ZINC+SELENIUM,HI-PHARM > ASTRA PHARMA,LIVER SUPPORT,ORAL.SOLID,120.0,silymarin,1
HIPAMAX PLUS 20 CAPS.,هيباماكس بلوس,VITAMIN C+VITAMIN E+SELENIUM+ZINC+GLUTATHIONE+VITAMIN B1+VITAMIN B2+VITAMIN B6+VITAMIN B12+SILYMARIN,MARCYRL PHARMACEUTICAL INDUSTRIES (MPI),LIVER SUPPORT SUPPLEMENT,ORAL.SOLID,76.0,silymarin,1
LEGALEX 70MG 40 TAB. (N/A),ليجاليكس,SILYMARIN(MILK THISTLE EXTRACT),ALEXANDRIA,LIVER SUPPORT SUPPLEMENT,ORAL.SOLID,12.0,silymarin,1
LEGALON 140 MG 30 CAPS.,ليجالون,SILYMARIN(MILK THISTLE EXTRACT),CID > MADAUS AG,LIVER SUPPORT SUPPLEMENT,ORAL.SOLID,75.0,silymarin,1
LEGALON 70MG 40 TAB. (N/A),ليجالون,SILYMARIN(MILK THISTLE EXTRACT),CID > MADAUS AG,LIVER SUPPORT SUPPLEMENT,ORAL.SOLID,19.0,silymarin,1
LIVAMARIN 140MG 5 SACHETS (N/A),ليفامارين,SILYMARIN(MILK THISTLE EXTRACT),AMRIYA > EUROPEAN EGYPTIAN PHARM. IND.,LIVER SUPPORT,UNKNOWN,6.0,silymarin,1
LIVIT 30 S.G. CAP,ليفيت 30 س.ج,GLUTATHIONE+SELENIUM+SILYMARIN+VITAMIN(A+B1+B2+B6+B12+C+E)+ZINC,EUROPEAN EGYPTIAN PHARM. IND.,LIVER SUPPORT SUPPLEMENT,ORAL.SOLID,43.2,silymarin,1
LIVOPROTEC 140MG 10 SACHET (N/A),ليفوبروتيك,SILYMARIN(MILK THISTLE EXTRACT),PHAROPHARMA,LIVER SUPPORT,UNKNOWN,9.0,silymarin,1
MARIAGON 140 MG 30 CAPS.,مارياجون,SILYMARIN(MILK THISTLE EXTRACT),ALFACURE PHARMACEUTICALS,LIVER SUPPORT SUPPLEMENT,ORAL.SOLID,150.0,silymarin,1
MARINOSIL 200 MG 30 CAPS.,مارينوسيل,SILYMARIN(MILK THISTLE EXTRACT),INTERNATIONAL DRUG AGENCY (IDI) > BIOCAPITAL PHARMA,LIVER SUPPORT,ORAL.SOLID,49.5,silymarin,1
MEPACURE 30 CAPS.,ميباكوري,BIPHENYL DIMETHYL DICARBOXYLATE+SILYMARIN,MEPACO,LIVER SUPPORT,ORAL.SOLID,9.5,silymarin,1
MEPASIL 160 MG 20 TABS,ميباسيل,SILYMARIN(MILK THISTLE EXTRACT),MEPACO,LIVER SUPPORT SUPPLEMENT,ORAL.SOLID,60.0,silymarin,1
MEPASIL 80% SUSP. 120 ML,ميباسيل 80%,SILYMARIN(MILK THISTLE EXTRACT),MEPACO,LIVER SUPPORT SUPPLEMENT,ORAL.LIQUID,10.0,silymarin,1
SELECTIVAL 20 CAPSULES,سيليكتيفال,VITAMIN C+VITAMIN E+SELENIUM+ZINC+VITAMIN B12+SILYMARIN+DANDELION+FOLIC ACID,EGYPHAR,LIVER SUPPORT SUPPLEMENT,ORAL.SOLID,100.0,silymarin,1
SILIMAR 140MG 30 TABS. (N/A),سيليمار,SILYMARIN(MILK THISTLE EXTRACT),EL-OBOUR,HEPATOPROTECTIVE,ORAL.SOLID,18.0,silymarin,1
SILIPEX 30 CAPS.,سيليبيكس,SILYMARIN-LECITHIN COMPLEX,FUTURE PHARMACEUTICAL INDUSTRIES (FPI) > EMA PHARM,LIVER SUPPORT SUPPLEMENT,ORAL.SOLID,90.0,silymarin,1
SILYMARIN PLUS 140MG 10 SACHETS,سيليمارين بلوس,SILYMARIN+ACETYLCYSTEINE+VITAMIN (A+E+C)+ZINC,SEDICO,LIVER SUPPORT,UNKNOWN,45.0,silymarin,1
SILYMARIN PLUS 20 CAPS.,سيليمارين بلوس,SILYMARIN+VITAMIN A+VITAMIN E+SELENIUM+ZINC,SEDICO,LIVER SUPPORT,ORAL.SOLID,56.0,silymarin,1
SILYMARIN ZINC 30 CAPS.,سيليمارين زينك,SILYMARIN+ZINC,ARAB CAPS,LIVER SUPPORT SUPPLEMENT,ORAL.SOLID,21.0,silymarin,1
URSOPLUS 20 CAPS.,أورسوبلوس,SILYMARIN+URSODEOXYCHOLIC ACID,MINA PHARM,LIVER SUPPORT,ORAL.SOLID,174.0,silymarin,1
CYTOBLASTIN 10MG VIAL,سيتوبلاستين,VINBLASTINE SULPHATE,CIPLA LTD. - INDIA > STAR INTERNATIONAL COMPANY,ANTINEOPLASTIC,UNKNOWN,90.0,vinblastine,1
VELBASTINE 10MG VIAL FOR I.V. INF.(N/A),فيلباستيني,VINBLASTINE SULPHATE,KOREA UNITED PHARMA > EIMC,ANTINEOPLASTIC,INJECTION,60.0,vinblastine,1
BRAIN-OX 30 MG S.R. 20 CAPS.,براين-أوكس س.ر,VINCAMINE,OCTOBER PHARMA,CEREBRAL CIRCULATORY INHANCER,ORAL.SOLID,170.0,vincamine,1
CERVITAM 20 CAPS.,سيرفيتام,PIRACETAM+VINCAMINE,EGYPHAR,CEREBRAL CIRCULATORY INHANCER,ORAL.SOLID,118.0,vincamine,1
OXYBRAL 30MG 20 S.R.CAPS. (CANCELLED),أوكسيبرال,VINCAMINE,GLAXO SMITHKLINE,CEREBRAL CIRCULATORY INHANCER,ORAL.SOLID,18.0,vincamine,1
VINCABRAL 30MG 50 CAPS.,فينكابرال,VINCAMINE,PHARCO,CEREBRAL CIRCULATORY INHANCER,ORAL.SOLID,34.75,vincamine,1
VINCRISTINE SULPHATE 1MG/ML (1MG) I.V. VIAL,فينكريستيني سولفاتي /مل,VINCRISTINE,HOSPIRA INC.-UK > PFIZER,ANTINEOPLASTIC,INJECTION,19.0,vincristine,1
VINCRISTINE SULPHATE 1MG/ML (2MG) I.V. VIAL,فينكريستيني سولفاتي /مل,VINCRISTINE,HOSPIRA INC.-UK > PFIZER,ANTINEOPLASTIC,INJECTION,43.0,vincristine,1
VINCRISTINE SULPHATE 1MG/ML (5MG) I.V. VIAL,فينكريستيني سولفاتي /مل,VINCRISTINE,HOSPIRA INC.-UK > PFIZER,ANTINEOPLASTIC,INJECTION,78.0,vincristine,1
VINRACINE 1MG/ML (1MG) 5 VIAL,فينراسيني /مل,VINCRISTINE,HIKMA SPECIALIZED PHARMACEUTICALS,ANTINEOPLASTIC,INJECTION,515.0,vincristine,1
VINRACINE 1MG/ML (2MG) 5 VIAL,فينراسيني /مل,VINCRISTINE,HIKMA SPECIALIZED PHARMACEUTICALS,ANTINEOPLASTIC,INJECTION,620.0,vincristine,1
NEO-MEDANINE 15MG 50 TAB.,نيو-ميدانيني,METHOXSALEN=AMMOIDIN=XANTHOTOXIN,MEMPHIS,ANTIPSORIATIC,ORAL.SOLID,34.8,xanthotoxin,2
NEO-MEDANINE F.R.10MG 50 TAB.,نيو-ميدانيني ف.ر,METHOXSALEN=AMMOIDIN=XANTHOTOXIN,MEMPHIS,ANTIPSORIATIC,ORAL.SOLID,25.8,xanthotoxin,2
ULTRA-MEDANINE 0.2% LOCAL PAINT 15 ML,أولترا-ميدانيني 0.2% لوكال باينت,METHOXSALEN=AMMOIDIN=XANTHOTOXIN,MEMPHIS,ANTIPSORIATIC,UNKNOWN,37.0,xanthotoxin,2
ULTRA-MEDANINE 10 MG 20 CAPS.,أولترا-ميدانيني,METHOXSALEN=AMMOIDIN=XANTHOTOXIN,MEMPHIS,PSORIASIS,ORAL.SOLID,36.0,xanthotoxin,2
