period,hs4,cmdCode,cmdDesc,partnerCode,partnerDesc,is_world,cifvalue,netWgt,qty
2015,1211,1211,"Plants and parts of plants (including seeds and fruits), used primarily in perfumery, pharmacy; for insecticidal, fungicidal or similar purposes, fresh or dried, whether or not crushed or powdered",0,World,True,12083120.85,2385787.468,2385787.468
2015,1211,1211,"Plants and parts of plants (including seeds and fruits), used primarily in perfumery, pharmacy; for insecticidal, fungicidal or similar purposes, fresh or dried, whether or not crushed or powdered",4,Afghanistan,False,377044.715,76104.546,76104.546
2015,1211,1211,"Plants and parts of plants (including seeds and fruits), used primarily in perfumery, pharmacy; for insecticidal, fungicidal or similar purposes, fresh or dried, whether or not crushed or powdered",8,Albania,False,663208.284,133865.198,133865.198
2015,1211,1211,"Plants and parts of plants (including seeds and fruits), used primarily in perfumery, pharmacy; for insecticidal, fungicidal or similar purposes, fresh or dried, whether or not crushed or powdered",31,Azerbaijan,False,118625.348,23943.919,23943.919
2015,1211,1211,"Plants and parts of plants (including seeds and fruits), used primarily in perfumery, pharmacy; for insecticidal, fungicidal or similar purposes, fresh or dried, whether or not crushed or powdered",56,Belgium,False,14868.21,3001.072,3001.072
2015,1211,1211,"Plants and parts of plants (including seeds and fruits), used primarily in perfumery, pharmacy; for insecticidal, fungicidal or similar purposes, fresh or dried, whether or not crushed or powdered",100,Bulgaria,False,112290.196,22665.201,22665.201
2015,1211,1211,"Plants and parts of plants (including seeds and fruits), used primarily in perfumery, pharmacy; for insecticidal, fungicidal or similar purposes, fresh or dried, whether or not crushed or powdered",124,Canada,False,5768.763,1164.395,1164.395
2015,1211,1211,"Plants and parts of plants (including seeds and fruits), used primarily in perfumery, pharmacy; for insecticidal, fungicidal or similar purposes, fresh or dried, whether or not crushed or powdered",156,China,False,616750.405,103982.571,103982.571
2015,1211,1211,"Plants and parts of plants (including seeds and fruits), used primarily in perfumery, pharmacy; for insecticidal, fungicidal or similar purposes, fresh or dried, whether or not crushed or powdered",191,Croatia,False,474.522,95.78,95.78
2015,1211,1211,"Plants and parts of plants (including seeds and fruits), used primarily in perfumery, pharmacy; for insecticidal, fungicidal or similar purposes, fresh or dried, whether or not crushed or powdered",196,Cyprus,False,28307.816,5713.788,5713.788
2015,1211,1211,"Plants and parts of plants (including seeds and fruits), used primarily in perfumery, pharmacy; for insecticidal, fungicidal or similar purposes, fresh or dried, whether or not crushed or powdered",251,France,False,886.515,178.939,178.939
2015,1211,1211,"Plants and parts of plants (including seeds and fruits), used primarily in perfumery, pharmacy; for insecticidal, fungicidal or similar purposes, fresh or dried, whether or not crushed or powdered",268,Georgia,False,37609.115,7591.207,7591.207
2015,1211,1211,"Plants and parts of plants (including seeds and fruits), used primarily in perfumery, pharmacy; for insecticidal, fungicidal or similar purposes, fresh or dried, whether or not crushed or powdered",276,Germany,False,211691.617,10807.931,10807.931
2015,1211,1211,"Plants and parts of plants (including seeds and fruits), used primarily in perfumery, pharmacy; for insecticidal, fungicidal or similar purposes, fresh or dried, whether or not crushed or powdered",300,Greece,False,226632.22,45744.554,45744.554
2015,1211,1211,"Plants and parts of plants (including seeds and fruits), used primarily in perfumery, pharmacy; for insecticidal, fungicidal or similar purposes, fresh or dried, whether or not crushed or powdered",320,Guatemala,False,20675.122,4173.168,4173.168
2015,1211,1211,"Plants and parts of plants (including seeds and fruits), used primarily in perfumery, pharmacy; for insecticidal, fungicidal or similar purposes, fresh or dried, whether or not crushed or powdered",360,Indonesia,False,213366.665,43066.969,43066.969
2015,1211,1211,"Plants and parts of plants (including seeds and fruits), used primarily in perfumery, pharmacy; for insecticidal, fungicidal or similar purposes, fresh or dried, whether or not crushed or powdered",364,Iran,False,94762.25,19127.275,19127.275
2015,1211,1211,"Plants and parts of plants (including seeds and fruits), used primarily in perfumery, pharmacy; for insecticidal, fungicidal or similar purposes, fresh or dried, whether or not crushed or powdered",388,Jamaica,False,4031.155,813.668,813.668
2015,1211,1211,"Plants and parts of plants (including seeds and fruits), used primarily in perfumery, pharmacy; for insecticidal, fungicidal or similar purposes, fresh or dried, whether or not crushed or powdered",422,Lebanon,False,21057.967,4250.443,4250.443
2015,1211,1211,"Plants and parts of plants (including seeds and fruits), used primarily in perfumery, pharmacy; for insecticidal, fungicidal or similar purposes, fresh or dried, whether or not crushed or powdered",504,Morocco,False,315327.352,63647.212,63647.212
2015,1211,1211,"Plants and parts of plants (including seeds and fruits), used primarily in perfumery, pharmacy; for insecticidal, fungicidal or similar purposes, fresh or dried, whether or not crushed or powdered",528,Netherlands,False,2214.177,446.92,446.92
2015,1211,1211,"Plants and parts of plants (including seeds and fruits), used primarily in perfumery, pharmacy; for insecticidal, fungicidal or similar purposes, fresh or dried, whether or not crushed or powdered",566,Nigeria,False,310969.167,62767.535,62767.535
2015,1211,1211,"Plants and parts of plants (including seeds and fruits), used primarily in perfumery, pharmacy; for insecticidal, fungicidal or similar purposes, fresh or dried, whether or not crushed or powdered",586,Pakistan,False,2761633.851,556719.304,556719.304
2015,1211,1211,"Plants and parts of plants (including seeds and fruits), used primarily in perfumery, pharmacy; for insecticidal, fungicidal or similar purposes, fresh or dried, whether or not crushed or powdered",600,Paraguay,False,132271.532,26698.332,26698.332
2015,1211,1211,"Plants and parts of plants (including seeds and fruits), used primarily in perfumery, pharmacy; for insecticidal, fungicidal or similar purposes, fresh or dried, whether or not crushed or powdered",616,Poland,False,24894.45,5024.817,5024.817
2015,1211,1211,"Plants and parts of plants (including seeds and fruits), used primarily in perfumery, pharmacy; for insecticidal, fungicidal or similar purposes, fresh or dried, whether or not crushed or powdered",682,Saudi Arabia,False,6564.284,1324.967,1324.967
2015,1211,1211,"Plants and parts of plants (including seeds and fruits), used primarily in perfumery, pharmacy; for insecticidal, fungicidal or similar purposes, fresh or dried, whether or not crushed or powdered",699,India,False,942631.465,190265.337,190265.337
2015,1211,1211,"Plants and parts of plants (including seeds and fruits), used primarily in perfumery, pharmacy; for insecticidal, fungicidal or similar purposes, fresh or dried, whether or not crushed or powdered",704,Viet Nam,False,24673.04,4980.127,4980.127
2015,1211,1211,"Plants and parts of plants (including seeds and fruits), used primarily in perfumery, pharmacy; for insecticidal, fungicidal or similar purposes, fresh or dried, whether or not crushed or powdered",706,Somalia,False,21759.55,4392.054,4392.054
2015,1211,1211,"Plants and parts of plants (including seeds and fruits), used primarily in perfumery, pharmacy; for insecticidal, fungicidal or similar purposes, fresh or dried, whether or not crushed or powdered",729,Sudan,False,67507.451,13626.033,13626.033
2015,1211,1211,"Plants and parts of plants (including seeds and fruits), used primarily in perfumery, pharmacy; for insecticidal, fungicidal or similar purposes, fresh or dried, whether or not crushed or powdered",760,Syria,False,2974933.968,600475.196,600475.196
2015,1211,1211,"Plants and parts of plants (including seeds and fruits), used primarily in perfumery, pharmacy; for insecticidal, fungicidal or similar purposes, fresh or dried, whether or not crushed or powdered",784,United Arab Emirates,False,66186.734,13359.453,13359.453
2015,1211,1211,"Plants and parts of plants (including seeds and fruits), used primarily in perfumery, pharmacy; for insecticidal, fungicidal or similar purposes, fresh or dried, whether or not crushed or powdered",788,Tunisia,False,122898.702,24806.474,24806.474
2015,1211,1211,"Plants and parts of plants (including seeds and fruits), used primarily in perfumery, pharmacy; for insecticidal, fungicidal or similar purposes, fresh or dried, whether or not crushed or powdered",792,Türkiye,False,737446.49,148849.8,148849.8
2015,1211,1211,"Plants and parts of plants (including seeds and fruits), used primarily in perfumery, pharmacy; for insecticidal, fungicidal or similar purposes, fresh or dried, whether or not crushed or powdered",826,United Kingdom,False,9062.03,1829.124,1829.124
2015,1211,1211,"Plants and parts of plants (including seeds and fruits), used primarily in perfumery, pharmacy; for insecticidal, fungicidal or similar purposes, fresh or dried, whether or not crushed or powdered",842,USA,False,1046.722,211.275,211.275
2015,1211,1211,"Plants and parts of plants (including seeds and fruits), used primarily in perfumery, pharmacy; for insecticidal, fungicidal or similar purposes, fresh or dried, whether or not crushed or powdered",858,Uruguay,False,82826.736,16718.153,16718.153
2015,1211,1211,"Plants and parts of plants (including seeds and fruits), used primarily in perfumery, pharmacy; for insecticidal, fungicidal or similar purposes, fresh or dried, whether or not crushed or powdered",860,Uzbekistan,False,368279.556,74335.344,74335.344
2015,1211,1211,"Plants and parts of plants (including seeds and fruits), used primarily in perfumery, pharmacy; for insecticidal, fungicidal or similar purposes, fresh or dried, whether or not crushed or powdered",899,"Areas, nes",False,341942.708,69019.385,69019.385
2016,1211,1211,"Plants and parts of plants (including seeds and fruits), used primarily in perfumery, pharmacy; for insecticidal, fungicidal or similar purposes, fresh or dried, whether or not crushed or powdered",0,World,True,8907566.813,1761112.366,1761112.366
2016,1211,1211,"Plants and parts of plants (including seeds and fruits), used primarily in perfumery, pharmacy; for insecticidal, fungicidal or similar purposes, fresh or dried, whether or not crushed or powdered",4,Afghanistan,False,137835.973,28084.301,28084.301
2016,1211,1211,"Plants and parts of plants (including seeds and fruits), used primarily in perfumery, pharmacy; for insecticidal, fungicidal or similar purposes, fresh or dried, whether or not crushed or powdered",8,Albania,False,1177227.185,239861.93,239861.93
2016,1211,1211,"Plants and parts of plants (including seeds and fruits), used primarily in perfumery, pharmacy; for insecticidal, fungicidal or similar purposes, fresh or dried, whether or not crushed or powdered",156,China,False,237292.306,40557.665,40557.665
2016,1211,1211,"Plants and parts of plants (including seeds and fruits), used primarily in perfumery, pharmacy; for insecticidal, fungicidal or similar purposes, fresh or dried, whether or not crushed or powdered",191,Croatia,False,826.876,168.477,168.477
2016,1211,1211,"Plants and parts of plants (including seeds and fruits), used primarily in perfumery, pharmacy; for insecticidal, fungicidal or similar purposes, fresh or dried, whether or not crushed or powdered",196,Cyprus,False,27708.31,5645.613,5645.613
2016,1211,1211,"Plants and parts of plants (including seeds and fruits), used primarily in perfumery, pharmacy; for insecticidal, fungicidal or similar purposes, fresh or dried, whether or not crushed or powdered",251,France,False,14608.189,2976.442,2976.442
2016,1211,1211,"Plants and parts of plants (including seeds and fruits), used primarily in perfumery, pharmacy; for insecticidal, fungicidal or similar purposes, fresh or dried, whether or not crushed or powdered",276,Germany,False,251578.693,5231.907,5231.907
2016,1211,1211,"Plants and parts of plants (including seeds and fruits), used primarily in perfumery, pharmacy; for insecticidal, fungicidal or similar purposes, fresh or dried, whether or not crushed or powdered",300,Greece,False,37569.868,7654.921,7654.921
2016,1211,1211,"Plants and parts of plants (including seeds and fruits), used primarily in perfumery, pharmacy; for insecticidal, fungicidal or similar purposes, fresh or dried, whether or not crushed or powdered",360,Indonesia,False,242422.144,49393.901,49393.901
2016,1211,1211,"Plants and parts of plants (including seeds and fruits), used primarily in perfumery, pharmacy; for insecticidal, fungicidal or similar purposes, fresh or dried, whether or not crushed or powdered",368,Iraq,False,20163.484,4108.342,4108.342
2016,1211,1211,"Plants and parts of plants (including seeds and fruits), used primarily in perfumery, pharmacy; for insecticidal, fungicidal or similar purposes, fresh or dried, whether or not crushed or powdered",400,Jordan,False,7107.17,1448.097,1448.097
2016,1211,1211,"Plants and parts of plants (including seeds and fruits), used primarily in perfumery, pharmacy; for insecticidal, fungicidal or similar purposes, fresh or dried, whether or not crushed or powdered",410,Rep. of Korea,False,23.624,4.813,4.813
2016,1211,1211,"Plants and parts of plants (including seeds and fruits), used primarily in perfumery, pharmacy; for insecticidal, fungicidal or similar purposes, fresh or dried, whether or not crushed or powdered",422,Lebanon,False,17214.686,3507.52,3507.52
2016,1211,1211,"Plants and parts of plants (including seeds and fruits), used primarily in perfumery, pharmacy; for insecticidal, fungicidal or similar purposes, fresh or dried, whether or not crushed or powdered",504,Morocco,False,191125.975,38942.224,38942.224
2016,1211,1211,"Plants and parts of plants (including seeds and fruits), used primarily in perfumery, pharmacy; for insecticidal, fungicidal or similar purposes, fresh or dried, whether or not crushed or powdered",566,Nigeria,False,38542.977,7853.194,7853.194
2016,1211,1211,"Plants and parts of plants (including seeds and fruits), used primarily in perfumery, pharmacy; for insecticidal, fungicidal or similar purposes, fresh or dried, whether or not crushed or powdered",586,Pakistan,False,1633388.943,332805.621,332805.621
2016,1211,1211,"Plants and parts of plants (including seeds and fruits), used primarily in perfumery, pharmacy; for insecticidal, fungicidal or similar purposes, fresh or dried, whether or not crushed or powdered",682,Saudi Arabia,False,33814.805,6889.821,6889.821
2016,1211,1211,"Plants and parts of plants (including seeds and fruits), used primarily in perfumery, pharmacy; for insecticidal, fungicidal or similar purposes, fresh or dried, whether or not crushed or powdered",699,India,False,1650454.014,336282.656,336282.656
2016,1211,1211,"Plants and parts of plants (including seeds and fruits), used primarily in perfumery, pharmacy; for insecticidal, fungicidal or similar purposes, fresh or dried, whether or not crushed or powdered",704,Viet Nam,False,40887.889,8330.973,8330.973
2016,1211,1211,"Plants and parts of plants (including seeds and fruits), used primarily in perfumery, pharmacy; for insecticidal, fungicidal or similar purposes, fresh or dried, whether or not crushed or powdered",706,Somalia,False,6781.675,1381.777,1381.777
2016,1211,1211,"Plants and parts of plants (including seeds and fruits), used primarily in perfumery, pharmacy; for insecticidal, fungicidal or similar purposes, fresh or dried, whether or not crushed or powdered",724,Spain,False,4783.861,974.719,974.719
2016,1211,1211,"Plants and parts of plants (including seeds and fruits), used primarily in perfumery, pharmacy; for insecticidal, fungicidal or similar purposes, fresh or dried, whether or not crushed or powdered",729,Sudan,False,2613.977,532.602,532.602
2016,1211,1211,"Plants and parts of plants (including seeds and fruits), used primarily in perfumery, pharmacy; for insecticidal, fungicidal or similar purposes, fresh or dried, whether or not crushed or powdered",760,Syria,False,1025804.839,209009.384,209009.384
2016,1211,1211,"Plants and parts of plants (including seeds and fruits), used primarily in perfumery, pharmacy; for insecticidal, fungicidal or similar purposes, fresh or dried, whether or not crushed or powdered",764,Thailand,False,346.055,70.509,70.509
2016,1211,1211,"Plants and parts of plants (including seeds and fruits), used primarily in perfumery, pharmacy; for insecticidal, fungicidal or similar purposes, fresh or dried, whether or not crushed or powdered",784,United Arab Emirates,False,6989.141,1424.049,1424.049
2016,1211,1211,"Plants and parts of plants (including seeds and fruits), used primarily in perfumery, pharmacy; for insecticidal, fungicidal or similar purposes, fresh or dried, whether or not crushed or powdered",788,Tunisia,False,499626.311,101799.663,101799.663
2016,1211,1211,"Plants and parts of plants (including seeds and fruits), used primarily in perfumery, pharmacy; for insecticidal, fungicidal or similar purposes, fresh or dried, whether or not crushed or powdered",792,Türkiye,False,560390.012,114180.365,114180.365
2016,1211,1211,"Plants and parts of plants (including seeds and fruits), used primarily in perfumery, pharmacy; for insecticidal, fungicidal or similar purposes, fresh or dried, whether or not crushed or powdered",826,United Kingdom,False,744.005,151.592,151.592
2016,1211,1211,"Plants and parts of plants (including seeds and fruits), used primarily in perfumery, pharmacy; for insecticidal, fungicidal or similar purposes, fresh or dried, whether or not crushed or powdered",842,USA,False,40031.325,8156.447,8156.447
2016,1211,1211,"Plants and parts of plants (including seeds and fruits), used primarily in perfumery, pharmacy; for insecticidal, fungicidal or similar purposes, fresh or dried, whether or not crushed or powdered",899,"Areas, nes",False,999662.498,203682.84,203682.84
2017,1211,1211,"Plants and parts of plants (including seeds and fruits), used primarily in perfumery, pharmacy; for insecticidal, fungicidal or similar purposes, fresh or dried, whether or not crushed or powdered",0,World,True,7106107.847,1430448.143,1430448.143
2017,1211,1211,"Plants and parts of plants (including seeds and fruits), used primarily in perfumery, pharmacy; for insecticidal, fungicidal or similar purposes, fresh or dried, whether or not crushed or powdered",4,Afghanistan,False,105508.455,21798.701,21798.701
2017,1211,1211,"Plants and parts of plants (including seeds and fruits), used primarily in perfumery, pharmacy; for insecticidal, fungicidal or similar purposes, fresh or dried, whether or not crushed or powdered",8,Albania,False,665559.713,137508.761,137508.761
2017,1211,1211,"Plants and parts of plants (including seeds and fruits), used primarily in perfumery, pharmacy; for insecticidal, fungicidal or similar purposes, fresh or dried, whether or not crushed or powdered",31,Azerbaijan,False,129025.023,26657.369,26657.369
2017,1211,1211,"Plants and parts of plants (including seeds and fruits), used primarily in perfumery, pharmacy; for insecticidal, fungicidal or similar purposes, fresh or dried, whether or not crushed or powdered",100,Bulgaria,False,42689.108,8819.834,8819.834
2017,1211,1211,"Plants and parts of plants (including seeds and fruits), used primarily in perfumery, pharmacy; for insecticidal, fungicidal or similar purposes, fresh or dried, whether or not crushed or powdered",156,China,False,189586.604,30412.265,30412.265
2017,1211,1211,"Plants and parts of plants (including seeds and fruits), used primarily in perfumery, pharmacy; for insecticidal, fungicidal or similar purposes, fresh or dried, whether or not crushed or powdered",191,Croatia,False,1234.072,254.967,254.967
2017,1211,1211,"Plants and parts of plants (including seeds and fruits), used primarily in perfumery, pharmacy; for insecticidal, fungicidal or similar purposes, fresh or dried, whether or not crushed or powdered",208,Denmark,False,13046.73,2695.535,2695.535
2017,1211,1211,"Plants and parts of plants (including seeds and fruits), used primarily in perfumery, pharmacy; for insecticidal, fungicidal or similar purposes, fresh or dried, whether or not crushed or powdered",251,France,False,6898.27,1425.225,1425.225
2017,1211,1211,"Plants and parts of plants (including seeds and fruits), used primarily in perfumery, pharmacy; for insecticidal, fungicidal or similar purposes, fresh or dried, whether or not crushed or powdered",276,Germany,False,148798.865,4139.868,4139.868
2017,1211,1211,"Plants and parts of plants (including seeds and fruits), used primarily in perfumery, pharmacy; for insecticidal, fungicidal or similar purposes, fresh or dried, whether or not crushed or powdered",300,Greece,False,29078.906,6007.882,6007.882
2017,1211,1211,"Plants and parts of plants (including seeds and fruits), used primarily in perfumery, pharmacy; for insecticidal, fungicidal or similar purposes, fresh or dried, whether or not crushed or powdered",360,Indonesia,False,96966.252,20033.829,20033.829
2017,1211,1211,"Plants and parts of plants (including seeds and fruits), used primarily in perfumery, pharmacy; for insecticidal, fungicidal or similar purposes, fresh or dried, whether or not crushed or powdered",380,Italy,False,2172.285,448.808,448.808
2017,1211,1211,"Plants and parts of plants (including seeds and fruits), used primarily in perfumery, pharmacy; for insecticidal, fungicidal or similar purposes, fresh or dried, whether or not crushed or powdered",400,Jordan,False,18100.248,3739.623,3739.623
2017,1211,1211,"Plants and parts of plants (including seeds and fruits), used primarily in perfumery, pharmacy; for insecticidal, fungicidal or similar purposes, fresh or dried, whether or not crushed or powdered",410,Rep. of Korea,False,671.381,11.649,11.649
2017,1211,1211,"Plants and parts of plants (including seeds and fruits), used primarily in perfumery, pharmacy; for insecticidal, fungicidal or similar purposes, fresh or dried, whether or not crushed or powdered",422,Lebanon,False,15303.066,3161.708,3161.708
2017,1211,1211,"Plants and parts of plants (including seeds and fruits), used primarily in perfumery, pharmacy; for insecticidal, fungicidal or similar purposes, fresh or dried, whether or not crushed or powdered",504,Morocco,False,80929.446,16720.525,16720.525
2017,1211,1211,"Plants and parts of plants (including seeds and fruits), used primarily in perfumery, pharmacy; for insecticidal, fungicidal or similar purposes, fresh or dried, whether or not crushed or powdered",566,Nigeria,False,505409.597,104420.754,104420.754
2017,1211,1211,"Plants and parts of plants (including seeds and fruits), used primarily in perfumery, pharmacy; for insecticidal, fungicidal or similar purposes, fresh or dried, whether or not crushed or powdered",586,Pakistan,False,1145029.261,236570.14,236570.14
2017,1211,1211,"Plants and parts of plants (including seeds and fruits), used primarily in perfumery, pharmacy; for insecticidal, fungicidal or similar purposes, fresh or dried, whether or not crushed or powdered",616,Poland,False,10786.953,2228.651,2228.651
2017,1211,1211,"Plants and parts of plants (including seeds and fruits), used primarily in perfumery, pharmacy; for insecticidal, fungicidal or similar purposes, fresh or dried, whether or not crushed or powdered",682,Saudi Arabia,False,2627.734,542.906,542.906
2017,1211,1211,"Plants and parts of plants (including seeds and fruits), used primarily in perfumery, pharmacy; for insecticidal, fungicidal or similar purposes, fresh or dried, whether or not crushed or powdered",699,India,False,1312340.948,271137.771,271137.771
2017,1211,1211,"Plants and parts of plants (including seeds and fruits), used primarily in perfumery, pharmacy; for insecticidal, fungicidal or similar purposes, fresh or dried, whether or not crushed or powdered",704,Viet Nam,False,106156.466,21932.584,21932.584
2017,1211,1211,"Plants and parts of plants (including seeds and fruits), used primarily in perfumery, pharmacy; for insecticidal, fungicidal or similar purposes, fresh or dried, whether or not crushed or powdered",710,South Africa,False,7560.428,1562.031,1562.031
2017,1211,1211,"Plants and parts of plants (including seeds and fruits), used primarily in perfumery, pharmacy; for insecticidal, fungicidal or similar purposes, fresh or dried, whether or not crushed or powdered",760,Syria,False,980084.073,202491.442,202491.442
2017,1211,1211,"Plants and parts of plants (including seeds and fruits), used primarily in perfumery, pharmacy; for insecticidal, fungicidal or similar purposes, fresh or dried, whether or not crushed or powdered",784,United Arab Emirates,False,196018.212,40498.577,40498.577
2017,1211,1211,"Plants and parts of plants (including seeds and fruits), used primarily in perfumery, pharmacy; for insecticidal, fungicidal or similar purposes, fresh or dried, whether or not crushed or powdered",788,Tunisia,False,501751.937,103665.059,103665.059
2017,1211,1211,"Plants and parts of plants (including seeds and fruits), used primarily in perfumery, pharmacy; for insecticidal, fungicidal or similar purposes, fresh or dried, whether or not crushed or powdered",792,Türkiye,False,327494.408,67662.374,67662.374
2017,1211,1211,"Plants and parts of plants (including seeds and fruits), used primarily in perfumery, pharmacy; for insecticidal, fungicidal or similar purposes, fresh or dried, whether or not crushed or powdered",804,Ukraine,False,153761.044,31767.984,31767.984
2017,1211,1211,"Plants and parts of plants (including seeds and fruits), used primarily in perfumery, pharmacy; for insecticidal, fungicidal or similar purposes, fresh or dried, whether or not crushed or powdered",842,USA,False,14048.605,672.224,672.224
2017,1211,1211,"Plants and parts of plants (including seeds and fruits), used primarily in perfumery, pharmacy; for insecticidal, fungicidal or similar purposes, fresh or dried, whether or not crushed or powdered",899,"Areas, nes",False,297469.758,61459.095,61459.095
2018,1211,1211,"Plants and parts of plants (including seeds and fruits), used primarily in perfumery, pharmacy; for insecticidal, fungicidal or similar purposes, fresh or dried, whether or not crushed or powdered",0,World,True,11667307.92,2105588.527,2105588.527
2018,1211,1211,"Plants and parts of plants (including seeds and fruits), used primarily in perfumery, pharmacy; for insecticidal, fungicidal or similar purposes, fresh or dried, whether or not crushed or powdered",4,Afghanistan,False,145256.188,26247.968,26247.968
2018,1211,1211,"Plants and parts of plants (including seeds and fruits), used primarily in perfumery, pharmacy; for insecticidal, fungicidal or similar purposes, fresh or dried, whether or not crushed or powdered",8,Albania,False,986439.772,178250.852,178250.852
2018,1211,1211,"Plants and parts of plants (including seeds and fruits), used primarily in perfumery, pharmacy; for insecticidal, fungicidal or similar purposes, fresh or dried, whether or not crushed or powdered",31,Azerbaijan,False,88732.813,16034.126,16034.126
2018,1211,1211,"Plants and parts of plants (including seeds and fruits), used primarily in perfumery, pharmacy; for insecticidal, fungicidal or similar purposes, fresh or dried, whether or not crushed or powdered",32,Argentina,False,39008.48,7048.879,7048.879
2018,1211,1211,"Plants and parts of plants (including seeds and fruits), used primarily in perfumery, pharmacy; for insecticidal, fungicidal or similar purposes, fresh or dried, whether or not crushed or powdered",36,Australia,False,5097.5,921.124,921.124
2018,1211,1211,"Plants and parts of plants (including seeds and fruits), used primarily in perfumery, pharmacy; for insecticidal, fungicidal or similar purposes, fresh or dried, whether or not crushed or powdered",124,Canada,False,1380.293,249.421,249.421
2018,1211,1211,"Plants and parts of plants (including seeds and fruits), used primarily in perfumery, pharmacy; for insecticidal, fungicidal or similar purposes, fresh or dried, whether or not crushed or powdered",156,China,False,486080.007,87722.969,87722.969
2018,1211,1211,"Plants and parts of plants (including seeds and fruits), used primarily in perfumery, pharmacy; for insecticidal, fungicidal or similar purposes, fresh or dried, whether or not crushed or powdered",191,Croatia,False,1682.331,303.999,303.999
2018,1211,1211,"Plants and parts of plants (including seeds and fruits), used primarily in perfumery, pharmacy; for insecticidal, fungicidal or similar purposes, fresh or dried, whether or not crushed or powdered",251,France,False,336.598,60.824,60.824
2018,1211,1211,"Plants and parts of plants (including seeds and fruits), used primarily in perfumery, pharmacy; for insecticidal, fungicidal or similar purposes, fresh or dried, whether or not crushed or powdered",276,Germany,False,253205.327,25242.302,25242.302
2018,1211,1211,"Plants and parts of plants (including seeds and fruits), used primarily in perfumery, pharmacy; for insecticidal, fungicidal or similar purposes, fresh or dried, whether or not crushed or powdered",300,Greece,False,86955.711,15713.001,15713.001
2018,1211,1211,"Plants and parts of plants (including seeds and fruits), used primarily in perfumery, pharmacy; for insecticidal, fungicidal or similar purposes, fresh or dried, whether or not crushed or powdered",320,Guatemala,False,25092.0,4534.155,4534.155
2018,1211,1211,"Plants and parts of plants (including seeds and fruits), used primarily in perfumery, pharmacy; for insecticidal, fungicidal or similar purposes, fresh or dried, whether or not crushed or powdered",360,Indonesia,False,52237.5,9439.379,9439.379
2018,1211,1211,"Plants and parts of plants (including seeds and fruits), used primarily in perfumery, pharmacy; for insecticidal, fungicidal or similar purposes, fresh or dried, whether or not crushed or powdered",380,Italy,False,36968.341,6680.224,6680.224
2018,1211,1211,"Plants and parts of plants (including seeds and fruits), used primarily in perfumery, pharmacy; for insecticidal, fungicidal or similar purposes, fresh or dried, whether or not crushed or powdered",398,Kazakhstan,False,44095.0,7968.019,7968.019
2018,1211,1211,"Plants and parts of plants (including seeds and fruits), used primarily in perfumery, pharmacy; for insecticidal, fungicidal or similar purposes, fresh or dried, whether or not crushed or powdered",400,Jordan,False,5975.899,1079.852,1079.852
2018,1211,1211,"Plants and parts of plants (including seeds and fruits), used primarily in perfumery, pharmacy; for insecticidal, fungicidal or similar purposes, fresh or dried, whether or not crushed or powdered",422,Lebanon,False,11281.527,2038.586,2038.586
2018,1211,1211,"Plants and parts of plants (including seeds and fruits), used primarily in perfumery, pharmacy; for insecticidal, fungicidal or similar purposes, fresh or dried, whether or not crushed or powdered",504,Morocco,False,52347.943,9459.336,9459.336
2018,1211,1211,"Plants and parts of plants (including seeds and fruits), used primarily in perfumery, pharmacy; for insecticidal, fungicidal or similar purposes, fresh or dried, whether or not crushed or powdered",528,Netherlands,False,4919.399,888.941,888.941
2018,1211,1211,"Plants and parts of plants (including seeds and fruits), used primarily in perfumery, pharmacy; for insecticidal, fungicidal or similar purposes, fresh or dried, whether or not crushed or powdered",566,Nigeria,False,2516569.044,454747.05,454747.05
2018,1211,1211,"Plants and parts of plants (including seeds and fruits), used primarily in perfumery, pharmacy; for insecticidal, fungicidal or similar purposes, fresh or dried, whether or not crushed or powdered",586,Pakistan,False,1432716.541,276810.044,276810.044
2018,1211,1211,"Plants and parts of plants (including seeds and fruits), used primarily in perfumery, pharmacy; for insecticidal, fungicidal or similar purposes, fresh or dried, whether or not crushed or powdered",616,Poland,False,16872.405,3048.864,3048.864
2018,1211,1211,"Plants and parts of plants (including seeds and fruits), used primarily in perfumery, pharmacy; for insecticidal, fungicidal or similar purposes, fresh or dried, whether or not crushed or powdered",682,Saudi Arabia,False,25050.859,4526.72,4526.72
2018,1211,1211,"Plants and parts of plants (including seeds and fruits), used primarily in perfumery, pharmacy; for insecticidal, fungicidal or similar purposes, fresh or dried, whether or not crushed or powdered",699,India,False,1870752.081,338047.149,338047.149
2018,1211,1211,"Plants and parts of plants (including seeds and fruits), used primarily in perfumery, pharmacy; for insecticidal, fungicidal or similar purposes, fresh or dried, whether or not crushed or powdered",704,Viet Nam,False,112549.875,20337.898,20337.898
2018,1211,1211,"Plants and parts of plants (including seeds and fruits), used primarily in perfumery, pharmacy; for insecticidal, fungicidal or similar purposes, fresh or dried, whether or not crushed or powdered",706,Somalia,False,11071.5,2000.633,2000.633
2018,1211,1211,"Plants and parts of plants (including seeds and fruits), used primarily in perfumery, pharmacy; for insecticidal, fungicidal or similar purposes, fresh or dried, whether or not crushed or powdered",710,South Africa,False,104.133,18.817,18.817
2018,1211,1211,"Plants and parts of plants (including seeds and fruits), used primarily in perfumery, pharmacy; for insecticidal, fungicidal or similar purposes, fresh or dried, whether or not crushed or powdered",724,Spain,False,14567.908,2632.439,2632.439
2018,1211,1211,"Plants and parts of plants (including seeds and fruits), used primarily in perfumery, pharmacy; for insecticidal, fungicidal or similar purposes, fresh or dried, whether or not crushed or powdered",760,Syria,False,1140435.875,206078.133,206078.133
2018,1211,1211,"Plants and parts of plants (including seeds and fruits), used primarily in perfumery, pharmacy; for insecticidal, fungicidal or similar purposes, fresh or dried, whether or not crushed or powdered",764,Thailand,False,487.05,88.011,88.011
2018,1211,1211,"Plants and parts of plants (including seeds and fruits), used primarily in perfumery, pharmacy; for insecticidal, fungicidal or similar purposes, fresh or dried, whether or not crushed or powdered",784,United Arab Emirates,False,224807.907,40623.059,40623.059
2018,1211,1211,"Plants and parts of plants (including seeds and fruits), used primarily in perfumery, pharmacy; for insecticidal, fungicidal or similar purposes, fresh or dried, whether or not crushed or powdered",788,Tunisia,False,492141.022,88930.474,88930.474
2018,1211,1211,"Plants and parts of plants (including seeds and fruits), used primarily in perfumery, pharmacy; for insecticidal, fungicidal or similar purposes, fresh or dried, whether or not crushed or powdered",792,Türkiye,False,557622.772,100763.105,100763.105
2018,1211,1211,"Plants and parts of plants (including seeds and fruits), used primarily in perfumery, pharmacy; for insecticidal, fungicidal or similar purposes, fresh or dried, whether or not crushed or powdered",842,USA,False,1295.999,234.189,234.189
2018,1211,1211,"Plants and parts of plants (including seeds and fruits), used primarily in perfumery, pharmacy; for insecticidal, fungicidal or similar purposes, fresh or dried, whether or not crushed or powdered",854,Burkina Faso,False,35956.25,6497.338,6497.338
2018,1211,1211,"Plants and parts of plants (including seeds and fruits), used primarily in perfumery, pharmacy; for insecticidal, fungicidal or similar purposes, fresh or dried, whether or not crushed or powdered",860,Uzbekistan,False,415151.364,75018.35,75018.35
2018,1211,1211,"Plants and parts of plants (including seeds and fruits), used primarily in perfumery, pharmacy; for insecticidal, fungicidal or similar purposes, fresh or dried, whether or not crushed or powdered",899,"Areas, nes",False,472062.708,85302.298,85302.298
2019,1211,1211,"Plants and parts of plants (including seeds and fruits), used primarily in perfumery, pharmacy; for insecticidal, fungicidal or similar purposes, fresh or dried, whether or not crushed or powdered",0,World,True,11462537.014,2152122.249,2152122.249
2019,1211,1211,"Plants and parts of plants (including seeds and fruits), used primarily in perfumery, pharmacy; for insecticidal, fungicidal or similar purposes, fresh or dried, whether or not crushed or powdered",4,Afghanistan,False,199070.737,38273.631,38273.631
2019,1211,1211,"Plants and parts of plants (including seeds and fruits), used primarily in perfumery, pharmacy; for insecticidal, fungicidal or similar purposes, fresh or dried, whether or not crushed or powdered",8,Albania,False,311106.187,59813.73,59813.73
2019,1211,1211,"Plants and parts of plants (including seeds and fruits), used primarily in perfumery, pharmacy; for insecticidal, fungicidal or similar purposes, fresh or dried, whether or not crushed or powdered",31,Azerbaijan,False,120257.611,23120.904,23120.904
2019,1211,1211,"Plants and parts of plants (including seeds and fruits), used primarily in perfumery, pharmacy; for insecticidal, fungicidal or similar purposes, fresh or dried, whether or not crushed or powdered",68,Bolivia (Plurinational State of),False,34124.437,6560.814,6560.814
2019,1211,1211,"Plants and parts of plants (including seeds and fruits), used primarily in perfumery, pharmacy; for insecticidal, fungicidal or similar purposes, fresh or dried, whether or not crushed or powdered",100,Bulgaria,False,56333.619,10830.784,10830.784
2019,1211,1211,"Plants and parts of plants (including seeds and fruits), used primarily in perfumery, pharmacy; for insecticidal, fungicidal or similar purposes, fresh or dried, whether or not crushed or powdered",124,Canada,False,1390.106,267.264,267.264
2019,1211,1211,"Plants and parts of plants (including seeds and fruits), used primarily in perfumery, pharmacy; for insecticidal, fungicidal or similar purposes, fresh or dried, whether or not crushed or powdered",144,Sri Lanka,False,6053.296,1163.816,1163.816
2019,1211,1211,"Plants and parts of plants (including seeds and fruits), used primarily in perfumery, pharmacy; for insecticidal, fungicidal or similar purposes, fresh or dried, whether or not crushed or powdered",156,China,False,642922.339,116273.594,116273.594
2019,1211,1211,"Plants and parts of plants (including seeds and fruits), used primarily in perfumery, pharmacy; for insecticidal, fungicidal or similar purposes, fresh or dried, whether or not crushed or powdered",191,Croatia,False,2607.941,501.407,501.407
2019,1211,1211,"Plants and parts of plants (including seeds and fruits), used primarily in perfumery, pharmacy; for insecticidal, fungicidal or similar purposes, fresh or dried, whether or not crushed or powdered",251,France,False,1219.97,234.553,234.553
2019,1211,1211,"Plants and parts of plants (including seeds and fruits), used primarily in perfumery, pharmacy; for insecticidal, fungicidal or similar purposes, fresh or dried, whether or not crushed or powdered",276,Germany,False,308782.803,15020.754,15020.754
2019,1211,1211,"Plants and parts of plants (including seeds and fruits), used primarily in perfumery, pharmacy; for insecticidal, fungicidal or similar purposes, fresh or dried, whether or not crushed or powdered",300,Greece,False,64133.273,12330.357,12330.357
2019,1211,1211,"Plants and parts of plants (including seeds and fruits), used primarily in perfumery, pharmacy; for insecticidal, fungicidal or similar purposes, fresh or dried, whether or not crushed or powdered",360,Indonesia,False,295888.536,56887.963,56887.963
2019,1211,1211,"Plants and parts of plants (including seeds and fruits), used primarily in perfumery, pharmacy; for insecticidal, fungicidal or similar purposes, fresh or dried, whether or not crushed or powdered",380,Italy,False,245.336,47.169,47.169
2019,1211,1211,"Plants and parts of plants (including seeds and fruits), used primarily in perfumery, pharmacy; for insecticidal, fungicidal or similar purposes, fresh or dried, whether or not crushed or powdered",400,Jordan,False,21402.177,4114.814,4114.814
2019,1211,1211,"Plants and parts of plants (including seeds and fruits), used primarily in perfumery, pharmacy; for insecticidal, fungicidal or similar purposes, fresh or dried, whether or not crushed or powdered",422,Lebanon,False,34482.94,6629.741,6629.741
2019,1211,1211,"Plants and parts of plants (including seeds and fruits), used primarily in perfumery, pharmacy; for insecticidal, fungicidal or similar purposes, fresh or dried, whether or not crushed or powdered",504,Morocco,False,208673.429,40119.859,40119.859
2019,1211,1211,"Plants and parts of plants (including seeds and fruits), used primarily in perfumery, pharmacy; for insecticidal, fungicidal or similar purposes, fresh or dried, whether or not crushed or powdered",528,Netherlands,False,2569.628,494.041,494.041
2019,1211,1211,"Plants and parts of plants (including seeds and fruits), used primarily in perfumery, pharmacy; for insecticidal, fungicidal or similar purposes, fresh or dried, whether or not crushed or powdered",566,Nigeria,False,473537.535,91043.019,91043.019
2019,1211,1211,"Plants and parts of plants (including seeds and fruits), used primarily in perfumery, pharmacy; for insecticidal, fungicidal or similar purposes, fresh or dried, whether or not crushed or powdered",586,Pakistan,False,1327652.489,255256.408,255256.408
2019,1211,1211,"Plants and parts of plants (including seeds and fruits), used primarily in perfumery, pharmacy; for insecticidal, fungicidal or similar purposes, fresh or dried, whether or not crushed or powdered",600,Paraguay,False,49131.813,9446.154,9446.154
2019,1211,1211,"Plants and parts of plants (including seeds and fruits), used primarily in perfumery, pharmacy; for insecticidal, fungicidal or similar purposes, fresh or dried, whether or not crushed or powdered",616,Poland,False,21900.121,4210.549,4210.549
2019,1211,1211,"Plants and parts of plants (including seeds and fruits), used primarily in perfumery, pharmacy; for insecticidal, fungicidal or similar purposes, fresh or dried, whether or not crushed or powdered",682,Saudi Arabia,False,54732.762,10523.001,10523.001
2019,1211,1211,"Plants and parts of plants (including seeds and fruits), used primarily in perfumery, pharmacy; for insecticidal, fungicidal or similar purposes, fresh or dried, whether or not crushed or powdered",699,India,False,1417923.507,272612.046,272612.046
2019,1211,1211,"Plants and parts of plants (including seeds and fruits), used primarily in perfumery, pharmacy; for insecticidal, fungicidal or similar purposes, fresh or dried, whether or not crushed or powdered",710,South Africa,False,37.022,7.118,7.118
2019,1211,1211,"Plants and parts of plants (including seeds and fruits), used primarily in perfumery, pharmacy; for insecticidal, fungicidal or similar purposes, fresh or dried, whether or not crushed or powdered",724,Spain,False,272.448,52.381,52.381
2019,1211,1211,"Plants and parts of plants (including seeds and fruits), used primarily in perfumery, pharmacy; for insecticidal, fungicidal or similar purposes, fresh or dried, whether or not crushed or powdered",729,Sudan,False,196462.816,37772.228,37772.228
2019,1211,1211,"Plants and parts of plants (including seeds and fruits), used primarily in perfumery, pharmacy; for insecticidal, fungicidal or similar purposes, fresh or dried, whether or not crushed or powdered",760,Syria,False,1083490.082,208313.387,208313.387
2019,1211,1211,"Plants and parts of plants (including seeds and fruits), used primarily in perfumery, pharmacy; for insecticidal, fungicidal or similar purposes, fresh or dried, whether or not crushed or powdered",764,Thailand,False,240.11,46.164,46.164
2019,1211,1211,"Plants and parts of plants (including seeds and fruits), used primarily in perfumery, pharmacy; for insecticidal, fungicidal or similar purposes, fresh or dried, whether or not crushed or powdered",784,United Arab Emirates,False,253530.814,48744.205,48744.205
2019,1211,1211,"Plants and parts of plants (including seeds and fruits), used primarily in perfumery, pharmacy; for insecticidal, fungicidal or similar purposes, fresh or dried, whether or not crushed or powdered",788,Tunisia,False,2551038.128,490466.32,490466.32
2019,1211,1211,"Plants and parts of plants (including seeds and fruits), used primarily in perfumery, pharmacy; for insecticidal, fungicidal or similar purposes, fresh or dried, whether or not crushed or powdered",792,Türkiye,False,658599.812,126623.363,126623.363
2019,1211,1211,"Plants and parts of plants (including seeds and fruits), used primarily in perfumery, pharmacy; for insecticidal, fungicidal or similar purposes, fresh or dried, whether or not crushed or powdered",804,Ukraine,False,74234.508,14272.435,14272.435
2019,1211,1211,"Plants and parts of plants (including seeds and fruits), used primarily in perfumery, pharmacy; for insecticidal, fungicidal or similar purposes, fresh or dried, whether or not crushed or powdered",826,United Kingdom,False,216.578,41.64,41.64
2019,1211,1211,"Plants and parts of plants (including seeds and fruits), used primarily in perfumery, pharmacy; for insecticidal, fungicidal or similar purposes, fresh or dried, whether or not crushed or powdered",842,USA,False,151.331,29.095,29.095
2019,1211,1211,"Plants and parts of plants (including seeds and fruits), used primarily in perfumery, pharmacy; for insecticidal, fungicidal or similar purposes, fresh or dried, whether or not crushed or powdered",860,Uzbekistan,False,380141.722,73086.603,73086.603
2019,1211,1211,"Plants and parts of plants (including seeds and fruits), used primarily in perfumery, pharmacy; for insecticidal, fungicidal or similar purposes, fresh or dried, whether or not crushed or powdered",899,"Areas, nes",False,607979.05,116890.941,116890.941
2020,1211,1211,"Plants and parts of plants (including seeds and fruits), used primarily in perfumery, pharmacy; for insecticidal, fungicidal or similar purposes, fresh or dried, whether or not crushed or powdered",0,World,True,9720251.007,1792564.525,1792564.525
2020,1211,1211,"Plants and parts of plants (including seeds and fruits), used primarily in perfumery, pharmacy; for insecticidal, fungicidal or similar purposes, fresh or dried, whether or not crushed or powdered",4,Afghanistan,False,266953.754,50244.737,50244.737
2020,1211,1211,"Plants and parts of plants (including seeds and fruits), used primarily in perfumery, pharmacy; for insecticidal, fungicidal or similar purposes, fresh or dried, whether or not crushed or powdered",8,Albania,False,50762.391,9554.25,9554.25
2020,1211,1211,"Plants and parts of plants (including seeds and fruits), used primarily in perfumery, pharmacy; for insecticidal, fungicidal or similar purposes, fresh or dried, whether or not crushed or powdered",32,Argentina,False,36512.254,6872.159,6872.159
2020,1211,1211,"Plants and parts of plants (including seeds and fruits), used primarily in perfumery, pharmacy; for insecticidal, fungicidal or similar purposes, fresh or dried, whether or not crushed or powdered",40,Austria,False,9.322,1.755,1.755
2020,1211,1211,"Plants and parts of plants (including seeds and fruits), used primarily in perfumery, pharmacy; for insecticidal, fungicidal or similar purposes, fresh or dried, whether or not crushed or powdered",100,Bulgaria,False,33956.855,6391.194,6391.194
2020,1211,1211,"Plants and parts of plants (including seeds and fruits), used primarily in perfumery, pharmacy; for insecticidal, fungicidal or similar purposes, fresh or dried, whether or not crushed or powdered",124,Canada,False,31.262,5.884,5.884
2020,1211,1211,"Plants and parts of plants (including seeds and fruits), used primarily in perfumery, pharmacy; for insecticidal, fungicidal or similar purposes, fresh or dried, whether or not crushed or powdered",144,Sri Lanka,False,4399.128,827.983,827.983
2020,1211,1211,"Plants and parts of plants (including seeds and fruits), used primarily in perfumery, pharmacy; for insecticidal, fungicidal or similar purposes, fresh or dried, whether or not crushed or powdered",156,China,False,712604.039,126459.405,126459.405
2020,1211,1211,"Plants and parts of plants (including seeds and fruits), used primarily in perfumery, pharmacy; for insecticidal, fungicidal or similar purposes, fresh or dried, whether or not crushed or powdered",191,Croatia,False,1722.912,324.278,324.278
2020,1211,1211,"Plants and parts of plants (including seeds and fruits), used primarily in perfumery, pharmacy; for insecticidal, fungicidal or similar purposes, fresh or dried, whether or not crushed or powdered",218,Ecuador,False,10048.548,1891.289,1891.289
2020,1211,1211,"Plants and parts of plants (including seeds and fruits), used primarily in perfumery, pharmacy; for insecticidal, fungicidal or similar purposes, fresh or dried, whether or not crushed or powdered",251,France,False,13055.616,2457.264,2457.264
2020,1211,1211,"Plants and parts of plants (including seeds and fruits), used primarily in perfumery, pharmacy; for insecticidal, fungicidal or similar purposes, fresh or dried, whether or not crushed or powdered",276,Germany,False,220168.539,12169.555,12169.555
2020,1211,1211,"Plants and parts of plants (including seeds and fruits), used primarily in perfumery, pharmacy; for insecticidal, fungicidal or similar purposes, fresh or dried, whether or not crushed or powdered",300,Greece,False,10150.405,1910.46,1910.46
2020,1211,1211,"Plants and parts of plants (including seeds and fruits), used primarily in perfumery, pharmacy; for insecticidal, fungicidal or similar purposes, fresh or dried, whether or not crushed or powdered",360,Indonesia,False,108674.628,20454.21,20454.21
2020,1211,1211,"Plants and parts of plants (including seeds and fruits), used primarily in perfumery, pharmacy; for insecticidal, fungicidal or similar purposes, fresh or dried, whether or not crushed or powdered",388,Jamaica,False,21077.0,3967.01,3967.01
2020,1211,1211,"Plants and parts of plants (including seeds and fruits), used primarily in perfumery, pharmacy; for insecticidal, fungicidal or similar purposes, fresh or dried, whether or not crushed or powdered",400,Jordan,False,28549.521,5373.452,5373.452
2020,1211,1211,"Plants and parts of plants (including seeds and fruits), used primarily in perfumery, pharmacy; for insecticidal, fungicidal or similar purposes, fresh or dried, whether or not crushed or powdered",414,Kuwait,False,116.997,22.021,22.021
2020,1211,1211,"Plants and parts of plants (including seeds and fruits), used primarily in perfumery, pharmacy; for insecticidal, fungicidal or similar purposes, fresh or dried, whether or not crushed or powdered",422,Lebanon,False,8873.851,1670.193,1670.193
2020,1211,1211,"Plants and parts of plants (including seeds and fruits), used primarily in perfumery, pharmacy; for insecticidal, fungicidal or similar purposes, fresh or dried, whether or not crushed or powdered",458,Malaysia,False,584.894,110.086,110.086
2020,1211,1211,"Plants and parts of plants (including seeds and fruits), used primarily in perfumery, pharmacy; for insecticidal, fungicidal or similar purposes, fresh or dried, whether or not crushed or powdered",504,Morocco,False,158066.631,29750.532,29750.532
2020,1211,1211,"Plants and parts of plants (including seeds and fruits), used primarily in perfumery, pharmacy; for insecticidal, fungicidal or similar purposes, fresh or dried, whether or not crushed or powdered",512,Oman,False,13.247,2.493,2.493
2020,1211,1211,"Plants and parts of plants (including seeds and fruits), used primarily in perfumery, pharmacy; for insecticidal, fungicidal or similar purposes, fresh or dried, whether or not crushed or powdered",566,Nigeria,False,288972.091,54388.921,54388.921
2020,1211,1211,"Plants and parts of plants (including seeds and fruits), used primarily in perfumery, pharmacy; for insecticidal, fungicidal or similar purposes, fresh or dried, whether or not crushed or powdered",586,Pakistan,False,1012352.934,190540.145,190540.145
2020,1211,1211,"Plants and parts of plants (including seeds and fruits), used primarily in perfumery, pharmacy; for insecticidal, fungicidal or similar purposes, fresh or dried, whether or not crushed or powdered",600,Paraguay,False,35866.957,6750.704,6750.704
2020,1211,1211,"Plants and parts of plants (including seeds and fruits), used primarily in perfumery, pharmacy; for insecticidal, fungicidal or similar purposes, fresh or dried, whether or not crushed or powdered",616,Poland,False,542.98,102.197,102.197
2020,1211,1211,"Plants and parts of plants (including seeds and fruits), used primarily in perfumery, pharmacy; for insecticidal, fungicidal or similar purposes, fresh or dried, whether or not crushed or powdered",643,Russian Federation,False,21867.828,4115.856,4115.856
2020,1211,1211,"Plants and parts of plants (including seeds and fruits), used primarily in perfumery, pharmacy; for insecticidal, fungicidal or similar purposes, fresh or dried, whether or not crushed or powdered",682,Saudi Arabia,False,78192.689,14717.048,14717.048
2020,1211,1211,"Plants and parts of plants (including seeds and fruits), used primarily in perfumery, pharmacy; for insecticidal, fungicidal or similar purposes, fresh or dried, whether or not crushed or powdered",699,India,False,1353732.823,254793.007,254793.007
2020,1211,1211,"Plants and parts of plants (including seeds and fruits), used primarily in perfumery, pharmacy; for insecticidal, fungicidal or similar purposes, fresh or dried, whether or not crushed or powdered",706,Somalia,False,7909.855,1488.754,1488.754
2020,1211,1211,"Plants and parts of plants (including seeds and fruits), used primarily in perfumery, pharmacy; for insecticidal, fungicidal or similar purposes, fresh or dried, whether or not crushed or powdered",724,Spain,False,13679.996,2574.782,2574.782
2020,1211,1211,"Plants and parts of plants (including seeds and fruits), used primarily in perfumery, pharmacy; for insecticidal, fungicidal or similar purposes, fresh or dried, whether or not crushed or powdered",729,Sudan,False,423711.235,79747.986,79747.986
2020,1211,1211,"Plants and parts of plants (including seeds and fruits), used primarily in perfumery, pharmacy; for insecticidal, fungicidal or similar purposes, fresh or dried, whether or not crushed or powdered",760,Syria,False,1026575.821,193217.108,193217.108
2020,1211,1211,"Plants and parts of plants (including seeds and fruits), used primarily in perfumery, pharmacy; for insecticidal, fungicidal or similar purposes, fresh or dried, whether or not crushed or powdered",764,Thailand,False,1006.485,189.436,189.436
2020,1211,1211,"Plants and parts of plants (including seeds and fruits), used primarily in perfumery, pharmacy; for insecticidal, fungicidal or similar purposes, fresh or dried, whether or not crushed or powdered",784,United Arab Emirates,False,139657.903,26285.731,26285.731
2020,1211,1211,"Plants and parts of plants (including seeds and fruits), used primarily in perfumery, pharmacy; for insecticidal, fungicidal or similar purposes, fresh or dried, whether or not crushed or powdered",788,Tunisia,False,1893835.827,356448.567,356448.567
2020,1211,1211,"Plants and parts of plants (including seeds and fruits), used primarily in perfumery, pharmacy; for insecticidal, fungicidal or similar purposes, fresh or dried, whether or not crushed or powdered",792,Türkiye,False,591434.869,111316.994,111316.994
2020,1211,1211,"Plants and parts of plants (including seeds and fruits), used primarily in perfumery, pharmacy; for insecticidal, fungicidal or similar purposes, fresh or dried, whether or not crushed or powdered",826,United Kingdom,False,355.999,67.004,67.004
2020,1211,1211,"Plants and parts of plants (including seeds and fruits), used primarily in perfumery, pharmacy; for insecticidal, fungicidal or similar purposes, fresh or dried, whether or not crushed or powdered",842,USA,False,600.055,112.939,112.939
2020,1211,1211,"Plants and parts of plants (including seeds and fruits), used primarily in perfumery, pharmacy; for insecticidal, fungicidal or similar purposes, fresh or dried, whether or not crushed or powdered",860,Uzbekistan,False,652257.307,122764.698,122764.698
2020,1211,1211,"Plants and parts of plants (including seeds and fruits), used primarily in perfumery, pharmacy; for insecticidal, fungicidal or similar purposes, fresh or dried, whether or not crushed or powdered",899,"Areas, nes",False,491365.559,92482.435,92482.435
2021,1211,1211,"Plants and parts of plants (including seeds and fruits), used primarily in perfumery, pharmacy; for insecticidal, fungicidal or similar purposes, fresh or dried, whether or not crushed or powdered",0,World,True,13451677.724,2376255.675,2376255.675
2021,1211,1211,"Plants and parts of plants (including seeds and fruits), used primarily in perfumery, pharmacy; for insecticidal, fungicidal or similar purposes, fresh or dried, whether or not crushed or powdered",4,Afghanistan,False,423647.229,75522.218,75522.218
2021,1211,1211,"Plants and parts of plants (including seeds and fruits), used primarily in perfumery, pharmacy; for insecticidal, fungicidal or similar purposes, fresh or dried, whether or not crushed or powdered",8,Albania,False,55075.219,9818.081,9818.081
2021,1211,1211,"Plants and parts of plants (including seeds and fruits), used primarily in perfumery, pharmacy; for insecticidal, fungicidal or similar purposes, fresh or dried, whether or not crushed or powdered",32,Argentina,False,36988.0,6593.731,6593.731
2021,1211,1211,"Plants and parts of plants (including seeds and fruits), used primarily in perfumery, pharmacy; for insecticidal, fungicidal or similar purposes, fresh or dried, whether or not crushed or powdered",100,Bulgaria,False,66252.914,11810.692,11810.692
2021,1211,1211,"Plants and parts of plants (including seeds and fruits), used primarily in perfumery, pharmacy; for insecticidal, fungicidal or similar purposes, fresh or dried, whether or not crushed or powdered",144,Sri Lanka,False,28367.764,5057.029,5057.029
2021,1211,1211,"Plants and parts of plants (including seeds and fruits), used primarily in perfumery, pharmacy; for insecticidal, fungicidal or similar purposes, fresh or dried, whether or not crushed or powdered",156,China,False,921698.285,154771.737,154771.737
2021,1211,1211,"Plants and parts of plants (including seeds and fruits), used primarily in perfumery, pharmacy; for insecticidal, fungicidal or similar purposes, fresh or dried, whether or not crushed or powdered",191,Croatia,False,495.214,88.28,88.28
2021,1211,1211,"Plants and parts of plants (including seeds and fruits), used primarily in perfumery, pharmacy; for insecticidal, fungicidal or similar purposes, fresh or dried, whether or not crushed or powdered",251,France,False,47761.983,8514.374,8514.374
2021,1211,1211,"Plants and parts of plants (including seeds and fruits), used primarily in perfumery, pharmacy; for insecticidal, fungicidal or similar purposes, fresh or dried, whether or not crushed or powdered",276,Germany,False,186194.73,20998.937,20998.937
2021,1211,1211,"Plants and parts of plants (including seeds and fruits), used primarily in perfumery, pharmacy; for insecticidal, fungicidal or similar purposes, fresh or dried, whether or not crushed or powdered",300,Greece,False,51553.551,9190.284,9190.284
2021,1211,1211,"Plants and parts of plants (including seeds and fruits), used primarily in perfumery, pharmacy; for insecticidal, fungicidal or similar purposes, fresh or dried, whether or not crushed or powdered",344,"China, Hong Kong SAR",False,50.728,9.043,9.043
2021,1211,1211,"Plants and parts of plants (including seeds and fruits), used primarily in perfumery, pharmacy; for insecticidal, fungicidal or similar purposes, fresh or dried, whether or not crushed or powdered",360,Indonesia,False,252561.949,45023.4,45023.4
2021,1211,1211,"Plants and parts of plants (including seeds and fruits), used primarily in perfumery, pharmacy; for insecticidal, fungicidal or similar purposes, fresh or dried, whether or not crushed or powdered",368,Iraq,False,34439.509,6139.42,6139.42
2021,1211,1211,"Plants and parts of plants (including seeds and fruits), used primarily in perfumery, pharmacy; for insecticidal, fungicidal or similar purposes, fresh or dried, whether or not crushed or powdered",372,Ireland,False,12.472,2.223,2.223
2021,1211,1211,"Plants and parts of plants (including seeds and fruits), used primarily in perfumery, pharmacy; for insecticidal, fungicidal or similar purposes, fresh or dried, whether or not crushed or powdered",400,Jordan,False,111338.624,19847.975,19847.975
2021,1211,1211,"Plants and parts of plants (including seeds and fruits), used primarily in perfumery, pharmacy; for insecticidal, fungicidal or similar purposes, fresh or dried, whether or not crushed or powdered",422,Lebanon,False,18004.557,3209.614,3209.614
2021,1211,1211,"Plants and parts of plants (including seeds and fruits), used primarily in perfumery, pharmacy; for insecticidal, fungicidal or similar purposes, fresh or dried, whether or not crushed or powdered",484,Mexico,False,7293.16,1300.128,1300.128
2021,1211,1211,"Plants and parts of plants (including seeds and fruits), used primarily in perfumery, pharmacy; for insecticidal, fungicidal or similar purposes, fresh or dried, whether or not crushed or powdered",504,Morocco,False,235077.602,41906.522,41906.522
2021,1211,1211,"Plants and parts of plants (including seeds and fruits), used primarily in perfumery, pharmacy; for insecticidal, fungicidal or similar purposes, fresh or dried, whether or not crushed or powdered",512,Oman,False,262.367,46.771,46.771
2021,1211,1211,"Plants and parts of plants (including seeds and fruits), used primarily in perfumery, pharmacy; for insecticidal, fungicidal or similar purposes, fresh or dried, whether or not crushed or powdered",516,Namibia,False,6.353,1.133,1.133
2021,1211,1211,"Plants and parts of plants (including seeds and fruits), used primarily in perfumery, pharmacy; for insecticidal, fungicidal or similar purposes, fresh or dried, whether or not crushed or powdered",566,Nigeria,False,2458283.162,438230.168,438230.168
2021,1211,1211,"Plants and parts of plants (including seeds and fruits), used primarily in perfumery, pharmacy; for insecticidal, fungicidal or similar purposes, fresh or dried, whether or not crushed or powdered",568,"Other Europe, nes",False,48172.486,8587.553,8587.553
2021,1211,1211,"Plants and parts of plants (including seeds and fruits), used primarily in perfumery, pharmacy; for insecticidal, fungicidal or similar purposes, fresh or dried, whether or not crushed or powdered",586,Pakistan,False,956214.159,170461.198,170461.198
2021,1211,1211,"Plants and parts of plants (including seeds and fruits), used primarily in perfumery, pharmacy; for insecticidal, fungicidal or similar purposes, fresh or dried, whether or not crushed or powdered",616,Poland,False,35178.551,6271.166,6271.166
2021,1211,1211,"Plants and parts of plants (including seeds and fruits), used primarily in perfumery, pharmacy; for insecticidal, fungicidal or similar purposes, fresh or dried, whether or not crushed or powdered",643,Russian Federation,False,5758.775,1026.598,1026.598
2021,1211,1211,"Plants and parts of plants (including seeds and fruits), used primarily in perfumery, pharmacy; for insecticidal, fungicidal or similar purposes, fresh or dried, whether or not crushed or powdered",682,Saudi Arabia,False,43273.576,7714.24,7714.24
2021,1211,1211,"Plants and parts of plants (including seeds and fruits), used primarily in perfumery, pharmacy; for insecticidal, fungicidal or similar purposes, fresh or dried, whether or not crushed or powdered",699,India,False,1865543.209,332564.339,332564.339
2021,1211,1211,"Plants and parts of plants (including seeds and fruits), used primarily in perfumery, pharmacy; for insecticidal, fungicidal or similar purposes, fresh or dried, whether or not crushed or powdered",704,Viet Nam,False,26513.584,4726.491,4726.491
2021,1211,1211,"Plants and parts of plants (including seeds and fruits), used primarily in perfumery, pharmacy; for insecticidal, fungicidal or similar purposes, fresh or dried, whether or not crushed or powdered",710,South Africa,False,9710.318,1731.027,1731.027
2021,1211,1211,"Plants and parts of plants (including seeds and fruits), used primarily in perfumery, pharmacy; for insecticidal, fungicidal or similar purposes, fresh or dried, whether or not crushed or powdered",729,Sudan,False,64369.977,11475.027,11475.027
2021,1211,1211,"Plants and parts of plants (including seeds and fruits), used primarily in perfumery, pharmacy; for insecticidal, fungicidal or similar purposes, fresh or dried, whether or not crushed or powdered",760,Syria,False,1945518.777,346821.324,346821.324
2021,1211,1211,"Plants and parts of plants (including seeds and fruits), used primarily in perfumery, pharmacy; for insecticidal, fungicidal or similar purposes, fresh or dried, whether or not crushed or powdered",762,Tajikistan,False,56510.77,10073.992,10073.992
2021,1211,1211,"Plants and parts of plants (including seeds and fruits), used primarily in perfumery, pharmacy; for insecticidal, fungicidal or similar purposes, fresh or dried, whether or not crushed or powdered",784,United Arab Emirates,False,396094.939,70610.56,70610.56
2021,1211,1211,"Plants and parts of plants (including seeds and fruits), used primarily in perfumery, pharmacy; for insecticidal, fungicidal or similar purposes, fresh or dried, whether or not crushed or powdered",788,Tunisia,False,1548307.594,276011.774,276011.774
2021,1211,1211,"Plants and parts of plants (including seeds and fruits), used primarily in perfumery, pharmacy; for insecticidal, fungicidal or similar purposes, fresh or dried, whether or not crushed or powdered",792,Türkiye,False,516791.693,92126.779,92126.779
2021,1211,1211,"Plants and parts of plants (including seeds and fruits), used primarily in perfumery, pharmacy; for insecticidal, fungicidal or similar purposes, fresh or dried, whether or not crushed or powdered",804,Ukraine,False,49026.574,8739.808,8739.808
2021,1211,1211,"Plants and parts of plants (including seeds and fruits), used primarily in perfumery, pharmacy; for insecticidal, fungicidal or similar purposes, fresh or dried, whether or not crushed or powdered",842,USA,False,3308.206,588.27,588.27
2021,1211,1211,"Plants and parts of plants (including seeds and fruits), used primarily in perfumery, pharmacy; for insecticidal, fungicidal or similar purposes, fresh or dried, whether or not crushed or powdered",860,Uzbekistan,False,635605.203,113307.279,113307.279
2021,1211,1211,"Plants and parts of plants (including seeds and fruits), used primarily in perfumery, pharmacy; for insecticidal, fungicidal or similar purposes, fresh or dried, whether or not crushed or powdered",899,"Areas, nes",False,310413.962,55336.49,55336.49
2022,1211,1211,"Plants and parts of plants (including seeds and fruits), of a kind used primarily in perfumery, in pharmacy or for insecticidal, fungicidal or similar purposes, fresh, chilled, frozen or dried, whether or not cut, crushed or powdered",0,World,True,9881031.43,1594587.531,1594587.531
2022,1211,1211,"Plants and parts of plants (including seeds and fruits), of a kind used primarily in perfumery, in pharmacy or for insecticidal, fungicidal or similar purposes, fresh, chilled, frozen or dried, whether or not cut, crushed or powdered",4,Afghanistan,False,379497.529,61949.38,61949.38
2022,1211,1211,"Plants and parts of plants (including seeds and fruits), of a kind used primarily in perfumery, in pharmacy or for insecticidal, fungicidal or similar purposes, fresh, chilled, frozen or dried, whether or not cut, crushed or powdered",8,Albania,False,161409.228,26348.529,26348.529
2022,1211,1211,"Plants and parts of plants (including seeds and fruits), of a kind used primarily in perfumery, in pharmacy or for insecticidal, fungicidal or similar purposes, fresh, chilled, frozen or dried, whether or not cut, crushed or powdered",31,Azerbaijan,False,215366.965,35156.619,35156.619
2022,1211,1211,"Plants and parts of plants (including seeds and fruits), of a kind used primarily in perfumery, in pharmacy or for insecticidal, fungicidal or similar purposes, fresh, chilled, frozen or dried, whether or not cut, crushed or powdered",124,Canada,False,805.437,15.107,15.107
2022,1211,1211,"Plants and parts of plants (including seeds and fruits), of a kind used primarily in perfumery, in pharmacy or for insecticidal, fungicidal or similar purposes, fresh, chilled, frozen or dried, whether or not cut, crushed or powdered",144,Sri Lanka,False,6715.148,1096.184,1096.184
2022,1211,1211,"Plants and parts of plants (including seeds and fruits), of a kind used primarily in perfumery, in pharmacy or for insecticidal, fungicidal or similar purposes, fresh, chilled, frozen or dried, whether or not cut, crushed or powdered",156,China,False,636432.584,85610.645,85610.645
2022,1211,1211,"Plants and parts of plants (including seeds and fruits), of a kind used primarily in perfumery, in pharmacy or for insecticidal, fungicidal or similar purposes, fresh, chilled, frozen or dried, whether or not cut, crushed or powdered",218,Ecuador,False,9218.725,1504.87,1504.87
2022,1211,1211,"Plants and parts of plants (including seeds and fruits), of a kind used primarily in perfumery, in pharmacy or for insecticidal, fungicidal or similar purposes, fresh, chilled, frozen or dried, whether or not cut, crushed or powdered",251,France,False,2464.302,402.274,402.274
2022,1211,1211,"Plants and parts of plants (including seeds and fruits), of a kind used primarily in perfumery, in pharmacy or for insecticidal, fungicidal or similar purposes, fresh, chilled, frozen or dried, whether or not cut, crushed or powdered",276,Germany,False,111374.099,18180.768,18180.768
2022,1211,1211,"Plants and parts of plants (including seeds and fruits), of a kind used primarily in perfumery, in pharmacy or for insecticidal, fungicidal or similar purposes, fresh, chilled, frozen or dried, whether or not cut, crushed or powdered",360,Indonesia,False,347760.158,56768.554,56768.554
2022,1211,1211,"Plants and parts of plants (including seeds and fruits), of a kind used primarily in perfumery, in pharmacy or for insecticidal, fungicidal or similar purposes, fresh, chilled, frozen or dried, whether or not cut, crushed or powdered",368,Iraq,False,289837.406,47313.213,47313.213
2022,1211,1211,"Plants and parts of plants (including seeds and fruits), of a kind used primarily in perfumery, in pharmacy or for insecticidal, fungicidal or similar purposes, fresh, chilled, frozen or dried, whether or not cut, crushed or powdered",380,Italy,False,174378.353,28465.616,28465.616
2022,1211,1211,"Plants and parts of plants (including seeds and fruits), of a kind used primarily in perfumery, in pharmacy or for insecticidal, fungicidal or similar purposes, fresh, chilled, frozen or dried, whether or not cut, crushed or powdered",400,Jordan,False,83255.043,13590.598,13590.598
2022,1211,1211,"Plants and parts of plants (including seeds and fruits), of a kind used primarily in perfumery, in pharmacy or for insecticidal, fungicidal or similar purposes, fresh, chilled, frozen or dried, whether or not cut, crushed or powdered",422,Lebanon,False,4075.789,665.334,665.334
2022,1211,1211,"Plants and parts of plants (including seeds and fruits), of a kind used primarily in perfumery, in pharmacy or for insecticidal, fungicidal or similar purposes, fresh, chilled, frozen or dried, whether or not cut, crushed or powdered",458,Malaysia,False,4342.936,708.943,708.943
2022,1211,1211,"Plants and parts of plants (including seeds and fruits), of a kind used primarily in perfumery, in pharmacy or for insecticidal, fungicidal or similar purposes, fresh, chilled, frozen or dried, whether or not cut, crushed or powdered",504,Morocco,False,52885.688,8633.088,8633.088
2022,1211,1211,"Plants and parts of plants (including seeds and fruits), of a kind used primarily in perfumery, in pharmacy or for insecticidal, fungicidal or similar purposes, fresh, chilled, frozen or dried, whether or not cut, crushed or powdered",566,Nigeria,False,692689.263,113074.966,113074.966
2022,1211,1211,"Plants and parts of plants (including seeds and fruits), of a kind used primarily in perfumery, in pharmacy or for insecticidal, fungicidal or similar purposes, fresh, chilled, frozen or dried, whether or not cut, crushed or powdered",586,Pakistan,False,1144130.039,186768.399,186768.399
2022,1211,1211,"Plants and parts of plants (including seeds and fruits), of a kind used primarily in perfumery, in pharmacy or for insecticidal, fungicidal or similar purposes, fresh, chilled, frozen or dried, whether or not cut, crushed or powdered",600,Paraguay,False,38665.023,6311.699,6311.699
2022,1211,1211,"Plants and parts of plants (including seeds and fruits), of a kind used primarily in perfumery, in pharmacy or for insecticidal, fungicidal or similar purposes, fresh, chilled, frozen or dried, whether or not cut, crushed or powdered",616,Poland,False,52243.132,8528.197,8528.197
2022,1211,1211,"Plants and parts of plants (including seeds and fruits), of a kind used primarily in perfumery, in pharmacy or for insecticidal, fungicidal or similar purposes, fresh, chilled, frozen or dried, whether or not cut, crushed or powdered",682,Saudi Arabia,False,4397.3,717.818,717.818
2022,1211,1211,"Plants and parts of plants (including seeds and fruits), of a kind used primarily in perfumery, in pharmacy or for insecticidal, fungicidal or similar purposes, fresh, chilled, frozen or dried, whether or not cut, crushed or powdered",699,India,False,896155.238,146288.86,146288.86
2022,1211,1211,"Plants and parts of plants (including seeds and fruits), of a kind used primarily in perfumery, in pharmacy or for insecticidal, fungicidal or similar purposes, fresh, chilled, frozen or dried, whether or not cut, crushed or powdered",704,Viet Nam,False,25036.566,4086.982,4086.982
2022,1211,1211,"Plants and parts of plants (including seeds and fruits), of a kind used primarily in perfumery, in pharmacy or for insecticidal, fungicidal or similar purposes, fresh, chilled, frozen or dried, whether or not cut, crushed or powdered",724,Spain,False,5270.443,860.35,860.35
2022,1211,1211,"Plants and parts of plants (including seeds and fruits), of a kind used primarily in perfumery, in pharmacy or for insecticidal, fungicidal or similar purposes, fresh, chilled, frozen or dried, whether or not cut, crushed or powdered",729,Sudan,False,8.125,1.326,1.326
2022,1211,1211,"Plants and parts of plants (including seeds and fruits), of a kind used primarily in perfumery, in pharmacy or for insecticidal, fungicidal or similar purposes, fresh, chilled, frozen or dried, whether or not cut, crushed or powdered",760,Syria,False,1181765.885,192912.095,192912.095
2022,1211,1211,"Plants and parts of plants (including seeds and fruits), of a kind used primarily in perfumery, in pharmacy or for insecticidal, fungicidal or similar purposes, fresh, chilled, frozen or dried, whether or not cut, crushed or powdered",784,United Arab Emirates,False,287032.778,46855.384,46855.384
2022,1211,1211,"Plants and parts of plants (including seeds and fruits), of a kind used primarily in perfumery, in pharmacy or for insecticidal, fungicidal or similar purposes, fresh, chilled, frozen or dried, whether or not cut, crushed or powdered",788,Tunisia,False,1200687.929,196000.94,196000.94
2022,1211,1211,"Plants and parts of plants (including seeds and fruits), of a kind used primarily in perfumery, in pharmacy or for insecticidal, fungicidal or similar purposes, fresh, chilled, frozen or dried, whether or not cut, crushed or powdered",792,Türkiye,False,994733.748,162380.869,162380.869
2022,1211,1211,"Plants and parts of plants (including seeds and fruits), of a kind used primarily in perfumery, in pharmacy or for insecticidal, fungicidal or similar purposes, fresh, chilled, frozen or dried, whether or not cut, crushed or powdered",826,United Kingdom,False,17.719,2.893,2.893
2022,1211,1211,"Plants and parts of plants (including seeds and fruits), of a kind used primarily in perfumery, in pharmacy or for insecticidal, fungicidal or similar purposes, fresh, chilled, frozen or dried, whether or not cut, crushed or powdered",842,USA,False,773.076,126.197,126.197
2022,1211,1211,"Plants and parts of plants (including seeds and fruits), of a kind used primarily in perfumery, in pharmacy or for insecticidal, fungicidal or similar purposes, fresh, chilled, frozen or dried, whether or not cut, crushed or powdered",860,Uzbekistan,False,522884.35,85355.921,85355.921
2022,1211,1211,"Plants and parts of plants (including seeds and fruits), of a kind used primarily in perfumery, in pharmacy or for insecticidal, fungicidal or similar purposes, fresh, chilled, frozen or dried, whether or not cut, crushed or powdered",899,"Areas, nes",False,354721.425,57904.915,57904.915
2023,1211,1211,"Plants and parts of plants (including seeds and fruits), of a kind used primarily in perfumery, in pharmacy or for insecticidal, fungicidal or similar purposes, fresh, chilled, frozen or dried, whether or not cut, crushed or powdered",0,World,True,12249644.308,1901813.523,1901813.523
2023,1211,1211,"Plants and parts of plants (including seeds and fruits), of a kind used primarily in perfumery, in pharmacy or for insecticidal, fungicidal or similar purposes, fresh, chilled, frozen or dried, whether or not cut, crushed or powdered",4,Afghanistan,False,204540.34,31885.477,31885.477
2023,1211,1211,"Plants and parts of plants (including seeds and fruits), of a kind used primarily in perfumery, in pharmacy or for insecticidal, fungicidal or similar purposes, fresh, chilled, frozen or dried, whether or not cut, crushed or powdered",8,Albania,False,288138.248,44917.425,44917.425
2023,1211,1211,"Plants and parts of plants (including seeds and fruits), of a kind used primarily in perfumery, in pharmacy or for insecticidal, fungicidal or similar purposes, fresh, chilled, frozen or dried, whether or not cut, crushed or powdered",31,Azerbaijan,False,50150.0,7817.806,7817.806
2023,1211,1211,"Plants and parts of plants (including seeds and fruits), of a kind used primarily in perfumery, in pharmacy or for insecticidal, fungicidal or similar purposes, fresh, chilled, frozen or dried, whether or not cut, crushed or powdered",32,Argentina,False,20.7,3.227,3.227
2023,1211,1211,"Plants and parts of plants (including seeds and fruits), of a kind used primarily in perfumery, in pharmacy or for insecticidal, fungicidal or similar purposes, fresh, chilled, frozen or dried, whether or not cut, crushed or powdered",76,Brazil,False,85.924,13.395,13.395
2023,1211,1211,"Plants and parts of plants (including seeds and fruits), of a kind used primarily in perfumery, in pharmacy or for insecticidal, fungicidal or similar purposes, fresh, chilled, frozen or dried, whether or not cut, crushed or powdered",100,Bulgaria,False,607.408,94.688,94.688
2023,1211,1211,"Plants and parts of plants (including seeds and fruits), of a kind used primarily in perfumery, in pharmacy or for insecticidal, fungicidal or similar purposes, fresh, chilled, frozen or dried, whether or not cut, crushed or powdered",124,Canada,False,96.904,15.106,15.106
2023,1211,1211,"Plants and parts of plants (including seeds and fruits), of a kind used primarily in perfumery, in pharmacy or for insecticidal, fungicidal or similar purposes, fresh, chilled, frozen or dried, whether or not cut, crushed or powdered",144,Sri Lanka,False,3449.974,537.811,537.811
2023,1211,1211,"Plants and parts of plants (including seeds and fruits), of a kind used primarily in perfumery, in pharmacy or for insecticidal, fungicidal or similar purposes, fresh, chilled, frozen or dried, whether or not cut, crushed or powdered",148,Chad,False,14370.001,2240.117,2240.117
2023,1211,1211,"Plants and parts of plants (including seeds and fruits), of a kind used primarily in perfumery, in pharmacy or for insecticidal, fungicidal or similar purposes, fresh, chilled, frozen or dried, whether or not cut, crushed or powdered",156,China,False,92353.245,8250.216,8250.216
2023,1211,1211,"Plants and parts of plants (including seeds and fruits), of a kind used primarily in perfumery, in pharmacy or for insecticidal, fungicidal or similar purposes, fresh, chilled, frozen or dried, whether or not cut, crushed or powdered",191,Croatia,False,5838.682,910.183,910.183
2023,1211,1211,"Plants and parts of plants (including seeds and fruits), of a kind used primarily in perfumery, in pharmacy or for insecticidal, fungicidal or similar purposes, fresh, chilled, frozen or dried, whether or not cut, crushed or powdered",203,Czechia,False,13.249,2.065,2.065
2023,1211,1211,"Plants and parts of plants (including seeds and fruits), of a kind used primarily in perfumery, in pharmacy or for insecticidal, fungicidal or similar purposes, fresh, chilled, frozen or dried, whether or not cut, crushed or powdered",208,Denmark,False,16.184,2.523,2.523
2023,1211,1211,"Plants and parts of plants (including seeds and fruits), of a kind used primarily in perfumery, in pharmacy or for insecticidal, fungicidal or similar purposes, fresh, chilled, frozen or dried, whether or not cut, crushed or powdered",251,France,False,1027.852,160.23,160.23
2023,1211,1211,"Plants and parts of plants (including seeds and fruits), of a kind used primarily in perfumery, in pharmacy or for insecticidal, fungicidal or similar purposes, fresh, chilled, frozen or dried, whether or not cut, crushed or powdered",276,Germany,False,76831.589,11977.157,11977.157
2023,1211,1211,"Plants and parts of plants (including seeds and fruits), of a kind used primarily in perfumery, in pharmacy or for insecticidal, fungicidal or similar purposes, fresh, chilled, frozen or dried, whether or not cut, crushed or powdered",288,Ghana,False,50.767,7.914,7.914
2023,1211,1211,"Plants and parts of plants (including seeds and fruits), of a kind used primarily in perfumery, in pharmacy or for insecticidal, fungicidal or similar purposes, fresh, chilled, frozen or dried, whether or not cut, crushed or powdered",360,Indonesia,False,319822.803,49856.682,49856.682
2023,1211,1211,"Plants and parts of plants (including seeds and fruits), of a kind used primarily in perfumery, in pharmacy or for insecticidal, fungicidal or similar purposes, fresh, chilled, frozen or dried, whether or not cut, crushed or powdered",368,Iraq,False,327256.742,51015.547,51015.547
2023,1211,1211,"Plants and parts of plants (including seeds and fruits), of a kind used primarily in perfumery, in pharmacy or for insecticidal, fungicidal or similar purposes, fresh, chilled, frozen or dried, whether or not cut, crushed or powdered",380,Italy,False,129.47,20.183,20.183
2023,1211,1211,"Plants and parts of plants (including seeds and fruits), of a kind used primarily in perfumery, in pharmacy or for insecticidal, fungicidal or similar purposes, fresh, chilled, frozen or dried, whether or not cut, crushed or powdered",400,Jordan,False,57720.197,8997.912,8997.912
2023,1211,1211,"Plants and parts of plants (including seeds and fruits), of a kind used primarily in perfumery, in pharmacy or for insecticidal, fungicidal or similar purposes, fresh, chilled, frozen or dried, whether or not cut, crushed or powdered",410,Rep. of Korea,False,11524.52,181.786,181.786
2023,1211,1211,"Plants and parts of plants (including seeds and fruits), of a kind used primarily in perfumery, in pharmacy or for insecticidal, fungicidal or similar purposes, fresh, chilled, frozen or dried, whether or not cut, crushed or powdered",484,Mexico,False,9.69,1.511,1.511
2023,1211,1211,"Plants and parts of plants (including seeds and fruits), of a kind used primarily in perfumery, in pharmacy or for insecticidal, fungicidal or similar purposes, fresh, chilled, frozen or dried, whether or not cut, crushed or powdered",504,Morocco,False,30306.514,4724.435,4724.435
2023,1211,1211,"Plants and parts of plants (including seeds and fruits), of a kind used primarily in perfumery, in pharmacy or for insecticidal, fungicidal or similar purposes, fresh, chilled, frozen or dried, whether or not cut, crushed or powdered",566,Nigeria,False,3015240.116,470041.113,470041.113
2023,1211,1211,"Plants and parts of plants (including seeds and fruits), of a kind used primarily in perfumery, in pharmacy or for insecticidal, fungicidal or similar purposes, fresh, chilled, frozen or dried, whether or not cut, crushed or powdered",586,Pakistan,False,1380084.868,215139.293,215139.293
2023,1211,1211,"Plants and parts of plants (including seeds and fruits), of a kind used primarily in perfumery, in pharmacy or for insecticidal, fungicidal or similar purposes, fresh, chilled, frozen or dried, whether or not cut, crushed or powdered",600,Paraguay,False,22572.467,3518.787,3518.787
2023,1211,1211,"Plants and parts of plants (including seeds and fruits), of a kind used primarily in perfumery, in pharmacy or for insecticidal, fungicidal or similar purposes, fresh, chilled, frozen or dried, whether or not cut, crushed or powdered",616,Poland,False,8082.487,1259.966,1259.966
2023,1211,1211,"Plants and parts of plants (including seeds and fruits), of a kind used primarily in perfumery, in pharmacy or for insecticidal, fungicidal or similar purposes, fresh, chilled, frozen or dried, whether or not cut, crushed or powdered",682,Saudi Arabia,False,84.234,13.131,13.131
2023,1211,1211,"Plants and parts of plants (including seeds and fruits), of a kind used primarily in perfumery, in pharmacy or for insecticidal, fungicidal or similar purposes, fresh, chilled, frozen or dried, whether or not cut, crushed or powdered",699,India,False,1074714.317,167532.331,167532.331
2023,1211,1211,"Plants and parts of plants (including seeds and fruits), of a kind used primarily in perfumery, in pharmacy or for insecticidal, fungicidal or similar purposes, fresh, chilled, frozen or dried, whether or not cut, crushed or powdered",704,Viet Nam,False,12184.885,1899.483,1899.483
2023,1211,1211,"Plants and parts of plants (including seeds and fruits), of a kind used primarily in perfumery, in pharmacy or for insecticidal, fungicidal or similar purposes, fresh, chilled, frozen or dried, whether or not cut, crushed or powdered",710,South Africa,False,2638.282,411.278,411.278
2023,1211,1211,"Plants and parts of plants (including seeds and fruits), of a kind used primarily in perfumery, in pharmacy or for insecticidal, fungicidal or similar purposes, fresh, chilled, frozen or dried, whether or not cut, crushed or powdered",729,Sudan,False,241663.5,37672.549,37672.549
2023,1211,1211,"Plants and parts of plants (including seeds and fruits), of a kind used primarily in perfumery, in pharmacy or for insecticidal, fungicidal or similar purposes, fresh, chilled, frozen or dried, whether or not cut, crushed or powdered",752,Sweden,False,1167991.625,182076.406,182076.406
2023,1211,1211,"Plants and parts of plants (including seeds and fruits), of a kind used primarily in perfumery, in pharmacy or for insecticidal, fungicidal or similar purposes, fresh, chilled, frozen or dried, whether or not cut, crushed or powdered",760,Syria,False,910584.96,141949.68,141949.68
2023,1211,1211,"Plants and parts of plants (including seeds and fruits), of a kind used primarily in perfumery, in pharmacy or for insecticidal, fungicidal or similar purposes, fresh, chilled, frozen or dried, whether or not cut, crushed or powdered",784,United Arab Emirates,False,94770.071,14773.56,14773.56
2023,1211,1211,"Plants and parts of plants (including seeds and fruits), of a kind used primarily in perfumery, in pharmacy or for insecticidal, fungicidal or similar purposes, fresh, chilled, frozen or dried, whether or not cut, crushed or powdered",788,Tunisia,False,1002686.586,156307.259,156307.259
2023,1211,1211,"Plants and parts of plants (including seeds and fruits), of a kind used primarily in perfumery, in pharmacy or for insecticidal, fungicidal or similar purposes, fresh, chilled, frozen or dried, whether or not cut, crushed or powdered",792,Türkiye,False,530235.148,82657.536,82657.536
2023,1211,1211,"Plants and parts of plants (including seeds and fruits), of a kind used primarily in perfumery, in pharmacy or for insecticidal, fungicidal or similar purposes, fresh, chilled, frozen or dried, whether or not cut, crushed or powdered",826,United Kingdom,False,173.251,27.008,27.008
2023,1211,1211,"Plants and parts of plants (including seeds and fruits), of a kind used primarily in perfumery, in pharmacy or for insecticidal, fungicidal or similar purposes, fresh, chilled, frozen or dried, whether or not cut, crushed or powdered",842,USA,False,157.616,24.571,24.571
2023,1211,1211,"Plants and parts of plants (including seeds and fruits), of a kind used primarily in perfumery, in pharmacy or for insecticidal, fungicidal or similar purposes, fresh, chilled, frozen or dried, whether or not cut, crushed or powdered",860,Uzbekistan,False,271881.088,42383.122,42383.122
2023,1211,1211,"Plants and parts of plants (including seeds and fruits), of a kind used primarily in perfumery, in pharmacy or for insecticidal, fungicidal or similar purposes, fresh, chilled, frozen or dried, whether or not cut, crushed or powdered",899,"Areas, nes",False,1029537.804,160493.054,160493.054
2024,1211,1211,"Plants and parts of plants (including seeds and fruits), of a kind used primarily in perfumery, in pharmacy or for insecticidal, fungicidal or similar purposes, fresh, chilled, frozen or dried, whether or not cut, crushed or powdered",0,World,True,18911116.624,2870800.863,2870800.863
2024,1211,1211,"Plants and parts of plants (including seeds and fruits), of a kind used primarily in perfumery, in pharmacy or for insecticidal, fungicidal or similar purposes, fresh, chilled, frozen or dried, whether or not cut, crushed or powdered",4,Afghanistan,False,236107.232,35927.858,35927.858
2024,1211,1211,"Plants and parts of plants (including seeds and fruits), of a kind used primarily in perfumery, in pharmacy or for insecticidal, fungicidal or similar purposes, fresh, chilled, frozen or dried, whether or not cut, crushed or powdered",8,Albania,False,421884.193,64197.082,64197.082
2024,1211,1211,"Plants and parts of plants (including seeds and fruits), of a kind used primarily in perfumery, in pharmacy or for insecticidal, fungicidal or similar purposes, fresh, chilled, frozen or dried, whether or not cut, crushed or powdered",31,Azerbaijan,False,27999.5,4260.615,4260.615
2024,1211,1211,"Plants and parts of plants (including seeds and fruits), of a kind used primarily in perfumery, in pharmacy or for insecticidal, fungicidal or similar purposes, fresh, chilled, frozen or dried, whether or not cut, crushed or powdered",76,Brazil,False,15.492,0.245,0.245
2024,1211,1211,"Plants and parts of plants (including seeds and fruits), of a kind used primarily in perfumery, in pharmacy or for insecticidal, fungicidal or similar purposes, fresh, chilled, frozen or dried, whether or not cut, crushed or powdered",124,Canada,False,3463.686,527.061,527.061
2024,1211,1211,"Plants and parts of plants (including seeds and fruits), of a kind used primarily in perfumery, in pharmacy or for insecticidal, fungicidal or similar purposes, fresh, chilled, frozen or dried, whether or not cut, crushed or powdered",148,Chad,False,13580.0,2066.435,2066.435
2024,1211,1211,"Plants and parts of plants (including seeds and fruits), of a kind used primarily in perfumery, in pharmacy or for insecticidal, fungicidal or similar purposes, fresh, chilled, frozen or dried, whether or not cut, crushed or powdered",156,China,False,563142.278,85691.979,85691.979
2024,1211,1211,"Plants and parts of plants (including seeds and fruits), of a kind used primarily in perfumery, in pharmacy or for insecticidal, fungicidal or similar purposes, fresh, chilled, frozen or dried, whether or not cut, crushed or powdered",191,Croatia,False,52045.93,7919.701,7919.701
2024,1211,1211,"Plants and parts of plants (including seeds and fruits), of a kind used primarily in perfumery, in pharmacy or for insecticidal, fungicidal or similar purposes, fresh, chilled, frozen or dried, whether or not cut, crushed or powdered",203,Czechia,False,194981.953,29669.925,29669.925
2024,1211,1211,"Plants and parts of plants (including seeds and fruits), of a kind used primarily in perfumery, in pharmacy or for insecticidal, fungicidal or similar purposes, fresh, chilled, frozen or dried, whether or not cut, crushed or powdered",251,France,False,104.251,15.864,15.864
2024,1211,1211,"Plants and parts of plants (including seeds and fruits), of a kind used primarily in perfumery, in pharmacy or for insecticidal, fungicidal or similar purposes, fresh, chilled, frozen or dried, whether or not cut, crushed or powdered",276,Germany,False,137542.272,20929.47,20929.47
2024,1211,1211,"Plants and parts of plants (including seeds and fruits), of a kind used primarily in perfumery, in pharmacy or for insecticidal, fungicidal or similar purposes, fresh, chilled, frozen or dried, whether or not cut, crushed or powdered",360,Indonesia,False,209139.277,31824.211,31824.211
2024,1211,1211,"Plants and parts of plants (including seeds and fruits), of a kind used primarily in perfumery, in pharmacy or for insecticidal, fungicidal or similar purposes, fresh, chilled, frozen or dried, whether or not cut, crushed or powdered",368,Iraq,False,323833.578,49276.961,49276.961
2024,1211,1211,"Plants and parts of plants (including seeds and fruits), of a kind used primarily in perfumery, in pharmacy or for insecticidal, fungicidal or similar purposes, fresh, chilled, frozen or dried, whether or not cut, crushed or powdered",400,Jordan,False,39568.107,6020.982,6020.982
2024,1211,1211,"Plants and parts of plants (including seeds and fruits), of a kind used primarily in perfumery, in pharmacy or for insecticidal, fungicidal or similar purposes, fresh, chilled, frozen or dried, whether or not cut, crushed or powdered",410,Rep. of Korea,False,50274.513,794.914,794.914
2024,1211,1211,"Plants and parts of plants (including seeds and fruits), of a kind used primarily in perfumery, in pharmacy or for insecticidal, fungicidal or similar purposes, fresh, chilled, frozen or dried, whether or not cut, crushed or powdered",414,Kuwait,False,26.588,4.046,4.046
2024,1211,1211,"Plants and parts of plants (including seeds and fruits), of a kind used primarily in perfumery, in pharmacy or for insecticidal, fungicidal or similar purposes, fresh, chilled, frozen or dried, whether or not cut, crushed or powdered",422,Lebanon,False,8890.392,1352.829,1352.829
2024,1211,1211,"Plants and parts of plants (including seeds and fruits), of a kind used primarily in perfumery, in pharmacy or for insecticidal, fungicidal or similar purposes, fresh, chilled, frozen or dried, whether or not cut, crushed or powdered",504,Morocco,False,34964.286,5320.43,5320.43
2024,1211,1211,"Plants and parts of plants (including seeds and fruits), of a kind used primarily in perfumery, in pharmacy or for insecticidal, fungicidal or similar purposes, fresh, chilled, frozen or dried, whether or not cut, crushed or powdered",528,Netherlands,False,16.826,2.56,2.56
2024,1211,1211,"Plants and parts of plants (including seeds and fruits), of a kind used primarily in perfumery, in pharmacy or for insecticidal, fungicidal or similar purposes, fresh, chilled, frozen or dried, whether or not cut, crushed or powdered",566,Nigeria,False,8110455.872,1234148.168,1234148.168
2024,1211,1211,"Plants and parts of plants (including seeds and fruits), of a kind used primarily in perfumery, in pharmacy or for insecticidal, fungicidal or similar purposes, fresh, chilled, frozen or dried, whether or not cut, crushed or powdered",586,Pakistan,False,388442.33,59108.316,59108.316
2024,1211,1211,"Plants and parts of plants (including seeds and fruits), of a kind used primarily in perfumery, in pharmacy or for insecticidal, fungicidal or similar purposes, fresh, chilled, frozen or dried, whether or not cut, crushed or powdered",616,Poland,False,5483.889,834.47,834.47
2024,1211,1211,"Plants and parts of plants (including seeds and fruits), of a kind used primarily in perfumery, in pharmacy or for insecticidal, fungicidal or similar purposes, fresh, chilled, frozen or dried, whether or not cut, crushed or powdered",682,Saudi Arabia,False,278.673,42.405,42.405
2024,1211,1211,"Plants and parts of plants (including seeds and fruits), of a kind used primarily in perfumery, in pharmacy or for insecticidal, fungicidal or similar purposes, fresh, chilled, frozen or dried, whether or not cut, crushed or powdered",699,India,False,1527248.848,232397.71,232397.71
2024,1211,1211,"Plants and parts of plants (including seeds and fruits), of a kind used primarily in perfumery, in pharmacy or for insecticidal, fungicidal or similar purposes, fresh, chilled, frozen or dried, whether or not cut, crushed or powdered",706,Somalia,False,36512.377,5555.999,5555.999
2024,1211,1211,"Plants and parts of plants (including seeds and fruits), of a kind used primarily in perfumery, in pharmacy or for insecticidal, fungicidal or similar purposes, fresh, chilled, frozen or dried, whether or not cut, crushed or powdered",710,South Africa,False,21.268,3.236,3.236
2024,1211,1211,"Plants and parts of plants (including seeds and fruits), of a kind used primarily in perfumery, in pharmacy or for insecticidal, fungicidal or similar purposes, fresh, chilled, frozen or dried, whether or not cut, crushed or powdered",729,Sudan,False,2213543.401,336829.468,336829.468
2024,1211,1211,"Plants and parts of plants (including seeds and fruits), of a kind used primarily in perfumery, in pharmacy or for insecticidal, fungicidal or similar purposes, fresh, chilled, frozen or dried, whether or not cut, crushed or powdered",760,Syria,False,963379.976,146595.167,146595.167
2024,1211,1211,"Plants and parts of plants (including seeds and fruits), of a kind used primarily in perfumery, in pharmacy or for insecticidal, fungicidal or similar purposes, fresh, chilled, frozen or dried, whether or not cut, crushed or powdered",764,Thailand,False,10.333,1.572,1.572
2024,1211,1211,"Plants and parts of plants (including seeds and fruits), of a kind used primarily in perfumery, in pharmacy or for insecticidal, fungicidal or similar purposes, fresh, chilled, frozen or dried, whether or not cut, crushed or powdered",784,United Arab Emirates,False,47307.742,7198.703,7198.703
2024,1211,1211,"Plants and parts of plants (including seeds and fruits), of a kind used primarily in perfumery, in pharmacy or for insecticidal, fungicidal or similar purposes, fresh, chilled, frozen or dried, whether or not cut, crushed or powdered",788,Tunisia,False,2010481.309,305930.007,305930.007
2024,1211,1211,"Plants and parts of plants (including seeds and fruits), of a kind used primarily in perfumery, in pharmacy or for insecticidal, fungicidal or similar purposes, fresh, chilled, frozen or dried, whether or not cut, crushed or powdered",792,Türkiye,False,430804.207,65554.419,65554.419
2024,1211,1211,"Plants and parts of plants (including seeds and fruits), of a kind used primarily in perfumery, in pharmacy or for insecticidal, fungicidal or similar purposes, fresh, chilled, frozen or dried, whether or not cut, crushed or powdered",800,Uganda,False,1165.757,177.39,177.39
2024,1211,1211,"Plants and parts of plants (including seeds and fruits), of a kind used primarily in perfumery, in pharmacy or for insecticidal, fungicidal or similar purposes, fresh, chilled, frozen or dried, whether or not cut, crushed or powdered",826,United Kingdom,False,620.114,94.361,94.361
2024,1211,1211,"Plants and parts of plants (including seeds and fruits), of a kind used primarily in perfumery, in pharmacy or for insecticidal, fungicidal or similar purposes, fresh, chilled, frozen or dried, whether or not cut, crushed or powdered",834,United Rep. of Tanzania,False,3025.826,460.433,460.433
2024,1211,1211,"Plants and parts of plants (including seeds and fruits), of a kind used primarily in perfumery, in pharmacy or for insecticidal, fungicidal or similar purposes, fresh, chilled, frozen or dried, whether or not cut, crushed or powdered",842,USA,False,5746.762,874.471,874.471
2024,1211,1211,"Plants and parts of plants (including seeds and fruits), of a kind used primarily in perfumery, in pharmacy or for insecticidal, fungicidal or similar purposes, fresh, chilled, frozen or dried, whether or not cut, crushed or powdered",860,Uzbekistan,False,147863.581,22500.038,22500.038
2024,1211,1211,"Plants and parts of plants (including seeds and fruits), of a kind used primarily in perfumery, in pharmacy or for insecticidal, fungicidal or similar purposes, fresh, chilled, frozen or dried, whether or not cut, crushed or powdered",899,"Areas, nes",False,701144.004,106691.363,106691.363
2025,1211,1211,"Plants and parts of plants (including seeds and fruits), of a kind used primarily in perfumery, in pharmacy or for insecticidal, fungicidal or similar purposes, fresh, chilled, frozen or dried, whether or not cut, crushed or powdered",0,World,True,16458535.901,,0.0
2025,1211,1211,"Plants and parts of plants (including seeds and fruits), of a kind used primarily in perfumery, in pharmacy or for insecticidal, fungicidal or similar purposes, fresh, chilled, frozen or dried, whether or not cut, crushed or powdered",4,Afghanistan,False,695809.358,,0.0
2025,1211,1211,"Plants and parts of plants (including seeds and fruits), of a kind used primarily in perfumery, in pharmacy or for insecticidal, fungicidal or similar purposes, fresh, chilled, frozen or dried, whether or not cut, crushed or powdered",8,Albania,False,127950.013,,0.0
2025,1211,1211,"Plants and parts of plants (including seeds and fruits), of a kind used primarily in perfumery, in pharmacy or for insecticidal, fungicidal or similar purposes, fresh, chilled, frozen or dried, whether or not cut, crushed or powdered",76,Brazil,False,15.735,,0.0
2025,1211,1211,"Plants and parts of plants (including seeds and fruits), of a kind used primarily in perfumery, in pharmacy or for insecticidal, fungicidal or similar purposes, fresh, chilled, frozen or dried, whether or not cut, crushed or powdered",100,Bulgaria,False,10.01,,0.0
2025,1211,1211,"Plants and parts of plants (including seeds and fruits), of a kind used primarily in perfumery, in pharmacy or for insecticidal, fungicidal or similar purposes, fresh, chilled, frozen or dried, whether or not cut, crushed or powdered",124,Canada,False,15.181,,0.0
2025,1211,1211,"Plants and parts of plants (including seeds and fruits), of a kind used primarily in perfumery, in pharmacy or for insecticidal, fungicidal or similar purposes, fresh, chilled, frozen or dried, whether or not cut, crushed or powdered",156,China,False,731364.436,,0.0
2025,1211,1211,"Plants and parts of plants (including seeds and fruits), of a kind used primarily in perfumery, in pharmacy or for insecticidal, fungicidal or similar purposes, fresh, chilled, frozen or dried, whether or not cut, crushed or powdered",191,Croatia,False,8771.392,,0.0
2025,1211,1211,"Plants and parts of plants (including seeds and fruits), of a kind used primarily in perfumery, in pharmacy or for insecticidal, fungicidal or similar purposes, fresh, chilled, frozen or dried, whether or not cut, crushed or powdered",251,France,False,121.342,,0.0
2025,1211,1211,"Plants and parts of plants (including seeds and fruits), of a kind used primarily in perfumery, in pharmacy or for insecticidal, fungicidal or similar purposes, fresh, chilled, frozen or dried, whether or not cut, crushed or powdered",276,Germany,False,40856.057,,0.0
2025,1211,1211,"Plants and parts of plants (including seeds and fruits), of a kind used primarily in perfumery, in pharmacy or for insecticidal, fungicidal or similar purposes, fresh, chilled, frozen or dried, whether or not cut, crushed or powdered",360,Indonesia,False,339105.296,,0.0
2025,1211,1211,"Plants and parts of plants (including seeds and fruits), of a kind used primarily in perfumery, in pharmacy or for insecticidal, fungicidal or similar purposes, fresh, chilled, frozen or dried, whether or not cut, crushed or powdered",368,Iraq,False,641678.13,,0.0
2025,1211,1211,"Plants and parts of plants (including seeds and fruits), of a kind used primarily in perfumery, in pharmacy or for insecticidal, fungicidal or similar purposes, fresh, chilled, frozen or dried, whether or not cut, crushed or powdered",380,Italy,False,123.0,,0.0
2025,1211,1211,"Plants and parts of plants (including seeds and fruits), of a kind used primarily in perfumery, in pharmacy or for insecticidal, fungicidal or similar purposes, fresh, chilled, frozen or dried, whether or not cut, crushed or powdered",398,Kazakhstan,False,61881.612,,0.0
2025,1211,1211,"Plants and parts of plants (including seeds and fruits), of a kind used primarily in perfumery, in pharmacy or for insecticidal, fungicidal or similar purposes, fresh, chilled, frozen or dried, whether or not cut, crushed or powdered",400,Jordan,False,36172.132,,0.0
2025,1211,1211,"Plants and parts of plants (including seeds and fruits), of a kind used primarily in perfumery, in pharmacy or for insecticidal, fungicidal or similar purposes, fresh, chilled, frozen or dried, whether or not cut, crushed or powdered",422,Lebanon,False,36683.744,,0.0
2025,1211,1211,"Plants and parts of plants (including seeds and fruits), of a kind used primarily in perfumery, in pharmacy or for insecticidal, fungicidal or similar purposes, fresh, chilled, frozen or dried, whether or not cut, crushed or powdered",504,Morocco,False,2834.456,,0.0
2025,1211,1211,"Plants and parts of plants (including seeds and fruits), of a kind used primarily in perfumery, in pharmacy or for insecticidal, fungicidal or similar purposes, fresh, chilled, frozen or dried, whether or not cut, crushed or powdered",528,Netherlands,False,1274.302,,0.0
2025,1211,1211,"Plants and parts of plants (including seeds and fruits), of a kind used primarily in perfumery, in pharmacy or for insecticidal, fungicidal or similar purposes, fresh, chilled, frozen or dried, whether or not cut, crushed or powdered",566,Nigeria,False,6249411.976,,0.0
2025,1211,1211,"Plants and parts of plants (including seeds and fruits), of a kind used primarily in perfumery, in pharmacy or for insecticidal, fungicidal or similar purposes, fresh, chilled, frozen or dried, whether or not cut, crushed or powdered",586,Pakistan,False,1252671.527,,0.0
2025,1211,1211,"Plants and parts of plants (including seeds and fruits), of a kind used primarily in perfumery, in pharmacy or for insecticidal, fungicidal or similar purposes, fresh, chilled, frozen or dried, whether or not cut, crushed or powdered",616,Poland,False,19189.828,,0.0
2025,1211,1211,"Plants and parts of plants (including seeds and fruits), of a kind used primarily in perfumery, in pharmacy or for insecticidal, fungicidal or similar purposes, fresh, chilled, frozen or dried, whether or not cut, crushed or powdered",699,India,False,1880857.345,,0.0
2025,1211,1211,"Plants and parts of plants (including seeds and fruits), of a kind used primarily in perfumery, in pharmacy or for insecticidal, fungicidal or similar purposes, fresh, chilled, frozen or dried, whether or not cut, crushed or powdered",704,Viet Nam,False,17110.632,,0.0
2025,1211,1211,"Plants and parts of plants (including seeds and fruits), of a kind used primarily in perfumery, in pharmacy or for insecticidal, fungicidal or similar purposes, fresh, chilled, frozen or dried, whether or not cut, crushed or powdered",706,Somalia,False,1787.101,,0.0
2025,1211,1211,"Plants and parts of plants (including seeds and fruits), of a kind used primarily in perfumery, in pharmacy or for insecticidal, fungicidal or similar purposes, fresh, chilled, frozen or dried, whether or not cut, crushed or powdered",729,Sudan,False,404241.23,,0.0
2025,1211,1211,"Plants and parts of plants (including seeds and fruits), of a kind used primarily in perfumery, in pharmacy or for insecticidal, fungicidal or similar purposes, fresh, chilled, frozen or dried, whether or not cut, crushed or powdered",760,Syria,False,282991.804,,0.0
2025,1211,1211,"Plants and parts of plants (including seeds and fruits), of a kind used primarily in perfumery, in pharmacy or for insecticidal, fungicidal or similar purposes, fresh, chilled, frozen or dried, whether or not cut, crushed or powdered",764,Thailand,False,6618.894,,0.0
2025,1211,1211,"Plants and parts of plants (including seeds and fruits), of a kind used primarily in perfumery, in pharmacy or for insecticidal, fungicidal or similar purposes, fresh, chilled, frozen or dried, whether or not cut, crushed or powdered",784,United Arab Emirates,False,61083.2,,0.0
2025,1211,1211,"Plants and parts of plants (including seeds and fruits), of a kind used primarily in perfumery, in pharmacy or for insecticidal, fungicidal or similar purposes, fresh, chilled, frozen or dried, whether or not cut, crushed or powdered",788,Tunisia,False,2589914.677,,0.0
2025,1211,1211,"Plants and parts of plants (including seeds and fruits), of a kind used primarily in perfumery, in pharmacy or for insecticidal, fungicidal or similar purposes, fresh, chilled, frozen or dried, whether or not cut, crushed or powdered",792,Türkiye,False,206359.098,,0.0
2025,1211,1211,"Plants and parts of plants (including seeds and fruits), of a kind used primarily in perfumery, in pharmacy or for insecticidal, fungicidal or similar purposes, fresh, chilled, frozen or dried, whether or not cut, crushed or powdered",800,Uganda,False,7778.55,,0.0
2025,1211,1211,"Plants and parts of plants (including seeds and fruits), of a kind used primarily in perfumery, in pharmacy or for insecticidal, fungicidal or similar purposes, fresh, chilled, frozen or dried, whether or not cut, crushed or powdered",834,United Rep. of Tanzania,False,5058.673,,0.0
2025,1211,1211,"Plants and parts of plants (including seeds and fruits), of a kind used primarily in perfumery, in pharmacy or for insecticidal, fungicidal or similar purposes, fresh, chilled, frozen or dried, whether or not cut, crushed or powdered",842,USA,False,40503.806,,0.0
2025,1211,1211,"Plants and parts of plants (including seeds and fruits), of a kind used primarily in perfumery, in pharmacy or for insecticidal, fungicidal or similar purposes, fresh, chilled, frozen or dried, whether or not cut, crushed or powdered",860,Uzbekistan,False,244091.568,,0.0
2025,1211,1211,"Plants and parts of plants (including seeds and fruits), of a kind used primarily in perfumery, in pharmacy or for insecticidal, fungicidal or similar purposes, fresh, chilled, frozen or dried, whether or not cut, crushed or powdered",899,"Areas, nes",False,464199.796,,0.0
2015,1302,1302,"Vegetable saps and extracts; pectic substances, pectinates and pectates; agar-agar and other mucilages and thickeners, whether or not modified, derived from vegetable products",0,World,True,18317397.722,1330157.885,1330157.885
2015,1302,1302,"Vegetable saps and extracts; pectic substances, pectinates and pectates; agar-agar and other mucilages and thickeners, whether or not modified, derived from vegetable products",56,Belgium,False,33083.723,3887.837,3887.837
2015,1302,1302,"Vegetable saps and extracts; pectic substances, pectinates and pectates; agar-agar and other mucilages and thickeners, whether or not modified, derived from vegetable products",76,Brazil,False,245398.204,15901.727,15901.727
2015,1302,1302,"Vegetable saps and extracts; pectic substances, pectinates and pectates; agar-agar and other mucilages and thickeners, whether or not modified, derived from vegetable products",156,China,False,4278658.887,281205.025,281205.025
2015,1302,1302,"Vegetable saps and extracts; pectic substances, pectinates and pectates; agar-agar and other mucilages and thickeners, whether or not modified, derived from vegetable products",203,Czechia,False,1484058.678,108299.49,108299.49
2015,1302,1302,"Vegetable saps and extracts; pectic substances, pectinates and pectates; agar-agar and other mucilages and thickeners, whether or not modified, derived from vegetable products",208,Denmark,False,697819.334,57709.296,57709.296
2015,1302,1302,"Vegetable saps and extracts; pectic substances, pectinates and pectates; agar-agar and other mucilages and thickeners, whether or not modified, derived from vegetable products",251,France,False,1297992.492,82605.468,82605.468
2015,1302,1302,"Vegetable saps and extracts; pectic substances, pectinates and pectates; agar-agar and other mucilages and thickeners, whether or not modified, derived from vegetable products",276,Germany,False,3371766.979,203304.705,203304.705
2015,1302,1302,"Vegetable saps and extracts; pectic substances, pectinates and pectates; agar-agar and other mucilages and thickeners, whether or not modified, derived from vegetable products",300,Greece,False,1835.01,45.717,45.717
2015,1302,1302,"Vegetable saps and extracts; pectic substances, pectinates and pectates; agar-agar and other mucilages and thickeners, whether or not modified, derived from vegetable products",380,Italy,False,639594.049,51045.228,51045.228
2015,1302,1302,"Vegetable saps and extracts; pectic substances, pectinates and pectates; agar-agar and other mucilages and thickeners, whether or not modified, derived from vegetable products",408,Dem. People's Rep. of Korea,False,50618.51,5948.439,5948.439
2015,1302,1302,"Vegetable saps and extracts; pectic substances, pectinates and pectates; agar-agar and other mucilages and thickeners, whether or not modified, derived from vegetable products",410,Rep. of Korea,False,81509.884,8452.966,8452.966
2015,1302,1302,"Vegetable saps and extracts; pectic substances, pectinates and pectates; agar-agar and other mucilages and thickeners, whether or not modified, derived from vegetable products",484,Mexico,False,738215.163,53871.405,53871.405
2015,1302,1302,"Vegetable saps and extracts; pectic substances, pectinates and pectates; agar-agar and other mucilages and thickeners, whether or not modified, derived from vegetable products",504,Morocco,False,437921.541,19323.496,19323.496
2015,1302,1302,"Vegetable saps and extracts; pectic substances, pectinates and pectates; agar-agar and other mucilages and thickeners, whether or not modified, derived from vegetable products",528,Netherlands,False,23869.375,2660.72,2660.72
2015,1302,1302,"Vegetable saps and extracts; pectic substances, pectinates and pectates; agar-agar and other mucilages and thickeners, whether or not modified, derived from vegetable products",604,Peru,False,31903.495,3749.142,3749.142
2015,1302,1302,"Vegetable saps and extracts; pectic substances, pectinates and pectates; agar-agar and other mucilages and thickeners, whether or not modified, derived from vegetable products",608,Philippines,False,370240.879,43508.889,43508.889
2015,1302,1302,"Vegetable saps and extracts; pectic substances, pectinates and pectates; agar-agar and other mucilages and thickeners, whether or not modified, derived from vegetable products",616,Poland,False,12107.091,1422.766,1422.766
2015,1302,1302,"Vegetable saps and extracts; pectic substances, pectinates and pectates; agar-agar and other mucilages and thickeners, whether or not modified, derived from vegetable products",699,India,False,1289480.821,127118.348,127118.348
2015,1302,1302,"Vegetable saps and extracts; pectic substances, pectinates and pectates; agar-agar and other mucilages and thickeners, whether or not modified, derived from vegetable products",702,Singapore,False,11090.394,276.302,276.302
2015,1302,1302,"Vegetable saps and extracts; pectic substances, pectinates and pectates; agar-agar and other mucilages and thickeners, whether or not modified, derived from vegetable products",710,South Africa,False,46019.472,1146.514,1146.514
2015,1302,1302,"Vegetable saps and extracts; pectic substances, pectinates and pectates; agar-agar and other mucilages and thickeners, whether or not modified, derived from vegetable products",724,Spain,False,1100358.066,124573.122,124573.122
2015,1302,1302,"Vegetable saps and extracts; pectic substances, pectinates and pectates; agar-agar and other mucilages and thickeners, whether or not modified, derived from vegetable products",729,Sudan,False,27961.545,4715.769,4715.769
2015,1302,1302,"Vegetable saps and extracts; pectic substances, pectinates and pectates; agar-agar and other mucilages and thickeners, whether or not modified, derived from vegetable products",757,Switzerland,False,269962.375,11037.47,11037.47
2015,1302,1302,"Vegetable saps and extracts; pectic substances, pectinates and pectates; agar-agar and other mucilages and thickeners, whether or not modified, derived from vegetable products",760,Syria,False,44173.001,5090.281,5090.281
2015,1302,1302,"Vegetable saps and extracts; pectic substances, pectinates and pectates; agar-agar and other mucilages and thickeners, whether or not modified, derived from vegetable products",764,Thailand,False,1226.397,54.115,54.115
2015,1302,1302,"Vegetable saps and extracts; pectic substances, pectinates and pectates; agar-agar and other mucilages and thickeners, whether or not modified, derived from vegetable products",792,Türkiye,False,45200.864,1126.12,1126.12
2015,1302,1302,"Vegetable saps and extracts; pectic substances, pectinates and pectates; agar-agar and other mucilages and thickeners, whether or not modified, derived from vegetable products",826,United Kingdom,False,254176.776,10284.433,10284.433
2015,1302,1302,"Vegetable saps and extracts; pectic substances, pectinates and pectates; agar-agar and other mucilages and thickeners, whether or not modified, derived from vegetable products",842,USA,False,1431154.716,101793.095,101793.095
2016,1302,1302,"Vegetable saps and extracts; pectic substances, pectinates and pectates; agar-agar and other mucilages and thickeners, whether or not modified, derived from vegetable products",0,World,True,18699370.782,1333543.555,1333543.555
2016,1302,1302,"Vegetable saps and extracts; pectic substances, pectinates and pectates; agar-agar and other mucilages and thickeners, whether or not modified, derived from vegetable products",56,Belgium,False,5419.609,238.734,238.734
2016,1302,1302,"Vegetable saps and extracts; pectic substances, pectinates and pectates; agar-agar and other mucilages and thickeners, whether or not modified, derived from vegetable products",76,Brazil,False,575676.105,38117.088,38117.088
2016,1302,1302,"Vegetable saps and extracts; pectic substances, pectinates and pectates; agar-agar and other mucilages and thickeners, whether or not modified, derived from vegetable products",156,China,False,4522112.597,290515.105,290515.105
2016,1302,1302,"Vegetable saps and extracts; pectic substances, pectinates and pectates; agar-agar and other mucilages and thickeners, whether or not modified, derived from vegetable products",203,Czechia,False,2410730.515,160061.666,160061.666
2016,1302,1302,"Vegetable saps and extracts; pectic substances, pectinates and pectates; agar-agar and other mucilages and thickeners, whether or not modified, derived from vegetable products",208,Denmark,False,788162.879,59580.763,59580.763
2016,1302,1302,"Vegetable saps and extracts; pectic substances, pectinates and pectates; agar-agar and other mucilages and thickeners, whether or not modified, derived from vegetable products",251,France,False,984645.684,92069.529,92069.529
2016,1302,1302,"Vegetable saps and extracts; pectic substances, pectinates and pectates; agar-agar and other mucilages and thickeners, whether or not modified, derived from vegetable products",276,Germany,False,2493089.578,174714.097,174714.097
2016,1302,1302,"Vegetable saps and extracts; pectic substances, pectinates and pectates; agar-agar and other mucilages and thickeners, whether or not modified, derived from vegetable products",360,Indonesia,False,20743.027,913.732,913.732
2016,1302,1302,"Vegetable saps and extracts; pectic substances, pectinates and pectates; agar-agar and other mucilages and thickeners, whether or not modified, derived from vegetable products",380,Italy,False,500313.53,37456.745,37456.745
2016,1302,1302,"Vegetable saps and extracts; pectic substances, pectinates and pectates; agar-agar and other mucilages and thickeners, whether or not modified, derived from vegetable products",410,Rep. of Korea,False,107389.622,13922.694,13922.694
2016,1302,1302,"Vegetable saps and extracts; pectic substances, pectinates and pectates; agar-agar and other mucilages and thickeners, whether or not modified, derived from vegetable products",504,Morocco,False,335729.523,14788.911,14788.911
2016,1302,1302,"Vegetable saps and extracts; pectic substances, pectinates and pectates; agar-agar and other mucilages and thickeners, whether or not modified, derived from vegetable products",528,Netherlands,False,1006590.83,28747.592,28747.592
2016,1302,1302,"Vegetable saps and extracts; pectic substances, pectinates and pectates; agar-agar and other mucilages and thickeners, whether or not modified, derived from vegetable products",608,Philippines,False,415257.227,51265.333,51265.333
2016,1302,1302,"Vegetable saps and extracts; pectic substances, pectinates and pectates; agar-agar and other mucilages and thickeners, whether or not modified, derived from vegetable products",699,India,False,994215.661,121526.655,121526.655
2016,1302,1302,"Vegetable saps and extracts; pectic substances, pectinates and pectates; agar-agar and other mucilages and thickeners, whether or not modified, derived from vegetable products",724,Spain,False,1256249.892,114744.414,114744.414
2016,1302,1302,"Vegetable saps and extracts; pectic substances, pectinates and pectates; agar-agar and other mucilages and thickeners, whether or not modified, derived from vegetable products",752,Sweden,False,41146.482,2724.421,2724.421
2016,1302,1302,"Vegetable saps and extracts; pectic substances, pectinates and pectates; agar-agar and other mucilages and thickeners, whether or not modified, derived from vegetable products",757,Switzerland,False,131411.801,8396.304,8396.304
2016,1302,1302,"Vegetable saps and extracts; pectic substances, pectinates and pectates; agar-agar and other mucilages and thickeners, whether or not modified, derived from vegetable products",788,Tunisia,False,10234.166,450.816,450.816
2016,1302,1302,"Vegetable saps and extracts; pectic substances, pectinates and pectates; agar-agar and other mucilages and thickeners, whether or not modified, derived from vegetable products",792,Türkiye,False,33980.453,2479.979,2479.979
2016,1302,1302,"Vegetable saps and extracts; pectic substances, pectinates and pectates; agar-agar and other mucilages and thickeners, whether or not modified, derived from vegetable products",826,United Kingdom,False,83457.742,4466.491,4466.491
2016,1302,1302,"Vegetable saps and extracts; pectic substances, pectinates and pectates; agar-agar and other mucilages and thickeners, whether or not modified, derived from vegetable products",842,USA,False,1982813.858,116362.484,116362.484
2017,1302,1302,"Vegetable saps and extracts; pectic substances, pectinates and pectates; agar-agar and other mucilages and thickeners, whether or not modified, derived from vegetable products",0,World,True,13597693.018,999866.104,999866.104
2017,1302,1302,"Vegetable saps and extracts; pectic substances, pectinates and pectates; agar-agar and other mucilages and thickeners, whether or not modified, derived from vegetable products",56,Belgium,False,11253.516,359.967,359.967
2017,1302,1302,"Vegetable saps and extracts; pectic substances, pectinates and pectates; agar-agar and other mucilages and thickeners, whether or not modified, derived from vegetable products",76,Brazil,False,674090.493,45088.681,45088.681
2017,1302,1302,"Vegetable saps and extracts; pectic substances, pectinates and pectates; agar-agar and other mucilages and thickeners, whether or not modified, derived from vegetable products",156,China,False,4018346.547,249775.479,249775.479
2017,1302,1302,"Vegetable saps and extracts; pectic substances, pectinates and pectates; agar-agar and other mucilages and thickeners, whether or not modified, derived from vegetable products",203,Czechia,False,345445.654,25504.904,25504.904
2017,1302,1302,"Vegetable saps and extracts; pectic substances, pectinates and pectates; agar-agar and other mucilages and thickeners, whether or not modified, derived from vegetable products",208,Denmark,False,938457.573,65490.024,65490.024
2017,1302,1302,"Vegetable saps and extracts; pectic substances, pectinates and pectates; agar-agar and other mucilages and thickeners, whether or not modified, derived from vegetable products",251,France,False,722709.445,49580.851,49580.851
2017,1302,1302,"Vegetable saps and extracts; pectic substances, pectinates and pectates; agar-agar and other mucilages and thickeners, whether or not modified, derived from vegetable products",276,Germany,False,1391466.382,59171.158,59171.158
2017,1302,1302,"Vegetable saps and extracts; pectic substances, pectinates and pectates; agar-agar and other mucilages and thickeners, whether or not modified, derived from vegetable products",360,Indonesia,False,345215.468,16544.192,16544.192
2017,1302,1302,"Vegetable saps and extracts; pectic substances, pectinates and pectates; agar-agar and other mucilages and thickeners, whether or not modified, derived from vegetable products",372,Ireland,False,55077.22,1277.609,1277.609
2017,1302,1302,"Vegetable saps and extracts; pectic substances, pectinates and pectates; agar-agar and other mucilages and thickeners, whether or not modified, derived from vegetable products",380,Italy,False,173629.417,19639.558,19639.558
2017,1302,1302,"Vegetable saps and extracts; pectic substances, pectinates and pectates; agar-agar and other mucilages and thickeners, whether or not modified, derived from vegetable products",410,Rep. of Korea,False,305633.482,32817.703,32817.703
2017,1302,1302,"Vegetable saps and extracts; pectic substances, pectinates and pectates; agar-agar and other mucilages and thickeners, whether or not modified, derived from vegetable products",504,Morocco,False,262737.747,12591.509,12591.509
2017,1302,1302,"Vegetable saps and extracts; pectic substances, pectinates and pectates; agar-agar and other mucilages and thickeners, whether or not modified, derived from vegetable products",528,Netherlands,False,4242.684,98.416,98.416
2017,1302,1302,"Vegetable saps and extracts; pectic substances, pectinates and pectates; agar-agar and other mucilages and thickeners, whether or not modified, derived from vegetable products",568,"Other Europe, nes",False,292036.618,19533.796,19533.796
2017,1302,1302,"Vegetable saps and extracts; pectic substances, pectinates and pectates; agar-agar and other mucilages and thickeners, whether or not modified, derived from vegetable products",604,Peru,False,23270.479,3075.27,3075.27
2017,1302,1302,"Vegetable saps and extracts; pectic substances, pectinates and pectates; agar-agar and other mucilages and thickeners, whether or not modified, derived from vegetable products",608,Philippines,False,272958.488,36072.354,36072.354
2017,1302,1302,"Vegetable saps and extracts; pectic substances, pectinates and pectates; agar-agar and other mucilages and thickeners, whether or not modified, derived from vegetable products",616,Poland,False,28620.092,3782.238,3782.238
2017,1302,1302,"Vegetable saps and extracts; pectic substances, pectinates and pectates; agar-agar and other mucilages and thickeners, whether or not modified, derived from vegetable products",699,India,False,1023621.128,153103.648,153103.648
2017,1302,1302,"Vegetable saps and extracts; pectic substances, pectinates and pectates; agar-agar and other mucilages and thickeners, whether or not modified, derived from vegetable products",724,Spain,False,597261.415,53655.377,53655.377
2017,1302,1302,"Vegetable saps and extracts; pectic substances, pectinates and pectates; agar-agar and other mucilages and thickeners, whether or not modified, derived from vegetable products",757,Switzerland,False,7673.972,178.011,178.011
2017,1302,1302,"Vegetable saps and extracts; pectic substances, pectinates and pectates; agar-agar and other mucilages and thickeners, whether or not modified, derived from vegetable products",762,Tajikistan,False,451404.672,54975.399,54975.399
2017,1302,1302,"Vegetable saps and extracts; pectic substances, pectinates and pectates; agar-agar and other mucilages and thickeners, whether or not modified, derived from vegetable products",788,Tunisia,False,32186.755,1542.526,1542.526
2017,1302,1302,"Vegetable saps and extracts; pectic substances, pectinates and pectates; agar-agar and other mucilages and thickeners, whether or not modified, derived from vegetable products",826,United Kingdom,False,108593.254,12298.297,12298.297
2017,1302,1302,"Vegetable saps and extracts; pectic substances, pectinates and pectates; agar-agar and other mucilages and thickeners, whether or not modified, derived from vegetable products",842,USA,False,1511760.517,83709.137,83709.137
2018,1302,1302,"Vegetable saps and extracts; pectic substances, pectinates and pectates; agar-agar and other mucilages and thickeners, whether or not modified, derived from vegetable products",0,World,True,16192475.404,,0.0
2018,1302,1302,"Vegetable saps and extracts; pectic substances, pectinates and pectates; agar-agar and other mucilages and thickeners, whether or not modified, derived from vegetable products",56,Belgium,False,528.811,11.823,11.823
2018,1302,1302,"Vegetable saps and extracts; pectic substances, pectinates and pectates; agar-agar and other mucilages and thickeners, whether or not modified, derived from vegetable products",76,Brazil,False,445690.719,28271.184,28271.184
2018,1302,1302,"Vegetable saps and extracts; pectic substances, pectinates and pectates; agar-agar and other mucilages and thickeners, whether or not modified, derived from vegetable products",124,Canada,False,11491.374,935.932,935.932
2018,1302,1302,"Vegetable saps and extracts; pectic substances, pectinates and pectates; agar-agar and other mucilages and thickeners, whether or not modified, derived from vegetable products",152,Chile,False,9116.962,203.827,203.827
2018,1302,1302,"Vegetable saps and extracts; pectic substances, pectinates and pectates; agar-agar and other mucilages and thickeners, whether or not modified, derived from vegetable products",156,China,False,2639685.899,168679.68,168679.68
2018,1302,1302,"Vegetable saps and extracts; pectic substances, pectinates and pectates; agar-agar and other mucilages and thickeners, whether or not modified, derived from vegetable products",203,Czechia,False,953737.267,60497.741,60497.741
2018,1302,1302,"Vegetable saps and extracts; pectic substances, pectinates and pectates; agar-agar and other mucilages and thickeners, whether or not modified, derived from vegetable products",208,Denmark,False,1506139.908,101551.442,101551.442
2018,1302,1302,"Vegetable saps and extracts; pectic substances, pectinates and pectates; agar-agar and other mucilages and thickeners, whether or not modified, derived from vegetable products",251,France,False,891684.454,63162.559,63162.559
2018,1302,1302,"Vegetable saps and extracts; pectic substances, pectinates and pectates; agar-agar and other mucilages and thickeners, whether or not modified, derived from vegetable products",276,Germany,False,2411594.186,100787.11,100787.11
2018,1302,1302,"Vegetable saps and extracts; pectic substances, pectinates and pectates; agar-agar and other mucilages and thickeners, whether or not modified, derived from vegetable products",360,Indonesia,False,448369.312,20878.034,20878.034
2018,1302,1302,"Vegetable saps and extracts; pectic substances, pectinates and pectates; agar-agar and other mucilages and thickeners, whether or not modified, derived from vegetable products",372,Ireland,False,100135.694,3291.53,3291.53
2018,1302,1302,"Vegetable saps and extracts; pectic substances, pectinates and pectates; agar-agar and other mucilages and thickeners, whether or not modified, derived from vegetable products",380,Italy,False,1100820.066,175234.219,175234.219
2018,1302,1302,"Vegetable saps and extracts; pectic substances, pectinates and pectates; agar-agar and other mucilages and thickeners, whether or not modified, derived from vegetable products",410,Rep. of Korea,False,313900.377,34839.466,34839.466
2018,1302,1302,"Vegetable saps and extracts; pectic substances, pectinates and pectates; agar-agar and other mucilages and thickeners, whether or not modified, derived from vegetable products",504,Morocco,False,251718.418,11448.972,11448.972
2018,1302,1302,"Vegetable saps and extracts; pectic substances, pectinates and pectates; agar-agar and other mucilages and thickeners, whether or not modified, derived from vegetable products",528,Netherlands,False,12517.405,1034.391,1034.391
2018,1302,1302,"Vegetable saps and extracts; pectic substances, pectinates and pectates; agar-agar and other mucilages and thickeners, whether or not modified, derived from vegetable products",604,Peru,False,55312.5,6318.936,6318.936
2018,1302,1302,"Vegetable saps and extracts; pectic substances, pectinates and pectates; agar-agar and other mucilages and thickeners, whether or not modified, derived from vegetable products",608,Philippines,False,346618.069,39597.874,39597.874
2018,1302,1302,"Vegetable saps and extracts; pectic substances, pectinates and pectates; agar-agar and other mucilages and thickeners, whether or not modified, derived from vegetable products",616,Poland,False,15081.322,1722.9,1722.9
2018,1302,1302,"Vegetable saps and extracts; pectic substances, pectinates and pectates; agar-agar and other mucilages and thickeners, whether or not modified, derived from vegetable products",699,India,False,1632817.641,260493.176,260493.176
2018,1302,1302,"Vegetable saps and extracts; pectic substances, pectinates and pectates; agar-agar and other mucilages and thickeners, whether or not modified, derived from vegetable products",724,Spain,False,1702089.679,120871.435,120871.435
2018,1302,1302,"Vegetable saps and extracts; pectic substances, pectinates and pectates; agar-agar and other mucilages and thickeners, whether or not modified, derived from vegetable products",757,Switzerland,False,151284.284,7830.319,7830.319
2018,1302,1302,"Vegetable saps and extracts; pectic substances, pectinates and pectates; agar-agar and other mucilages and thickeners, whether or not modified, derived from vegetable products",792,Türkiye,False,18445.143,,0.0
2018,1302,1302,"Vegetable saps and extracts; pectic substances, pectinates and pectates; agar-agar and other mucilages and thickeners, whether or not modified, derived from vegetable products",826,United Kingdom,False,5202.404,135.669,135.669
2018,1302,1302,"Vegetable saps and extracts; pectic substances, pectinates and pectates; agar-agar and other mucilages and thickeners, whether or not modified, derived from vegetable products",842,USA,False,1168493.508,118129.403,118129.403
2019,1302,1302,"Vegetable saps and extracts; pectic substances, pectinates and pectates; agar-agar and other mucilages and thickeners, whether or not modified, derived from vegetable products",0,World,True,16513464.075,,0.0
2019,1302,1302,"Vegetable saps and extracts; pectic substances, pectinates and pectates; agar-agar and other mucilages and thickeners, whether or not modified, derived from vegetable products",31,Azerbaijan,False,137147.015,18151.96,18151.96
2019,1302,1302,"Vegetable saps and extracts; pectic substances, pectinates and pectates; agar-agar and other mucilages and thickeners, whether or not modified, derived from vegetable products",76,Brazil,False,446205.525,31684.936,31684.936
2019,1302,1302,"Vegetable saps and extracts; pectic substances, pectinates and pectates; agar-agar and other mucilages and thickeners, whether or not modified, derived from vegetable products",152,Chile,False,314990.335,34873.961,34873.961
2019,1302,1302,"Vegetable saps and extracts; pectic substances, pectinates and pectates; agar-agar and other mucilages and thickeners, whether or not modified, derived from vegetable products",156,China,False,3201120.145,209058.427,209058.427
2019,1302,1302,"Vegetable saps and extracts; pectic substances, pectinates and pectates; agar-agar and other mucilages and thickeners, whether or not modified, derived from vegetable products",203,Czechia,False,417575.033,29651.892,29651.892
2019,1302,1302,"Vegetable saps and extracts; pectic substances, pectinates and pectates; agar-agar and other mucilages and thickeners, whether or not modified, derived from vegetable products",208,Denmark,False,1626665.101,121853.065,121853.065
2019,1302,1302,"Vegetable saps and extracts; pectic substances, pectinates and pectates; agar-agar and other mucilages and thickeners, whether or not modified, derived from vegetable products",251,France,False,878974.707,72477.75,72477.75
2019,1302,1302,"Vegetable saps and extracts; pectic substances, pectinates and pectates; agar-agar and other mucilages and thickeners, whether or not modified, derived from vegetable products",276,Germany,False,2418097.809,130307.969,130307.969
2019,1302,1302,"Vegetable saps and extracts; pectic substances, pectinates and pectates; agar-agar and other mucilages and thickeners, whether or not modified, derived from vegetable products",360,Indonesia,False,423823.998,20759.828,20759.828
2019,1302,1302,"Vegetable saps and extracts; pectic substances, pectinates and pectates; agar-agar and other mucilages and thickeners, whether or not modified, derived from vegetable products",380,Italy,False,450618.996,59036.081,59036.081
2019,1302,1302,"Vegetable saps and extracts; pectic substances, pectinates and pectates; agar-agar and other mucilages and thickeners, whether or not modified, derived from vegetable products",392,Japan,False,4237.024,,0.0
2019,1302,1302,"Vegetable saps and extracts; pectic substances, pectinates and pectates; agar-agar and other mucilages and thickeners, whether or not modified, derived from vegetable products",400,Jordan,False,628.007,69.529,69.529
2019,1302,1302,"Vegetable saps and extracts; pectic substances, pectinates and pectates; agar-agar and other mucilages and thickeners, whether or not modified, derived from vegetable products",410,Rep. of Korea,False,298428.977,30918.748,30918.748
2019,1302,1302,"Vegetable saps and extracts; pectic substances, pectinates and pectates; agar-agar and other mucilages and thickeners, whether or not modified, derived from vegetable products",484,Mexico,False,1515.536,109.245,109.245
2019,1302,1302,"Vegetable saps and extracts; pectic substances, pectinates and pectates; agar-agar and other mucilages and thickeners, whether or not modified, derived from vegetable products",504,Morocco,False,357691.514,17520.514,17520.514
2019,1302,1302,"Vegetable saps and extracts; pectic substances, pectinates and pectates; agar-agar and other mucilages and thickeners, whether or not modified, derived from vegetable products",528,Netherlands,False,19997.628,,0.0
2019,1302,1302,"Vegetable saps and extracts; pectic substances, pectinates and pectates; agar-agar and other mucilages and thickeners, whether or not modified, derived from vegetable products",604,Peru,False,50027.807,5538.798,5538.798
2019,1302,1302,"Vegetable saps and extracts; pectic substances, pectinates and pectates; agar-agar and other mucilages and thickeners, whether or not modified, derived from vegetable products",608,Philippines,False,413080.149,45746.977,45746.977
2019,1302,1302,"Vegetable saps and extracts; pectic substances, pectinates and pectates; agar-agar and other mucilages and thickeners, whether or not modified, derived from vegetable products",616,Poland,False,24000.094,2657.156,2657.156
2019,1302,1302,"Vegetable saps and extracts; pectic substances, pectinates and pectates; agar-agar and other mucilages and thickeners, whether or not modified, derived from vegetable products",699,India,False,1041957.812,131675.128,131675.128
2019,1302,1302,"Vegetable saps and extracts; pectic substances, pectinates and pectates; agar-agar and other mucilages and thickeners, whether or not modified, derived from vegetable products",724,Spain,False,2181607.877,185444.266,185444.266
2019,1302,1302,"Vegetable saps and extracts; pectic substances, pectinates and pectates; agar-agar and other mucilages and thickeners, whether or not modified, derived from vegetable products",752,Sweden,False,8117.523,,0.0
2019,1302,1302,"Vegetable saps and extracts; pectic substances, pectinates and pectates; agar-agar and other mucilages and thickeners, whether or not modified, derived from vegetable products",757,Switzerland,False,129437.084,6956.888,6956.888
2019,1302,1302,"Vegetable saps and extracts; pectic substances, pectinates and pectates; agar-agar and other mucilages and thickeners, whether or not modified, derived from vegetable products",788,Tunisia,False,41607.683,2488.008,2488.008
2019,1302,1302,"Vegetable saps and extracts; pectic substances, pectinates and pectates; agar-agar and other mucilages and thickeners, whether or not modified, derived from vegetable products",792,Türkiye,False,38016.004,6368.676,6368.676
2019,1302,1302,"Vegetable saps and extracts; pectic substances, pectinates and pectates; agar-agar and other mucilages and thickeners, whether or not modified, derived from vegetable products",826,United Kingdom,False,2362.763,61.034,61.034
2019,1302,1302,"Vegetable saps and extracts; pectic substances, pectinates and pectates; agar-agar and other mucilages and thickeners, whether or not modified, derived from vegetable products",842,USA,False,1585531.929,147095.885,147095.885
2020,1302,1302,"Vegetable saps and extracts; pectic substances, pectinates and pectates; agar-agar and other mucilages and thickeners, whether or not modified, derived from vegetable products",0,World,True,18896354.462,1380513.112,1380513.112
2020,1302,1302,"Vegetable saps and extracts; pectic substances, pectinates and pectates; agar-agar and other mucilages and thickeners, whether or not modified, derived from vegetable products",31,Azerbaijan,False,137290.547,18078.01,18078.01
2020,1302,1302,"Vegetable saps and extracts; pectic substances, pectinates and pectates; agar-agar and other mucilages and thickeners, whether or not modified, derived from vegetable products",76,Brazil,False,404070.514,28922.642,28922.642
2020,1302,1302,"Vegetable saps and extracts; pectic substances, pectinates and pectates; agar-agar and other mucilages and thickeners, whether or not modified, derived from vegetable products",124,Canada,False,807.433,17.456,17.456
2020,1302,1302,"Vegetable saps and extracts; pectic substances, pectinates and pectates; agar-agar and other mucilages and thickeners, whether or not modified, derived from vegetable products",152,Chile,False,233601.072,23956.764,23956.764
2020,1302,1302,"Vegetable saps and extracts; pectic substances, pectinates and pectates; agar-agar and other mucilages and thickeners, whether or not modified, derived from vegetable products",156,China,False,4111337.512,245565.457,245565.457
2020,1302,1302,"Vegetable saps and extracts; pectic substances, pectinates and pectates; agar-agar and other mucilages and thickeners, whether or not modified, derived from vegetable products",203,Czechia,False,991157.646,70945.284,70945.284
2020,1302,1302,"Vegetable saps and extracts; pectic substances, pectinates and pectates; agar-agar and other mucilages and thickeners, whether or not modified, derived from vegetable products",208,Denmark,False,1998442.322,110062.338,110062.338
2020,1302,1302,"Vegetable saps and extracts; pectic substances, pectinates and pectates; agar-agar and other mucilages and thickeners, whether or not modified, derived from vegetable products",251,France,False,946943.766,45106.812,45106.812
2020,1302,1302,"Vegetable saps and extracts; pectic substances, pectinates and pectates; agar-agar and other mucilages and thickeners, whether or not modified, derived from vegetable products",276,Germany,False,2576333.8,172789.946,172789.946
2020,1302,1302,"Vegetable saps and extracts; pectic substances, pectinates and pectates; agar-agar and other mucilages and thickeners, whether or not modified, derived from vegetable products",360,Indonesia,False,113562.863,6084.647,6084.647
2020,1302,1302,"Vegetable saps and extracts; pectic substances, pectinates and pectates; agar-agar and other mucilages and thickeners, whether or not modified, derived from vegetable products",380,Italy,False,447688.932,31457.662,31457.662
2020,1302,1302,"Vegetable saps and extracts; pectic substances, pectinates and pectates; agar-agar and other mucilages and thickeners, whether or not modified, derived from vegetable products",392,Japan,False,2069.505,44.74,44.74
2020,1302,1302,"Vegetable saps and extracts; pectic substances, pectinates and pectates; agar-agar and other mucilages and thickeners, whether or not modified, derived from vegetable products",400,Jordan,False,281160.891,29275.545,29275.545
2020,1302,1302,"Vegetable saps and extracts; pectic substances, pectinates and pectates; agar-agar and other mucilages and thickeners, whether or not modified, derived from vegetable products",410,Rep. of Korea,False,130250.066,13039.866,13039.866
2020,1302,1302,"Vegetable saps and extracts; pectic substances, pectinates and pectates; agar-agar and other mucilages and thickeners, whether or not modified, derived from vegetable products",484,Mexico,False,1765.006,38.157,38.157
2020,1302,1302,"Vegetable saps and extracts; pectic substances, pectinates and pectates; agar-agar and other mucilages and thickeners, whether or not modified, derived from vegetable products",504,Morocco,False,527834.367,27320.767,27320.767
2020,1302,1302,"Vegetable saps and extracts; pectic substances, pectinates and pectates; agar-agar and other mucilages and thickeners, whether or not modified, derived from vegetable products",528,Netherlands,False,9633.019,689.514,689.514
2020,1302,1302,"Vegetable saps and extracts; pectic substances, pectinates and pectates; agar-agar and other mucilages and thickeners, whether or not modified, derived from vegetable products",604,Peru,False,25865.025,2693.165,2693.165
2020,1302,1302,"Vegetable saps and extracts; pectic substances, pectinates and pectates; agar-agar and other mucilages and thickeners, whether or not modified, derived from vegetable products",608,Philippines,False,556922.689,57988.915,57988.915
2020,1302,1302,"Vegetable saps and extracts; pectic substances, pectinates and pectates; agar-agar and other mucilages and thickeners, whether or not modified, derived from vegetable products",699,India,False,1651867.35,176099.481,176099.481
2020,1302,1302,"Vegetable saps and extracts; pectic substances, pectinates and pectates; agar-agar and other mucilages and thickeners, whether or not modified, derived from vegetable products",724,Spain,False,1745056.264,138977.668,138977.668
2020,1302,1302,"Vegetable saps and extracts; pectic substances, pectinates and pectates; agar-agar and other mucilages and thickeners, whether or not modified, derived from vegetable products",757,Switzerland,False,284445.658,19458.785,19458.785
2020,1302,1302,"Vegetable saps and extracts; pectic substances, pectinates and pectates; agar-agar and other mucilages and thickeners, whether or not modified, derived from vegetable products",784,United Arab Emirates,False,20.837,2.17,2.17
2020,1302,1302,"Vegetable saps and extracts; pectic substances, pectinates and pectates; agar-agar and other mucilages and thickeners, whether or not modified, derived from vegetable products",788,Tunisia,False,30221.861,3146.816,3146.816
2020,1302,1302,"Vegetable saps and extracts; pectic substances, pectinates and pectates; agar-agar and other mucilages and thickeners, whether or not modified, derived from vegetable products",792,Türkiye,False,19521.838,3092.212,3092.212
2020,1302,1302,"Vegetable saps and extracts; pectic substances, pectinates and pectates; agar-agar and other mucilages and thickeners, whether or not modified, derived from vegetable products",826,United Kingdom,False,5768.298,164.702,164.702
2020,1302,1302,"Vegetable saps and extracts; pectic substances, pectinates and pectates; agar-agar and other mucilages and thickeners, whether or not modified, derived from vegetable products",842,USA,False,1662715.385,155493.592,155493.592
2021,1302,1302,"Vegetable saps and extracts; pectic substances, pectinates and pectates; agar-agar and other mucilages and thickeners, whether or not modified, derived from vegetable products",0,World,True,17913182.814,1318418.651,1318418.651
2021,1302,1302,"Vegetable saps and extracts; pectic substances, pectinates and pectates; agar-agar and other mucilages and thickeners, whether or not modified, derived from vegetable products",32,Argentina,False,40189.059,4034.896,4034.896
2021,1302,1302,"Vegetable saps and extracts; pectic substances, pectinates and pectates; agar-agar and other mucilages and thickeners, whether or not modified, derived from vegetable products",40,Austria,False,2150.92,46.921,46.921
2021,1302,1302,"Vegetable saps and extracts; pectic substances, pectinates and pectates; agar-agar and other mucilages and thickeners, whether or not modified, derived from vegetable products",76,Brazil,False,767808.98,56272.437,56272.437
2021,1302,1302,"Vegetable saps and extracts; pectic substances, pectinates and pectates; agar-agar and other mucilages and thickeners, whether or not modified, derived from vegetable products",124,Canada,False,1568.186,34.209,34.209
2021,1302,1302,"Vegetable saps and extracts; pectic substances, pectinates and pectates; agar-agar and other mucilages and thickeners, whether or not modified, derived from vegetable products",152,Chile,False,129606.756,11964.261,11964.261
2021,1302,1302,"Vegetable saps and extracts; pectic substances, pectinates and pectates; agar-agar and other mucilages and thickeners, whether or not modified, derived from vegetable products",156,China,False,3479168.698,230141.258,230141.258
2021,1302,1302,"Vegetable saps and extracts; pectic substances, pectinates and pectates; agar-agar and other mucilages and thickeners, whether or not modified, derived from vegetable products",203,Czechia,False,902688.566,66157.712,66157.712
2021,1302,1302,"Vegetable saps and extracts; pectic substances, pectinates and pectates; agar-agar and other mucilages and thickeners, whether or not modified, derived from vegetable products",208,Denmark,False,2303461.818,135635.18,135635.18
2021,1302,1302,"Vegetable saps and extracts; pectic substances, pectinates and pectates; agar-agar and other mucilages and thickeners, whether or not modified, derived from vegetable products",251,France,False,776520.353,59595.461,59595.461
2021,1302,1302,"Vegetable saps and extracts; pectic substances, pectinates and pectates; agar-agar and other mucilages and thickeners, whether or not modified, derived from vegetable products",276,Germany,False,2136182.169,176023.444,176023.444
2021,1302,1302,"Vegetable saps and extracts; pectic substances, pectinates and pectates; agar-agar and other mucilages and thickeners, whether or not modified, derived from vegetable products",360,Indonesia,False,218179.083,12184.005,12184.005
2021,1302,1302,"Vegetable saps and extracts; pectic substances, pectinates and pectates; agar-agar and other mucilages and thickeners, whether or not modified, derived from vegetable products",380,Italy,False,696197.092,44316.436,44316.436
2021,1302,1302,"Vegetable saps and extracts; pectic substances, pectinates and pectates; agar-agar and other mucilages and thickeners, whether or not modified, derived from vegetable products",392,Japan,False,1296.551,28.283,28.283
2021,1302,1302,"Vegetable saps and extracts; pectic substances, pectinates and pectates; agar-agar and other mucilages and thickeners, whether or not modified, derived from vegetable products",410,Rep. of Korea,False,285556.254,28446.797,28446.797
2021,1302,1302,"Vegetable saps and extracts; pectic substances, pectinates and pectates; agar-agar and other mucilages and thickeners, whether or not modified, derived from vegetable products",484,Mexico,False,11533.795,251.602,251.602
2021,1302,1302,"Vegetable saps and extracts; pectic substances, pectinates and pectates; agar-agar and other mucilages and thickeners, whether or not modified, derived from vegetable products",504,Morocco,False,281140.915,15071.038,15071.038
2021,1302,1302,"Vegetable saps and extracts; pectic substances, pectinates and pectates; agar-agar and other mucilages and thickeners, whether or not modified, derived from vegetable products",528,Netherlands,False,63402.639,8764.777,8764.777
2021,1302,1302,"Vegetable saps and extracts; pectic substances, pectinates and pectates; agar-agar and other mucilages and thickeners, whether or not modified, derived from vegetable products",568,"Other Europe, nes",False,279570.057,6098.637,6098.637
2021,1302,1302,"Vegetable saps and extracts; pectic substances, pectinates and pectates; agar-agar and other mucilages and thickeners, whether or not modified, derived from vegetable products",604,Peru,False,39777.296,4262.844,4262.844
2021,1302,1302,"Vegetable saps and extracts; pectic substances, pectinates and pectates; agar-agar and other mucilages and thickeners, whether or not modified, derived from vegetable products",608,Philippines,False,686824.412,68955.71,68955.71
2021,1302,1302,"Vegetable saps and extracts; pectic substances, pectinates and pectates; agar-agar and other mucilages and thickeners, whether or not modified, derived from vegetable products",616,Poland,False,28844.521,2895.929,2895.929
2021,1302,1302,"Vegetable saps and extracts; pectic substances, pectinates and pectates; agar-agar and other mucilages and thickeners, whether or not modified, derived from vegetable products",699,India,False,1470491.175,153165.942,153165.942
2021,1302,1302,"Vegetable saps and extracts; pectic substances, pectinates and pectates; agar-agar and other mucilages and thickeners, whether or not modified, derived from vegetable products",702,Singapore,False,23248.054,507.141,507.141
2021,1302,1302,"Vegetable saps and extracts; pectic substances, pectinates and pectates; agar-agar and other mucilages and thickeners, whether or not modified, derived from vegetable products",724,Spain,False,2257040.842,169300.108,169300.108
2021,1302,1302,"Vegetable saps and extracts; pectic substances, pectinates and pectates; agar-agar and other mucilages and thickeners, whether or not modified, derived from vegetable products",757,Switzerland,False,64480.486,1406.599,1406.599
2021,1302,1302,"Vegetable saps and extracts; pectic substances, pectinates and pectates; agar-agar and other mucilages and thickeners, whether or not modified, derived from vegetable products",788,Tunisia,False,73071.411,6037.054,6037.054
2021,1302,1302,"Vegetable saps and extracts; pectic substances, pectinates and pectates; agar-agar and other mucilages and thickeners, whether or not modified, derived from vegetable products",792,Türkiye,False,40238.026,2463.741,2463.741
2021,1302,1302,"Vegetable saps and extracts; pectic substances, pectinates and pectates; agar-agar and other mucilages and thickeners, whether or not modified, derived from vegetable products",826,United Kingdom,False,362581.637,10110.47,10110.47
2021,1302,1302,"Vegetable saps and extracts; pectic substances, pectinates and pectates; agar-agar and other mucilages and thickeners, whether or not modified, derived from vegetable products",842,USA,False,490363.063,44245.759,44245.759
2022,1302,1302,"Vegetable saps and extracts; pectic substances, pectinates and pectates; agar-agar and other mucilages and thickeners, whether or not modified, derived from vegetable products",0,World,True,25553692.301,1554567.333,1554567.333
2022,1302,1302,"Vegetable saps and extracts; pectic substances, pectinates and pectates; agar-agar and other mucilages and thickeners, whether or not modified, derived from vegetable products",31,Azerbaijan,False,171953.0,23770.909,23770.909
2022,1302,1302,"Vegetable saps and extracts; pectic substances, pectinates and pectates; agar-agar and other mucilages and thickeners, whether or not modified, derived from vegetable products",76,Brazil,False,453879.148,33074.477,33074.477
2022,1302,1302,"Vegetable saps and extracts; pectic substances, pectinates and pectates; agar-agar and other mucilages and thickeners, whether or not modified, derived from vegetable products",124,Canada,False,11343.711,253.16,253.16
2022,1302,1302,"Vegetable saps and extracts; pectic substances, pectinates and pectates; agar-agar and other mucilages and thickeners, whether or not modified, derived from vegetable products",144,Sri Lanka,False,6591.79,134.825,134.825
2022,1302,1302,"Vegetable saps and extracts; pectic substances, pectinates and pectates; agar-agar and other mucilages and thickeners, whether or not modified, derived from vegetable products",152,Chile,False,427562.417,33257.646,33257.646
2022,1302,1302,"Vegetable saps and extracts; pectic substances, pectinates and pectates; agar-agar and other mucilages and thickeners, whether or not modified, derived from vegetable products",156,China,False,4877845.268,222626.168,222626.168
2022,1302,1302,"Vegetable saps and extracts; pectic substances, pectinates and pectates; agar-agar and other mucilages and thickeners, whether or not modified, derived from vegetable products",203,Czechia,False,808286.009,58899.928,58899.928
2022,1302,1302,"Vegetable saps and extracts; pectic substances, pectinates and pectates; agar-agar and other mucilages and thickeners, whether or not modified, derived from vegetable products",208,Denmark,False,2630381.366,162824.753,162824.753
2022,1302,1302,"Vegetable saps and extracts; pectic substances, pectinates and pectates; agar-agar and other mucilages and thickeners, whether or not modified, derived from vegetable products",251,France,False,541271.712,36139.781,36139.781
2022,1302,1302,"Vegetable saps and extracts; pectic substances, pectinates and pectates; agar-agar and other mucilages and thickeners, whether or not modified, derived from vegetable products",276,Germany,False,2672566.851,149611.199,149611.199
2022,1302,1302,"Vegetable saps and extracts; pectic substances, pectinates and pectates; agar-agar and other mucilages and thickeners, whether or not modified, derived from vegetable products",360,Indonesia,False,142176.966,7866.73,7866.73
2022,1302,1302,"Vegetable saps and extracts; pectic substances, pectinates and pectates; agar-agar and other mucilages and thickeners, whether or not modified, derived from vegetable products",380,Italy,False,787404.123,42825.016,42825.016
2022,1302,1302,"Vegetable saps and extracts; pectic substances, pectinates and pectates; agar-agar and other mucilages and thickeners, whether or not modified, derived from vegetable products",410,Rep. of Korea,False,771886.579,35198.087,35198.087
2022,1302,1302,"Vegetable saps and extracts; pectic substances, pectinates and pectates; agar-agar and other mucilages and thickeners, whether or not modified, derived from vegetable products",458,Malaysia,False,9831.564,201.09,201.09
2022,1302,1302,"Vegetable saps and extracts; pectic substances, pectinates and pectates; agar-agar and other mucilages and thickeners, whether or not modified, derived from vegetable products",484,Mexico,False,4951.424,101.274,101.274
2022,1302,1302,"Vegetable saps and extracts; pectic substances, pectinates and pectates; agar-agar and other mucilages and thickeners, whether or not modified, derived from vegetable products",504,Morocco,False,559343.0,28776.318,28776.318
2022,1302,1302,"Vegetable saps and extracts; pectic substances, pectinates and pectates; agar-agar and other mucilages and thickeners, whether or not modified, derived from vegetable products",528,Netherlands,False,2856.618,148.643,148.643
2022,1302,1302,"Vegetable saps and extracts; pectic substances, pectinates and pectates; agar-agar and other mucilages and thickeners, whether or not modified, derived from vegetable products",608,Philippines,False,1014547.642,79694.249,79694.249
2022,1302,1302,"Vegetable saps and extracts; pectic substances, pectinates and pectates; agar-agar and other mucilages and thickeners, whether or not modified, derived from vegetable products",688,Serbia,False,3552.612,72.663,72.663
2022,1302,1302,"Vegetable saps and extracts; pectic substances, pectinates and pectates; agar-agar and other mucilages and thickeners, whether or not modified, derived from vegetable products",699,India,False,4534619.799,343477.248,343477.248
2022,1302,1302,"Vegetable saps and extracts; pectic substances, pectinates and pectates; agar-agar and other mucilages and thickeners, whether or not modified, derived from vegetable products",705,Slovenia,False,43538.793,890.522,890.522
2022,1302,1302,"Vegetable saps and extracts; pectic substances, pectinates and pectates; agar-agar and other mucilages and thickeners, whether or not modified, derived from vegetable products",710,South Africa,False,112635.227,2303.787,2303.787
2022,1302,1302,"Vegetable saps and extracts; pectic substances, pectinates and pectates; agar-agar and other mucilages and thickeners, whether or not modified, derived from vegetable products",724,Spain,False,3951740.436,212532.397,212532.397
2022,1302,1302,"Vegetable saps and extracts; pectic substances, pectinates and pectates; agar-agar and other mucilages and thickeners, whether or not modified, derived from vegetable products",757,Switzerland,False,690.766,14.129,14.129
2022,1302,1302,"Vegetable saps and extracts; pectic substances, pectinates and pectates; agar-agar and other mucilages and thickeners, whether or not modified, derived from vegetable products",788,Tunisia,False,59989.077,4500.028,4500.028
2022,1302,1302,"Vegetable saps and extracts; pectic substances, pectinates and pectates; agar-agar and other mucilages and thickeners, whether or not modified, derived from vegetable products",792,Türkiye,False,395.13,8.082,8.082
2022,1302,1302,"Vegetable saps and extracts; pectic substances, pectinates and pectates; agar-agar and other mucilages and thickeners, whether or not modified, derived from vegetable products",826,United Kingdom,False,193625.971,12773.651,12773.651
2022,1302,1302,"Vegetable saps and extracts; pectic substances, pectinates and pectates; agar-agar and other mucilages and thickeners, whether or not modified, derived from vegetable products",842,USA,False,758225.302,62590.572,62590.572
2023,1302,1302,"Vegetable saps and extracts; pectic substances, pectinates and pectates; agar-agar and other mucilages and thickeners, whether or not modified, derived from vegetable products",0,World,True,22793220.783,,0.0
2023,1302,1302,"Vegetable saps and extracts; pectic substances, pectinates and pectates; agar-agar and other mucilages and thickeners, whether or not modified, derived from vegetable products",31,Azerbaijan,False,165869.969,21824.996,21824.996
2023,1302,1302,"Vegetable saps and extracts; pectic substances, pectinates and pectates; agar-agar and other mucilages and thickeners, whether or not modified, derived from vegetable products",56,Belgium,False,25837.141,,0.0
2023,1302,1302,"Vegetable saps and extracts; pectic substances, pectinates and pectates; agar-agar and other mucilages and thickeners, whether or not modified, derived from vegetable products",76,Brazil,False,401565.523,24052.511,24052.511
2023,1302,1302,"Vegetable saps and extracts; pectic substances, pectinates and pectates; agar-agar and other mucilages and thickeners, whether or not modified, derived from vegetable products",124,Canada,False,4301.238,174.52,174.52
2023,1302,1302,"Vegetable saps and extracts; pectic substances, pectinates and pectates; agar-agar and other mucilages and thickeners, whether or not modified, derived from vegetable products",152,Chile,False,508485.384,36447.024,36447.024
2023,1302,1302,"Vegetable saps and extracts; pectic substances, pectinates and pectates; agar-agar and other mucilages and thickeners, whether or not modified, derived from vegetable products",156,China,False,4824402.632,252470.13,252470.13
2023,1302,1302,"Vegetable saps and extracts; pectic substances, pectinates and pectates; agar-agar and other mucilages and thickeners, whether or not modified, derived from vegetable products",203,Czechia,False,1224363.104,73195.601,73195.601
2023,1302,1302,"Vegetable saps and extracts; pectic substances, pectinates and pectates; agar-agar and other mucilages and thickeners, whether or not modified, derived from vegetable products",208,Denmark,False,2482321.107,98760.534,98760.534
2023,1302,1302,"Vegetable saps and extracts; pectic substances, pectinates and pectates; agar-agar and other mucilages and thickeners, whether or not modified, derived from vegetable products",246,Finland,False,9.69,0.194,0.194
2023,1302,1302,"Vegetable saps and extracts; pectic substances, pectinates and pectates; agar-agar and other mucilages and thickeners, whether or not modified, derived from vegetable products",251,France,False,529645.373,28173.809,28173.809
2023,1302,1302,"Vegetable saps and extracts; pectic substances, pectinates and pectates; agar-agar and other mucilages and thickeners, whether or not modified, derived from vegetable products",276,Germany,False,1968444.51,88919.828,88919.828
2023,1302,1302,"Vegetable saps and extracts; pectic substances, pectinates and pectates; agar-agar and other mucilages and thickeners, whether or not modified, derived from vegetable products",360,Indonesia,False,57795.526,4214.308,4214.308
2023,1302,1302,"Vegetable saps and extracts; pectic substances, pectinates and pectates; agar-agar and other mucilages and thickeners, whether or not modified, derived from vegetable products",380,Italy,False,802872.944,48454.796,48454.796
2023,1302,1302,"Vegetable saps and extracts; pectic substances, pectinates and pectates; agar-agar and other mucilages and thickeners, whether or not modified, derived from vegetable products",392,Japan,False,1403.726,52.448,52.448
2023,1302,1302,"Vegetable saps and extracts; pectic substances, pectinates and pectates; agar-agar and other mucilages and thickeners, whether or not modified, derived from vegetable products",410,Rep. of Korea,False,405723.185,29190.774,29190.774
2023,1302,1302,"Vegetable saps and extracts; pectic substances, pectinates and pectates; agar-agar and other mucilages and thickeners, whether or not modified, derived from vegetable products",484,Mexico,False,8377.146,167.32,167.32
2023,1302,1302,"Vegetable saps and extracts; pectic substances, pectinates and pectates; agar-agar and other mucilages and thickeners, whether or not modified, derived from vegetable products",504,Morocco,False,325218.949,15108.374,15108.374
2023,1302,1302,"Vegetable saps and extracts; pectic substances, pectinates and pectates; agar-agar and other mucilages and thickeners, whether or not modified, derived from vegetable products",528,Netherlands,False,137742.521,17624.529,17624.529
2023,1302,1302,"Vegetable saps and extracts; pectic substances, pectinates and pectates; agar-agar and other mucilages and thickeners, whether or not modified, derived from vegetable products",568,"Other Europe, nes",False,716.822,14.317,14.317
2023,1302,1302,"Vegetable saps and extracts; pectic substances, pectinates and pectates; agar-agar and other mucilages and thickeners, whether or not modified, derived from vegetable products",604,Peru,False,1083.802,79.028,79.028
2023,1302,1302,"Vegetable saps and extracts; pectic substances, pectinates and pectates; agar-agar and other mucilages and thickeners, whether or not modified, derived from vegetable products",608,Philippines,False,695885.743,50742.279,50742.279
2023,1302,1302,"Vegetable saps and extracts; pectic substances, pectinates and pectates; agar-agar and other mucilages and thickeners, whether or not modified, derived from vegetable products",616,Poland,False,20630.631,412.064,412.064
2023,1302,1302,"Vegetable saps and extracts; pectic substances, pectinates and pectates; agar-agar and other mucilages and thickeners, whether or not modified, derived from vegetable products",699,India,False,3151809.445,383128.905,383128.905
2023,1302,1302,"Vegetable saps and extracts; pectic substances, pectinates and pectates; agar-agar and other mucilages and thickeners, whether or not modified, derived from vegetable products",705,Slovenia,False,24542.12,490.189,490.189
2023,1302,1302,"Vegetable saps and extracts; pectic substances, pectinates and pectates; agar-agar and other mucilages and thickeners, whether or not modified, derived from vegetable products",724,Spain,False,3393389.864,162135.094,162135.094
2023,1302,1302,"Vegetable saps and extracts; pectic substances, pectinates and pectates; agar-agar and other mucilages and thickeners, whether or not modified, derived from vegetable products",757,Switzerland,False,68248.85,7926.434,7926.434
2023,1302,1302,"Vegetable saps and extracts; pectic substances, pectinates and pectates; agar-agar and other mucilages and thickeners, whether or not modified, derived from vegetable products",764,Thailand,False,37504.41,2734.729,2734.729
2023,1302,1302,"Vegetable saps and extracts; pectic substances, pectinates and pectates; agar-agar and other mucilages and thickeners, whether or not modified, derived from vegetable products",784,United Arab Emirates,False,6.46,0.85,0.85
2023,1302,1302,"Vegetable saps and extracts; pectic substances, pectinates and pectates; agar-agar and other mucilages and thickeners, whether or not modified, derived from vegetable products",788,Tunisia,False,66259.0,6483.211,6483.211
2023,1302,1302,"Vegetable saps and extracts; pectic substances, pectinates and pectates; agar-agar and other mucilages and thickeners, whether or not modified, derived from vegetable products",792,Türkiye,False,164388.32,11984.227,11984.227
2023,1302,1302,"Vegetable saps and extracts; pectic substances, pectinates and pectates; agar-agar and other mucilages and thickeners, whether or not modified, derived from vegetable products",804,Ukraine,False,393814.348,23543.243,23543.243
2023,1302,1302,"Vegetable saps and extracts; pectic substances, pectinates and pectates; agar-agar and other mucilages and thickeners, whether or not modified, derived from vegetable products",826,United Kingdom,False,177246.795,10031.905,10031.905
2023,1302,1302,"Vegetable saps and extracts; pectic substances, pectinates and pectates; agar-agar and other mucilages and thickeners, whether or not modified, derived from vegetable products",842,USA,False,723314.504,65716.323,65716.323
2024,1302,1302,"Vegetable saps and extracts; pectic substances, pectinates and pectates; agar-agar and other mucilages and thickeners, whether or not modified, derived from vegetable products",0,World,True,25469538.604,,0.0
2024,1302,1302,"Vegetable saps and extracts; pectic substances, pectinates and pectates; agar-agar and other mucilages and thickeners, whether or not modified, derived from vegetable products",31,Azerbaijan,False,362908.493,46888.006,46888.006
2024,1302,1302,"Vegetable saps and extracts; pectic substances, pectinates and pectates; agar-agar and other mucilages and thickeners, whether or not modified, derived from vegetable products",56,Belgium,False,8080.113,775.698,775.698
2024,1302,1302,"Vegetable saps and extracts; pectic substances, pectinates and pectates; agar-agar and other mucilages and thickeners, whether or not modified, derived from vegetable products",76,Brazil,False,734629.589,45055.525,45055.525
2024,1302,1302,"Vegetable saps and extracts; pectic substances, pectinates and pectates; agar-agar and other mucilages and thickeners, whether or not modified, derived from vegetable products",124,Canada,False,2129.255,74.948,74.948
2024,1302,1302,"Vegetable saps and extracts; pectic substances, pectinates and pectates; agar-agar and other mucilages and thickeners, whether or not modified, derived from vegetable products",152,Chile,False,532844.237,44449.285,44449.285
2024,1302,1302,"Vegetable saps and extracts; pectic substances, pectinates and pectates; agar-agar and other mucilages and thickeners, whether or not modified, derived from vegetable products",156,China,False,3772946.509,219013.214,219013.214
2024,1302,1302,"Vegetable saps and extracts; pectic substances, pectinates and pectates; agar-agar and other mucilages and thickeners, whether or not modified, derived from vegetable products",203,Czechia,False,807051.783,49497.246,49497.246
2024,1302,1302,"Vegetable saps and extracts; pectic substances, pectinates and pectates; agar-agar and other mucilages and thickeners, whether or not modified, derived from vegetable products",208,Denmark,False,2485664.543,111495.072,111495.072
2024,1302,1302,"Vegetable saps and extracts; pectic substances, pectinates and pectates; agar-agar and other mucilages and thickeners, whether or not modified, derived from vegetable products",246,Finland,False,18493.707,1134.236,1134.236
2024,1302,1302,"Vegetable saps and extracts; pectic substances, pectinates and pectates; agar-agar and other mucilages and thickeners, whether or not modified, derived from vegetable products",251,France,False,969646.479,94992.149,94992.149
2024,1302,1302,"Vegetable saps and extracts; pectic substances, pectinates and pectates; agar-agar and other mucilages and thickeners, whether or not modified, derived from vegetable products",276,Germany,False,1867906.316,90991.307,90991.307
2024,1302,1302,"Vegetable saps and extracts; pectic substances, pectinates and pectates; agar-agar and other mucilages and thickeners, whether or not modified, derived from vegetable products",344,"China, Hong Kong SAR",False,40841.368,810.162,810.162
2024,1302,1302,"Vegetable saps and extracts; pectic substances, pectinates and pectates; agar-agar and other mucilages and thickeners, whether or not modified, derived from vegetable products",380,Italy,False,1349746.535,96332.12,96332.12
2024,1302,1302,"Vegetable saps and extracts; pectic substances, pectinates and pectates; agar-agar and other mucilages and thickeners, whether or not modified, derived from vegetable products",392,Japan,False,2209.178,43.823,43.823
2024,1302,1302,"Vegetable saps and extracts; pectic substances, pectinates and pectates; agar-agar and other mucilages and thickeners, whether or not modified, derived from vegetable products",410,Rep. of Korea,False,269983.551,25918.656,25918.656
2024,1302,1302,"Vegetable saps and extracts; pectic substances, pectinates and pectates; agar-agar and other mucilages and thickeners, whether or not modified, derived from vegetable products",484,Mexico,False,102482.721,2032.929,2032.929
2024,1302,1302,"Vegetable saps and extracts; pectic substances, pectinates and pectates; agar-agar and other mucilages and thickeners, whether or not modified, derived from vegetable products",504,Morocco,False,510488.928,25402.395,25402.395
2024,1302,1302,"Vegetable saps and extracts; pectic substances, pectinates and pectates; agar-agar and other mucilages and thickeners, whether or not modified, derived from vegetable products",528,Netherlands,False,221131.926,,0.0
2024,1302,1302,"Vegetable saps and extracts; pectic substances, pectinates and pectates; agar-agar and other mucilages and thickeners, whether or not modified, derived from vegetable products",566,Nigeria,False,17039.486,338.009,338.009
2024,1302,1302,"Vegetable saps and extracts; pectic substances, pectinates and pectates; agar-agar and other mucilages and thickeners, whether or not modified, derived from vegetable products",568,"Other Europe, nes",False,218648.986,11170.279,11170.279
2024,1302,1302,"Vegetable saps and extracts; pectic substances, pectinates and pectates; agar-agar and other mucilages and thickeners, whether or not modified, derived from vegetable products",586,Pakistan,False,197808.491,,0.0
2024,1302,1302,"Vegetable saps and extracts; pectic substances, pectinates and pectates; agar-agar and other mucilages and thickeners, whether or not modified, derived from vegetable products",604,Peru,False,181349.249,17409.686,17409.686
2024,1302,1302,"Vegetable saps and extracts; pectic substances, pectinates and pectates; agar-agar and other mucilages and thickeners, whether or not modified, derived from vegetable products",608,Philippines,False,941962.426,90391.844,90391.844
2024,1302,1302,"Vegetable saps and extracts; pectic substances, pectinates and pectates; agar-agar and other mucilages and thickeners, whether or not modified, derived from vegetable products",616,Poland,False,86048.795,1706.932,1706.932
2024,1302,1302,"Vegetable saps and extracts; pectic substances, pectinates and pectates; agar-agar and other mucilages and thickeners, whether or not modified, derived from vegetable products",688,Serbia,False,1049.051,20.81,20.81
2024,1302,1302,"Vegetable saps and extracts; pectic substances, pectinates and pectates; agar-agar and other mucilages and thickeners, whether or not modified, derived from vegetable products",699,India,False,3422672.772,485189.211,485189.211
2024,1302,1302,"Vegetable saps and extracts; pectic substances, pectinates and pectates; agar-agar and other mucilages and thickeners, whether or not modified, derived from vegetable products",705,Slovenia,False,33283.81,660.244,660.244
2024,1302,1302,"Vegetable saps and extracts; pectic substances, pectinates and pectates; agar-agar and other mucilages and thickeners, whether or not modified, derived from vegetable products",710,South Africa,False,22829.876,452.872,452.872
2024,1302,1302,"Vegetable saps and extracts; pectic substances, pectinates and pectates; agar-agar and other mucilages and thickeners, whether or not modified, derived from vegetable products",724,Spain,False,3656588.661,181622.515,181622.515
2024,1302,1302,"Vegetable saps and extracts; pectic substances, pectinates and pectates; agar-agar and other mucilages and thickeners, whether or not modified, derived from vegetable products",757,Switzerland,False,80071.227,7026.067,7026.067
2024,1302,1302,"Vegetable saps and extracts; pectic substances, pectinates and pectates; agar-agar and other mucilages and thickeners, whether or not modified, derived from vegetable products",784,United Arab Emirates,False,3383.469,67.117,67.117
2024,1302,1302,"Vegetable saps and extracts; pectic substances, pectinates and pectates; agar-agar and other mucilages and thickeners, whether or not modified, derived from vegetable products",792,Türkiye,False,1199170.148,66696.503,66696.503
2024,1302,1302,"Vegetable saps and extracts; pectic substances, pectinates and pectates; agar-agar and other mucilages and thickeners, whether or not modified, derived from vegetable products",795,Turkmenistan,False,42430.91,841.693,841.693
2024,1302,1302,"Vegetable saps and extracts; pectic substances, pectinates and pectates; agar-agar and other mucilages and thickeners, whether or not modified, derived from vegetable products",804,Ukraine,False,90200.094,5532.057,5532.057
2024,1302,1302,"Vegetable saps and extracts; pectic substances, pectinates and pectates; agar-agar and other mucilages and thickeners, whether or not modified, derived from vegetable products",826,United Kingdom,False,332675.084,26553.506,26553.506
2024,1302,1302,"Vegetable saps and extracts; pectic substances, pectinates and pectates; agar-agar and other mucilages and thickeners, whether or not modified, derived from vegetable products",842,USA,False,883140.837,97698.379,97698.379
2025,1302,1302,"Vegetable saps and extracts; pectic substances, pectinates and pectates; agar-agar and other mucilages and thickeners, whether or not modified, derived from vegetable products",0,World,True,28625778.734,2053872.332,2053872.332
2025,1302,1302,"Vegetable saps and extracts; pectic substances, pectinates and pectates; agar-agar and other mucilages and thickeners, whether or not modified, derived from vegetable products",8,Albania,False,29.896,0.617,0.617
2025,1302,1302,"Vegetable saps and extracts; pectic substances, pectinates and pectates; agar-agar and other mucilages and thickeners, whether or not modified, derived from vegetable products",36,Australia,False,76.524,7.695,7.695
2025,1302,1302,"Vegetable saps and extracts; pectic substances, pectinates and pectates; agar-agar and other mucilages and thickeners, whether or not modified, derived from vegetable products",76,Brazil,False,233840.728,14709.002,14709.002
2025,1302,1302,"Vegetable saps and extracts; pectic substances, pectinates and pectates; agar-agar and other mucilages and thickeners, whether or not modified, derived from vegetable products",124,Canada,False,505.379,10.425,10.425
2025,1302,1302,"Vegetable saps and extracts; pectic substances, pectinates and pectates; agar-agar and other mucilages and thickeners, whether or not modified, derived from vegetable products",152,Chile,False,605116.427,45730.804,45730.804
2025,1302,1302,"Vegetable saps and extracts; pectic substances, pectinates and pectates; agar-agar and other mucilages and thickeners, whether or not modified, derived from vegetable products",156,China,False,5179141.41,256085.119,256085.119
2025,1302,1302,"Vegetable saps and extracts; pectic substances, pectinates and pectates; agar-agar and other mucilages and thickeners, whether or not modified, derived from vegetable products",203,Czechia,False,1156479.567,72681.203,72681.203
2025,1302,1302,"Vegetable saps and extracts; pectic substances, pectinates and pectates; agar-agar and other mucilages and thickeners, whether or not modified, derived from vegetable products",208,Denmark,False,2913041.022,165649.255,165649.255
2025,1302,1302,"Vegetable saps and extracts; pectic substances, pectinates and pectates; agar-agar and other mucilages and thickeners, whether or not modified, derived from vegetable products",251,France,False,950443.924,99471.186,99471.186
2025,1302,1302,"Vegetable saps and extracts; pectic substances, pectinates and pectates; agar-agar and other mucilages and thickeners, whether or not modified, derived from vegetable products",276,Germany,False,2485062.272,106573.806,106573.806
2025,1302,1302,"Vegetable saps and extracts; pectic substances, pectinates and pectates; agar-agar and other mucilages and thickeners, whether or not modified, derived from vegetable products",344,"China, Hong Kong SAR",False,66693.706,1375.792,1375.792
2025,1302,1302,"Vegetable saps and extracts; pectic substances, pectinates and pectates; agar-agar and other mucilages and thickeners, whether or not modified, derived from vegetable products",360,Indonesia,False,5602.319,563.316,563.316
2025,1302,1302,"Vegetable saps and extracts; pectic substances, pectinates and pectates; agar-agar and other mucilages and thickeners, whether or not modified, derived from vegetable products",380,Italy,False,901449.212,76054.999,76054.999
2025,1302,1302,"Vegetable saps and extracts; pectic substances, pectinates and pectates; agar-agar and other mucilages and thickeners, whether or not modified, derived from vegetable products",410,Rep. of Korea,False,440432.384,36575.53,36575.53
2025,1302,1302,"Vegetable saps and extracts; pectic substances, pectinates and pectates; agar-agar and other mucilages and thickeners, whether or not modified, derived from vegetable products",484,Mexico,False,2646.81,54.6,54.6
2025,1302,1302,"Vegetable saps and extracts; pectic substances, pectinates and pectates; agar-agar and other mucilages and thickeners, whether or not modified, derived from vegetable products",504,Morocco,False,400305.292,20348.243,20348.243
2025,1302,1302,"Vegetable saps and extracts; pectic substances, pectinates and pectates; agar-agar and other mucilages and thickeners, whether or not modified, derived from vegetable products",528,Netherlands,False,69087.755,9470.053,9470.053
2025,1302,1302,"Vegetable saps and extracts; pectic substances, pectinates and pectates; agar-agar and other mucilages and thickeners, whether or not modified, derived from vegetable products",568,"Other Europe, nes",False,1807297.801,47892.675,47892.675
2025,1302,1302,"Vegetable saps and extracts; pectic substances, pectinates and pectates; agar-agar and other mucilages and thickeners, whether or not modified, derived from vegetable products",586,Pakistan,False,198940.054,32914.227,32914.227
2025,1302,1302,"Vegetable saps and extracts; pectic substances, pectinates and pectates; agar-agar and other mucilages and thickeners, whether or not modified, derived from vegetable products",604,Peru,False,42352.784,4258.593,4258.593
2025,1302,1302,"Vegetable saps and extracts; pectic substances, pectinates and pectates; agar-agar and other mucilages and thickeners, whether or not modified, derived from vegetable products",608,Philippines,False,1370907.362,137845.386,137845.386
2025,1302,1302,"Vegetable saps and extracts; pectic substances, pectinates and pectates; agar-agar and other mucilages and thickeners, whether or not modified, derived from vegetable products",616,Poland,False,30.797,3.097,3.097
2025,1302,1302,"Vegetable saps and extracts; pectic substances, pectinates and pectates; agar-agar and other mucilages and thickeners, whether or not modified, derived from vegetable products",682,Saudi Arabia,False,9.91,0.504,0.504
2025,1302,1302,"Vegetable saps and extracts; pectic substances, pectinates and pectates; agar-agar and other mucilages and thickeners, whether or not modified, derived from vegetable products",688,Serbia,False,8270.549,170.609,170.609
2025,1302,1302,"Vegetable saps and extracts; pectic substances, pectinates and pectates; agar-agar and other mucilages and thickeners, whether or not modified, derived from vegetable products",699,India,False,4937636.855,635829.66,635829.66
2025,1302,1302,"Vegetable saps and extracts; pectic substances, pectinates and pectates; agar-agar and other mucilages and thickeners, whether or not modified, derived from vegetable products",705,Slovenia,False,63747.465,1315.015,1315.015
2025,1302,1302,"Vegetable saps and extracts; pectic substances, pectinates and pectates; agar-agar and other mucilages and thickeners, whether or not modified, derived from vegetable products",710,South Africa,False,8338.9,172.019,172.019
2025,1302,1302,"Vegetable saps and extracts; pectic substances, pectinates and pectates; agar-agar and other mucilages and thickeners, whether or not modified, derived from vegetable products",724,Spain,False,3413790.925,160497.602,160497.602
2025,1302,1302,"Vegetable saps and extracts; pectic substances, pectinates and pectates; agar-agar and other mucilages and thickeners, whether or not modified, derived from vegetable products",757,Switzerland,False,43724.105,6330.181,6330.181
2025,1302,1302,"Vegetable saps and extracts; pectic substances, pectinates and pectates; agar-agar and other mucilages and thickeners, whether or not modified, derived from vegetable products",792,Türkiye,False,437766.16,41453.814,41453.814
2025,1302,1302,"Vegetable saps and extracts; pectic substances, pectinates and pectates; agar-agar and other mucilages and thickeners, whether or not modified, derived from vegetable products",826,United Kingdom,False,112142.416,7378.547,7378.547
2025,1302,1302,"Vegetable saps and extracts; pectic substances, pectinates and pectates; agar-agar and other mucilages and thickeners, whether or not modified, derived from vegetable products",842,USA,False,770868.024,72448.759,72448.759
2015,2932,2932,Heterocyclic compounds with oxygen hetero-atom(s) only,0,World,True,35412717.774,0.0,0.0
2015,2932,2932,Heterocyclic compounds with oxygen hetero-atom(s) only,56,Belgium,False,31918.3,0.0,0.0
2015,2932,2932,Heterocyclic compounds with oxygen hetero-atom(s) only,156,China,False,9865182.695,2993930.524,2993930.524
2015,2932,2932,Heterocyclic compounds with oxygen hetero-atom(s) only,251,France,False,7112866.331,1971439.988,1971439.988
2015,2932,2932,Heterocyclic compounds with oxygen hetero-atom(s) only,276,Germany,False,2829940.503,181978.824,181978.824
2015,2932,2932,Heterocyclic compounds with oxygen hetero-atom(s) only,300,Greece,False,32744.865,710.731,710.731
2015,2932,2932,Heterocyclic compounds with oxygen hetero-atom(s) only,372,Ireland,False,542.902,208.138,208.138
2015,2932,2932,Heterocyclic compounds with oxygen hetero-atom(s) only,380,Italy,False,1157530.015,230336.404,230336.404
2015,2932,2932,Heterocyclic compounds with oxygen hetero-atom(s) only,410,Rep. of Korea,False,25557.993,9798.436,9798.436
2015,2932,2932,Heterocyclic compounds with oxygen hetero-atom(s) only,490,"Other Asia, nes",False,125056.966,47944.401,47944.401
2015,2932,2932,Heterocyclic compounds with oxygen hetero-atom(s) only,504,Morocco,False,63686.933,0.0,0.0
2015,2932,2932,Heterocyclic compounds with oxygen hetero-atom(s) only,528,Netherlands,False,30773.781,0.0,0.0
2015,2932,2932,Heterocyclic compounds with oxygen hetero-atom(s) only,616,Poland,False,1238.672,474.883,474.883
2015,2932,2932,Heterocyclic compounds with oxygen hetero-atom(s) only,642,Romania,False,134986.312,0.0,0.0
2015,2932,2932,Heterocyclic compounds with oxygen hetero-atom(s) only,682,Saudi Arabia,False,67618.632,25923.664,25923.664
2015,2932,2932,Heterocyclic compounds with oxygen hetero-atom(s) only,699,India,False,7879233.228,961583.783,961583.783
2015,2932,2932,Heterocyclic compounds with oxygen hetero-atom(s) only,702,Singapore,False,330373.676,7170.798,7170.798
2015,2932,2932,Heterocyclic compounds with oxygen hetero-atom(s) only,724,Spain,False,1010359.574,49862.514,49862.514
2015,2932,2932,Heterocyclic compounds with oxygen hetero-atom(s) only,752,Sweden,False,572855.265,0.0,0.0
2015,2932,2932,Heterocyclic compounds with oxygen hetero-atom(s) only,757,Switzerland,False,776057.793,64944.913,64944.913
2015,2932,2932,Heterocyclic compounds with oxygen hetero-atom(s) only,826,United Kingdom,False,400327.695,145543.683,145543.683
2015,2932,2932,Heterocyclic compounds with oxygen hetero-atom(s) only,842,USA,False,2963865.643,99123.929,99123.929
2016,2932,2932,Heterocyclic compounds with oxygen hetero-atom(s) only,0,World,True,36264828.505,0.0,0.0
2016,2932,2932,Heterocyclic compounds with oxygen hetero-atom(s) only,156,China,False,9195887.607,1488927.281,1488927.281
2016,2932,2932,Heterocyclic compounds with oxygen hetero-atom(s) only,251,France,False,8202941.933,857834.501,857834.501
2016,2932,2932,Heterocyclic compounds with oxygen hetero-atom(s) only,276,Germany,False,1721212.809,143082.713,143082.713
2016,2932,2932,Heterocyclic compounds with oxygen hetero-atom(s) only,300,Greece,False,65207.151,1321.69,1321.69
2016,2932,2932,Heterocyclic compounds with oxygen hetero-atom(s) only,360,Indonesia,False,207.107,0.0,0.0
2016,2932,2932,Heterocyclic compounds with oxygen hetero-atom(s) only,380,Italy,False,1511562.592,50321.848,50321.848
2016,2932,2932,Heterocyclic compounds with oxygen hetero-atom(s) only,392,Japan,False,2896.359,0.0,0.0
2016,2932,2932,Heterocyclic compounds with oxygen hetero-atom(s) only,490,"Other Asia, nes",False,234644.889,109007.07,109007.07
2016,2932,2932,Heterocyclic compounds with oxygen hetero-atom(s) only,504,Morocco,False,118055.817,0.0,0.0
2016,2932,2932,Heterocyclic compounds with oxygen hetero-atom(s) only,528,Netherlands,False,40002.783,15688.6,15688.6
2016,2932,2932,Heterocyclic compounds with oxygen hetero-atom(s) only,642,Romania,False,159976.333,9447.57,9447.57
2016,2932,2932,Heterocyclic compounds with oxygen hetero-atom(s) only,682,Saudi Arabia,False,111446.482,51773.787,51773.787
2016,2932,2932,Heterocyclic compounds with oxygen hetero-atom(s) only,699,India,False,9086068.92,2195771.862,2195771.862
2016,2932,2932,Heterocyclic compounds with oxygen hetero-atom(s) only,724,Spain,False,1502886.562,35122.379,35122.379
2016,2932,2932,Heterocyclic compounds with oxygen hetero-atom(s) only,752,Sweden,False,393307.028,0.0,0.0
2016,2932,2932,Heterocyclic compounds with oxygen hetero-atom(s) only,757,Switzerland,False,407827.977,85511.973,85511.973
2016,2932,2932,Heterocyclic compounds with oxygen hetero-atom(s) only,764,Thailand,False,19689.268,9146.883,9146.883
2016,2932,2932,Heterocyclic compounds with oxygen hetero-atom(s) only,826,United Kingdom,False,198561.272,52664.425,52664.425
2016,2932,2932,Heterocyclic compounds with oxygen hetero-atom(s) only,842,USA,False,3292445.615,98307.901,98307.901
2017,2932,2932,Heterocyclic compounds with oxygen hetero-atom(s) only,0,World,True,24780047.969,0.0,0.0
2017,2932,2932,Heterocyclic compounds with oxygen hetero-atom(s) only,56,Belgium,False,215100.535,82447.072,82447.072
2017,2932,2932,Heterocyclic compounds with oxygen hetero-atom(s) only,156,China,False,7130623.981,340792.902,340792.902
2017,2932,2932,Heterocyclic compounds with oxygen hetero-atom(s) only,208,Denmark,False,654884.004,278985.496,278985.496
2017,2932,2932,Heterocyclic compounds with oxygen hetero-atom(s) only,251,France,False,5286377.35,234946.204,234946.204
2017,2932,2932,Heterocyclic compounds with oxygen hetero-atom(s) only,276,Germany,False,618751.091,120734.499,120734.499
2017,2932,2932,Heterocyclic compounds with oxygen hetero-atom(s) only,300,Greece,False,82880.391,0.0,0.0
2017,2932,2932,Heterocyclic compounds with oxygen hetero-atom(s) only,380,Italy,False,999595.678,116317.368,116317.368
2017,2932,2932,Heterocyclic compounds with oxygen hetero-atom(s) only,392,Japan,False,5265.757,0.0,0.0
2017,2932,2932,Heterocyclic compounds with oxygen hetero-atom(s) only,410,Rep. of Korea,False,135111.728,0.0,0.0
2017,2932,2932,Heterocyclic compounds with oxygen hetero-atom(s) only,490,"Other Asia, nes",False,84909.962,36172.281,36172.281
2017,2932,2932,Heterocyclic compounds with oxygen hetero-atom(s) only,504,Morocco,False,300094.109,0.0,0.0
2017,2932,2932,Heterocyclic compounds with oxygen hetero-atom(s) only,528,Netherlands,False,446728.037,191911.98,191911.98
2017,2932,2932,Heterocyclic compounds with oxygen hetero-atom(s) only,642,Romania,False,52850.495,0.0,0.0
2017,2932,2932,Heterocyclic compounds with oxygen hetero-atom(s) only,682,Saudi Arabia,False,183070.91,43799.444,43799.444
2017,2932,2932,Heterocyclic compounds with oxygen hetero-atom(s) only,699,India,False,4439769.33,249494.401,249494.401
2017,2932,2932,Heterocyclic compounds with oxygen hetero-atom(s) only,702,Singapore,False,8855.512,0.0,0.0
2017,2932,2932,Heterocyclic compounds with oxygen hetero-atom(s) only,724,Spain,False,1310470.621,0.0,0.0
2017,2932,2932,Heterocyclic compounds with oxygen hetero-atom(s) only,752,Sweden,False,450499.679,0.0,0.0
2017,2932,2932,Heterocyclic compounds with oxygen hetero-atom(s) only,757,Switzerland,False,163549.659,0.0,0.0
2017,2932,2932,Heterocyclic compounds with oxygen hetero-atom(s) only,784,United Arab Emirates,False,40443.848,0.0,0.0
2017,2932,2932,Heterocyclic compounds with oxygen hetero-atom(s) only,826,United Kingdom,False,134604.79,35514.216,35514.216
2017,2932,2932,Heterocyclic compounds with oxygen hetero-atom(s) only,842,USA,False,2035610.502,0.0,0.0
2018,2932,2932,Heterocyclic compounds with oxygen hetero-atom(s) only,0,World,True,34829346.532,,0.0
2018,2932,2932,Heterocyclic compounds with oxygen hetero-atom(s) only,156,China,False,11617984.158,0.0,0.0
2018,2932,2932,Heterocyclic compounds with oxygen hetero-atom(s) only,251,France,False,7376080.376,,0.0
2018,2932,2932,Heterocyclic compounds with oxygen hetero-atom(s) only,276,Germany,False,155147.877,,0.0
2018,2932,2932,Heterocyclic compounds with oxygen hetero-atom(s) only,300,Greece,False,26945.0,,0.0
2018,2932,2932,Heterocyclic compounds with oxygen hetero-atom(s) only,344,"China, Hong Kong SAR",False,17258.938,,0.0
2018,2932,2932,Heterocyclic compounds with oxygen hetero-atom(s) only,372,Ireland,False,95325.844,,0.0
2018,2932,2932,Heterocyclic compounds with oxygen hetero-atom(s) only,380,Italy,False,3150058.57,,0.0
2018,2932,2932,Heterocyclic compounds with oxygen hetero-atom(s) only,392,Japan,False,3626.926,,0.0
2018,2932,2932,Heterocyclic compounds with oxygen hetero-atom(s) only,400,Jordan,False,20875.0,,0.0
2018,2932,2932,Heterocyclic compounds with oxygen hetero-atom(s) only,410,Rep. of Korea,False,29032.75,,0.0
2018,2932,2932,Heterocyclic compounds with oxygen hetero-atom(s) only,490,"Other Asia, nes",False,102292.0,,0.0
2018,2932,2932,Heterocyclic compounds with oxygen hetero-atom(s) only,504,Morocco,False,125835.125,,0.0
2018,2932,2932,Heterocyclic compounds with oxygen hetero-atom(s) only,528,Netherlands,False,38815.352,,0.0
2018,2932,2932,Heterocyclic compounds with oxygen hetero-atom(s) only,616,Poland,False,1957.481,,0.0
2018,2932,2932,Heterocyclic compounds with oxygen hetero-atom(s) only,642,Romania,False,127324.062,,0.0
2018,2932,2932,Heterocyclic compounds with oxygen hetero-atom(s) only,682,Saudi Arabia,False,73617.0,,0.0
2018,2932,2932,Heterocyclic compounds with oxygen hetero-atom(s) only,699,India,False,6159988.623,,0.0
2018,2932,2932,Heterocyclic compounds with oxygen hetero-atom(s) only,702,Singapore,False,55893.75,,0.0
2018,2932,2932,Heterocyclic compounds with oxygen hetero-atom(s) only,724,Spain,False,2390495.752,,0.0
2018,2932,2932,Heterocyclic compounds with oxygen hetero-atom(s) only,752,Sweden,False,652736.246,37425.607,37425.607
2018,2932,2932,Heterocyclic compounds with oxygen hetero-atom(s) only,757,Switzerland,False,326042.318,,0.0
2018,2932,2932,Heterocyclic compounds with oxygen hetero-atom(s) only,784,United Arab Emirates,False,120662.5,,0.0
2018,2932,2932,Heterocyclic compounds with oxygen hetero-atom(s) only,826,United Kingdom,False,152809.273,,0.0
2018,2932,2932,Heterocyclic compounds with oxygen hetero-atom(s) only,842,USA,False,2008541.611,,0.0
2019,2932,2932,Heterocyclic compounds with oxygen hetero-atom(s) only,0,World,True,35862257.691,,0.0
2019,2932,2932,Heterocyclic compounds with oxygen hetero-atom(s) only,40,Austria,False,324874.718,,0.0
2019,2932,2932,Heterocyclic compounds with oxygen hetero-atom(s) only,56,Belgium,False,5692.404,,0.0
2019,2932,2932,Heterocyclic compounds with oxygen hetero-atom(s) only,156,China,False,10291753.033,0.0,0.0
2019,2932,2932,Heterocyclic compounds with oxygen hetero-atom(s) only,251,France,False,4203785.873,,0.0
2019,2932,2932,Heterocyclic compounds with oxygen hetero-atom(s) only,276,Germany,False,299801.251,8280.908,8280.908
2019,2932,2932,Heterocyclic compounds with oxygen hetero-atom(s) only,372,Ireland,False,2597.008,,0.0
2019,2932,2932,Heterocyclic compounds with oxygen hetero-atom(s) only,380,Italy,False,2087142.678,68855.087,68855.087
2019,2932,2932,Heterocyclic compounds with oxygen hetero-atom(s) only,392,Japan,False,8647.941,,0.0
2019,2932,2932,Heterocyclic compounds with oxygen hetero-atom(s) only,458,Malaysia,False,6646.933,,0.0
2019,2932,2932,Heterocyclic compounds with oxygen hetero-atom(s) only,504,Morocco,False,81240.978,,0.0
2019,2932,2932,Heterocyclic compounds with oxygen hetero-atom(s) only,528,Netherlands,False,751.668,,0.0
2019,2932,2932,Heterocyclic compounds with oxygen hetero-atom(s) only,616,Poland,False,89157.164,40407.085,40407.085
2019,2932,2932,Heterocyclic compounds with oxygen hetero-atom(s) only,642,Romania,False,163641.198,,0.0
2019,2932,2932,Heterocyclic compounds with oxygen hetero-atom(s) only,682,Saudi Arabia,False,178594.48,80941.139,80941.139
2019,2932,2932,Heterocyclic compounds with oxygen hetero-atom(s) only,699,India,False,11616758.428,845921.003,845921.003
2019,2932,2932,Heterocyclic compounds with oxygen hetero-atom(s) only,724,Spain,False,1920298.221,,0.0
2019,2932,2932,Heterocyclic compounds with oxygen hetero-atom(s) only,752,Sweden,False,840989.319,,0.0
2019,2932,2932,Heterocyclic compounds with oxygen hetero-atom(s) only,757,Switzerland,False,346081.641,,0.0
2019,2932,2932,Heterocyclic compounds with oxygen hetero-atom(s) only,784,United Arab Emirates,False,114909.717,15901.482,15901.482
2019,2932,2932,Heterocyclic compounds with oxygen hetero-atom(s) only,826,United Kingdom,False,169181.413,4442.289,4442.289
2019,2932,2932,Heterocyclic compounds with oxygen hetero-atom(s) only,842,USA,False,3109711.624,0.0,0.0
2020,2932,2932,Heterocyclic compounds with oxygen hetero-atom(s) only,0,World,True,41202199.329,,0.0
2020,2932,2932,Heterocyclic compounds with oxygen hetero-atom(s) only,56,Belgium,False,97330.683,,0.0
2020,2932,2932,Heterocyclic compounds with oxygen hetero-atom(s) only,156,China,False,11308718.83,0.0,0.0
2020,2932,2932,Heterocyclic compounds with oxygen hetero-atom(s) only,203,Czechia,False,19004.783,9720.218,9720.218
2020,2932,2932,Heterocyclic compounds with oxygen hetero-atom(s) only,251,France,False,4108666.744,150604.502,150604.502
2020,2932,2932,Heterocyclic compounds with oxygen hetero-atom(s) only,276,Germany,False,134532.831,5446.606,5446.606
2020,2932,2932,Heterocyclic compounds with oxygen hetero-atom(s) only,360,Indonesia,False,5957.546,,0.0
2020,2932,2932,Heterocyclic compounds with oxygen hetero-atom(s) only,380,Italy,False,4196906.999,141935.442,141935.442
2020,2932,2932,Heterocyclic compounds with oxygen hetero-atom(s) only,392,Japan,False,29087.474,,0.0
2020,2932,2932,Heterocyclic compounds with oxygen hetero-atom(s) only,400,Jordan,False,10262.182,,0.0
2020,2932,2932,Heterocyclic compounds with oxygen hetero-atom(s) only,490,"Other Asia, nes",False,59930.36,0.0,0.0
2020,2932,2932,Heterocyclic compounds with oxygen hetero-atom(s) only,504,Morocco,False,256493.098,,0.0
2020,2932,2932,Heterocyclic compounds with oxygen hetero-atom(s) only,528,Netherlands,False,10072.389,,0.0
2020,2932,2932,Heterocyclic compounds with oxygen hetero-atom(s) only,568,"Other Europe, nes",False,22635.514,11577.198,11577.198
2020,2932,2932,Heterocyclic compounds with oxygen hetero-atom(s) only,586,Pakistan,False,30.0,,0.0
2020,2932,2932,Heterocyclic compounds with oxygen hetero-atom(s) only,616,Poland,False,318754.719,,0.0
2020,2932,2932,Heterocyclic compounds with oxygen hetero-atom(s) only,642,Romania,False,177887.026,,0.0
2020,2932,2932,Heterocyclic compounds with oxygen hetero-atom(s) only,682,Saudi Arabia,False,441692.869,225908.976,225908.976
2020,2932,2932,Heterocyclic compounds with oxygen hetero-atom(s) only,699,India,False,10593058.271,414431.516,414431.516
2020,2932,2932,Heterocyclic compounds with oxygen hetero-atom(s) only,710,South Africa,False,18376.19,11814.738,11814.738
2020,2932,2932,Heterocyclic compounds with oxygen hetero-atom(s) only,724,Spain,False,2312469.461,,0.0
2020,2932,2932,Heterocyclic compounds with oxygen hetero-atom(s) only,752,Sweden,False,667899.934,35997.88,35997.88
2020,2932,2932,Heterocyclic compounds with oxygen hetero-atom(s) only,757,Switzerland,False,715996.226,29408.195,29408.195
2020,2932,2932,Heterocyclic compounds with oxygen hetero-atom(s) only,784,United Arab Emirates,False,26179.752,13389.94,13389.94
2020,2932,2932,Heterocyclic compounds with oxygen hetero-atom(s) only,792,Türkiye,False,4556.113,,0.0
2020,2932,2932,Heterocyclic compounds with oxygen hetero-atom(s) only,826,United Kingdom,False,8943.277,1083.499,1083.499
2020,2932,2932,Heterocyclic compounds with oxygen hetero-atom(s) only,842,USA,False,5656756.059,0.0,0.0
2021,2932,2932,Heterocyclic compounds with oxygen hetero-atom(s) only,0,World,True,38628885.207,,0.0
2021,2932,2932,Heterocyclic compounds with oxygen hetero-atom(s) only,76,Brazil,False,37208.223,,0.0
2021,2932,2932,Heterocyclic compounds with oxygen hetero-atom(s) only,124,Canada,False,927.601,,0.0
2021,2932,2932,Heterocyclic compounds with oxygen hetero-atom(s) only,156,China,False,14768378.585,0.0,0.0
2021,2932,2932,Heterocyclic compounds with oxygen hetero-atom(s) only,251,France,False,6432831.651,,0.0
2021,2932,2932,Heterocyclic compounds with oxygen hetero-atom(s) only,276,Germany,False,78797.719,0.0,0.0
2021,2932,2932,Heterocyclic compounds with oxygen hetero-atom(s) only,380,Italy,False,1917407.383,133614.395,133614.395
2021,2932,2932,Heterocyclic compounds with oxygen hetero-atom(s) only,392,Japan,False,15838.218,,0.0
2021,2932,2932,Heterocyclic compounds with oxygen hetero-atom(s) only,400,Jordan,False,420016.625,,0.0
2021,2932,2932,Heterocyclic compounds with oxygen hetero-atom(s) only,458,Malaysia,False,28530.216,,0.0
2021,2932,2932,Heterocyclic compounds with oxygen hetero-atom(s) only,504,Morocco,False,325228.461,,0.0
2021,2932,2932,Heterocyclic compounds with oxygen hetero-atom(s) only,528,Netherlands,False,75440.736,0.0,0.0
2021,2932,2932,Heterocyclic compounds with oxygen hetero-atom(s) only,568,"Other Europe, nes",False,104220.219,17949.072,17949.072
2021,2932,2932,Heterocyclic compounds with oxygen hetero-atom(s) only,600,Paraguay,False,723.022,,0.0
2021,2932,2932,Heterocyclic compounds with oxygen hetero-atom(s) only,616,Poland,False,202857.261,115299.429,115299.429
2021,2932,2932,Heterocyclic compounds with oxygen hetero-atom(s) only,620,Portugal,False,1052.88,,0.0
2021,2932,2932,Heterocyclic compounds with oxygen hetero-atom(s) only,642,Romania,False,206315.37,,0.0
2021,2932,2932,Heterocyclic compounds with oxygen hetero-atom(s) only,682,Saudi Arabia,False,585934.592,131693.724,131693.724
2021,2932,2932,Heterocyclic compounds with oxygen hetero-atom(s) only,699,India,False,9287948.952,0.0,0.0
2021,2932,2932,Heterocyclic compounds with oxygen hetero-atom(s) only,702,Singapore,False,3389.474,,0.0
2021,2932,2932,Heterocyclic compounds with oxygen hetero-atom(s) only,724,Spain,False,1919638.076,,0.0
2021,2932,2932,Heterocyclic compounds with oxygen hetero-atom(s) only,752,Sweden,False,1163627.875,57699.688,57699.688
2021,2932,2932,Heterocyclic compounds with oxygen hetero-atom(s) only,757,Switzerland,False,99340.287,7652.696,7652.696
2021,2932,2932,Heterocyclic compounds with oxygen hetero-atom(s) only,792,Türkiye,False,21143.238,,0.0
2021,2932,2932,Heterocyclic compounds with oxygen hetero-atom(s) only,826,United Kingdom,False,92525.613,5165.251,5165.251
2021,2932,2932,Heterocyclic compounds with oxygen hetero-atom(s) only,842,USA,False,839562.93,0.0,0.0
2022,2932,2932,Heterocyclic compounds with oxygen hetero-atom(s) only,0,World,True,51289031.619,,0.0
2022,2932,2932,Heterocyclic compounds with oxygen hetero-atom(s) only,56,Belgium,False,3573.659,,0.0
2022,2932,2932,Heterocyclic compounds with oxygen hetero-atom(s) only,124,Canada,False,941.395,,0.0
2022,2932,2932,Heterocyclic compounds with oxygen hetero-atom(s) only,156,China,False,25305539.663,1114484.321,1114484.321
2022,2932,2932,Heterocyclic compounds with oxygen hetero-atom(s) only,246,Finland,False,78291.057,,0.0
2022,2932,2932,Heterocyclic compounds with oxygen hetero-atom(s) only,251,France,False,4643256.294,,0.0
2022,2932,2932,Heterocyclic compounds with oxygen hetero-atom(s) only,276,Germany,False,49494.411,2037.709,2037.709
2022,2932,2932,Heterocyclic compounds with oxygen hetero-atom(s) only,344,"China, Hong Kong SAR",False,98648.911,,0.0
2022,2932,2932,Heterocyclic compounds with oxygen hetero-atom(s) only,372,Ireland,False,2402.609,,0.0
2022,2932,2932,Heterocyclic compounds with oxygen hetero-atom(s) only,376,Israel,False,8928.941,,0.0
2022,2932,2932,Heterocyclic compounds with oxygen hetero-atom(s) only,380,Italy,False,3363313.076,117918.528,117918.528
2022,2932,2932,Heterocyclic compounds with oxygen hetero-atom(s) only,392,Japan,False,35237.293,,0.0
2022,2932,2932,Heterocyclic compounds with oxygen hetero-atom(s) only,458,Malaysia,False,1113.614,,0.0
2022,2932,2932,Heterocyclic compounds with oxygen hetero-atom(s) only,484,Mexico,False,160.707,,0.0
2022,2932,2932,Heterocyclic compounds with oxygen hetero-atom(s) only,490,"Other Asia, nes",False,511502.188,80949.998,80949.998
2022,2932,2932,Heterocyclic compounds with oxygen hetero-atom(s) only,504,Morocco,False,278237.727,50841.616,50841.616
2022,2932,2932,Heterocyclic compounds with oxygen hetero-atom(s) only,528,Netherlands,False,70897.296,,0.0
2022,2932,2932,Heterocyclic compounds with oxygen hetero-atom(s) only,620,Portugal,False,1118.687,,0.0
2022,2932,2932,Heterocyclic compounds with oxygen hetero-atom(s) only,642,Romania,False,7347.713,,0.0
2022,2932,2932,Heterocyclic compounds with oxygen hetero-atom(s) only,699,India,False,13530601.687,359153.36,359153.36
2022,2932,2932,Heterocyclic compounds with oxygen hetero-atom(s) only,702,Singapore,False,9959.529,,0.0
2022,2932,2932,Heterocyclic compounds with oxygen hetero-atom(s) only,724,Spain,False,1694353.214,33290.84,33290.84
2022,2932,2932,Heterocyclic compounds with oxygen hetero-atom(s) only,752,Sweden,False,865391.566,43788.096,43788.096
2022,2932,2932,Heterocyclic compounds with oxygen hetero-atom(s) only,757,Switzerland,False,522279.1,38868.998,38868.998
2022,2932,2932,Heterocyclic compounds with oxygen hetero-atom(s) only,826,United Kingdom,False,173374.805,8451.277,8451.277
2022,2932,2932,Heterocyclic compounds with oxygen hetero-atom(s) only,842,USA,False,33066.477,1025.766,1025.766
2023,2932,2932,Heterocyclic compounds with oxygen hetero-atom(s) only,0,World,True,37111141.773,,0.0
2023,2932,2932,Heterocyclic compounds with oxygen hetero-atom(s) only,56,Belgium,False,40649.577,2234.258,2234.258
2023,2932,2932,Heterocyclic compounds with oxygen hetero-atom(s) only,156,China,False,22474933.207,1264373.266,1264373.266
2023,2932,2932,Heterocyclic compounds with oxygen hetero-atom(s) only,246,Finland,False,24871.217,,0.0
2023,2932,2932,Heterocyclic compounds with oxygen hetero-atom(s) only,251,France,False,2498138.614,118897.631,118897.631
2023,2932,2932,Heterocyclic compounds with oxygen hetero-atom(s) only,276,Germany,False,489952.109,11359.74,11359.74
2023,2932,2932,Heterocyclic compounds with oxygen hetero-atom(s) only,344,"China, Hong Kong SAR",False,35965.203,,0.0
2023,2932,2932,Heterocyclic compounds with oxygen hetero-atom(s) only,380,Italy,False,1330023.715,68918.131,68918.131
2023,2932,2932,Heterocyclic compounds with oxygen hetero-atom(s) only,392,Japan,False,165103.059,42620.199,42620.199
2023,2932,2932,Heterocyclic compounds with oxygen hetero-atom(s) only,400,Jordan,False,855.393,,0.0
2023,2932,2932,Heterocyclic compounds with oxygen hetero-atom(s) only,484,Mexico,False,2749.95,,0.0
2023,2932,2932,Heterocyclic compounds with oxygen hetero-atom(s) only,504,Morocco,False,136424.206,,0.0
2023,2932,2932,Heterocyclic compounds with oxygen hetero-atom(s) only,528,Netherlands,False,207163.785,,0.0
2023,2932,2932,Heterocyclic compounds with oxygen hetero-atom(s) only,620,Portugal,False,346.179,,0.0
2023,2932,2932,Heterocyclic compounds with oxygen hetero-atom(s) only,642,Romania,False,6149.963,,0.0
2023,2932,2932,Heterocyclic compounds with oxygen hetero-atom(s) only,682,Saudi Arabia,False,1547.146,,0.0
2023,2932,2932,Heterocyclic compounds with oxygen hetero-atom(s) only,699,India,False,8244258.212,401934.05,401934.05
2023,2932,2932,Heterocyclic compounds with oxygen hetero-atom(s) only,724,Spain,False,301666.814,11234.049,11234.049
2023,2932,2932,Heterocyclic compounds with oxygen hetero-atom(s) only,752,Sweden,False,325811.981,,0.0
2023,2932,2932,Heterocyclic compounds with oxygen hetero-atom(s) only,757,Switzerland,False,536770.084,13879.867,13879.867
2023,2932,2932,Heterocyclic compounds with oxygen hetero-atom(s) only,784,United Arab Emirates,False,58382.766,20129.807,20129.807
2023,2932,2932,Heterocyclic compounds with oxygen hetero-atom(s) only,792,Türkiye,False,26.347,,0.0
2023,2932,2932,Heterocyclic compounds with oxygen hetero-atom(s) only,826,United Kingdom,False,33339.777,2667.417,2667.417
2023,2932,2932,Heterocyclic compounds with oxygen hetero-atom(s) only,842,USA,False,196012.47,7998.18,7998.18
2024,2932,2932,Heterocyclic compounds with oxygen hetero-atom(s) only,0,World,True,39451139.019,,0.0
2024,2932,2932,Heterocyclic compounds with oxygen hetero-atom(s) only,56,Belgium,False,75207.461,,0.0
2024,2932,2932,Heterocyclic compounds with oxygen hetero-atom(s) only,156,China,False,15920489.979,1535819.817,1535819.817
2024,2932,2932,Heterocyclic compounds with oxygen hetero-atom(s) only,246,Finland,False,48563.592,,0.0
2024,2932,2932,Heterocyclic compounds with oxygen hetero-atom(s) only,251,France,False,2672786.271,,0.0
2024,2932,2932,Heterocyclic compounds with oxygen hetero-atom(s) only,276,Germany,False,142541.418,25093.875,25093.875
2024,2932,2932,Heterocyclic compounds with oxygen hetero-atom(s) only,332,Haiti,False,2773.238,,0.0
2024,2932,2932,Heterocyclic compounds with oxygen hetero-atom(s) only,344,"China, Hong Kong SAR",False,79.767,,0.0
2024,2932,2932,Heterocyclic compounds with oxygen hetero-atom(s) only,360,Indonesia,False,4534.824,,0.0
2024,2932,2932,Heterocyclic compounds with oxygen hetero-atom(s) only,380,Italy,False,2790821.842,,0.0
2024,2932,2932,Heterocyclic compounds with oxygen hetero-atom(s) only,484,Mexico,False,2568.598,,0.0
2024,2932,2932,Heterocyclic compounds with oxygen hetero-atom(s) only,504,Morocco,False,264676.178,,0.0
2024,2932,2932,Heterocyclic compounds with oxygen hetero-atom(s) only,528,Netherlands,False,112278.851,,0.0
2024,2932,2932,Heterocyclic compounds with oxygen hetero-atom(s) only,568,"Other Europe, nes",False,15470.282,,0.0
2024,2932,2932,Heterocyclic compounds with oxygen hetero-atom(s) only,620,Portugal,False,863.222,382.0,382.0
2024,2932,2932,Heterocyclic compounds with oxygen hetero-atom(s) only,642,Romania,False,50011.236,9008.035,9008.035
2024,2932,2932,Heterocyclic compounds with oxygen hetero-atom(s) only,682,Saudi Arabia,False,31388.031,13890.079,13890.079
2024,2932,2932,Heterocyclic compounds with oxygen hetero-atom(s) only,699,India,False,14787896.946,679262.353,679262.353
2024,2932,2932,Heterocyclic compounds with oxygen hetero-atom(s) only,702,Singapore,False,11033.719,591.811,591.811
2024,2932,2932,Heterocyclic compounds with oxygen hetero-atom(s) only,724,Spain,False,1643949.378,64353.835,64353.835
2024,2932,2932,Heterocyclic compounds with oxygen hetero-atom(s) only,752,Sweden,False,270097.799,,0.0
2024,2932,2932,Heterocyclic compounds with oxygen hetero-atom(s) only,757,Switzerland,False,425591.169,,0.0
2024,2932,2932,Heterocyclic compounds with oxygen hetero-atom(s) only,784,United Arab Emirates,False,19009.66,,0.0
2024,2932,2932,Heterocyclic compounds with oxygen hetero-atom(s) only,826,United Kingdom,False,45325.282,2792.888,2792.888
2024,2932,2932,Heterocyclic compounds with oxygen hetero-atom(s) only,842,USA,False,113180.275,5453.348,5453.348
2025,2932,2932,Heterocyclic compounds with oxygen hetero-atom(s) only,0,World,True,38339905.704,,0.0
2025,2932,2932,Heterocyclic compounds with oxygen hetero-atom(s) only,76,Brazil,False,36143.702,,0.0
2025,2932,2932,Heterocyclic compounds with oxygen hetero-atom(s) only,124,Canada,False,146.539,,0.0
2025,2932,2932,Heterocyclic compounds with oxygen hetero-atom(s) only,156,China,False,18952331.541,1478214.374,1478214.374
2025,2932,2932,Heterocyclic compounds with oxygen hetero-atom(s) only,208,Denmark,False,549.605,,0.0
2025,2932,2932,Heterocyclic compounds with oxygen hetero-atom(s) only,246,Finland,False,118793.568,,0.0
2025,2932,2932,Heterocyclic compounds with oxygen hetero-atom(s) only,251,France,False,1872562.301,89519.648,89519.648
2025,2932,2932,Heterocyclic compounds with oxygen hetero-atom(s) only,268,Georgia,False,46044.899,,0.0
2025,2932,2932,Heterocyclic compounds with oxygen hetero-atom(s) only,276,Germany,False,360290.716,11133.008,11133.008
2025,2932,2932,Heterocyclic compounds with oxygen hetero-atom(s) only,344,"China, Hong Kong SAR",False,3312.064,,0.0
2025,2932,2932,Heterocyclic compounds with oxygen hetero-atom(s) only,372,Ireland,False,576.071,,0.0
2025,2932,2932,Heterocyclic compounds with oxygen hetero-atom(s) only,380,Italy,False,2087406.907,88619.46,88619.46
2025,2932,2932,Heterocyclic compounds with oxygen hetero-atom(s) only,392,Japan,False,7125.014,,0.0
2025,2932,2932,Heterocyclic compounds with oxygen hetero-atom(s) only,484,Mexico,False,3065.028,,0.0
2025,2932,2932,Heterocyclic compounds with oxygen hetero-atom(s) only,504,Morocco,False,122304.89,,0.0
2025,2932,2932,Heterocyclic compounds with oxygen hetero-atom(s) only,528,Netherlands,False,93008.068,13638.501,13638.501
2025,2932,2932,Heterocyclic compounds with oxygen hetero-atom(s) only,568,"Other Europe, nes",False,741412.406,,0.0
2025,2932,2932,Heterocyclic compounds with oxygen hetero-atom(s) only,620,Portugal,False,921.509,,0.0
2025,2932,2932,Heterocyclic compounds with oxygen hetero-atom(s) only,642,Romania,False,38426.677,,0.0
2025,2932,2932,Heterocyclic compounds with oxygen hetero-atom(s) only,699,India,False,12214048.232,684857.403,684857.403
2025,2932,2932,Heterocyclic compounds with oxygen hetero-atom(s) only,724,Spain,False,575385.522,16106.221,16106.221
2025,2932,2932,Heterocyclic compounds with oxygen hetero-atom(s) only,752,Sweden,False,450229.627,,0.0
2025,2932,2932,Heterocyclic compounds with oxygen hetero-atom(s) only,757,Switzerland,False,417920.377,,0.0
2025,2932,2932,Heterocyclic compounds with oxygen hetero-atom(s) only,826,United Kingdom,False,56505.69,,0.0
2025,2932,2932,Heterocyclic compounds with oxygen hetero-atom(s) only,842,USA,False,141394.749,6043.537,6043.537
2015,2937,2937,"Hormones, prostaglandins, thromboxanes and leukotrienes, natural or reproduced by synthesis; derivatives and structural analogues thereof, including chain modified polypeptides, used primarily as hormones.",0,World,True,18671834.71,0.0,0.0
2015,2937,2937,"Hormones, prostaglandins, thromboxanes and leukotrienes, natural or reproduced by synthesis; derivatives and structural analogues thereof, including chain modified polypeptides, used primarily as hormones.",156,China,False,5118366.419,2160.399,2160.399
2015,2937,2937,"Hormones, prostaglandins, thromboxanes and leukotrienes, natural or reproduced by synthesis; derivatives and structural analogues thereof, including chain modified polypeptides, used primarily as hormones.",208,Denmark,False,1323.212,0.0,0.0
2015,2937,2937,"Hormones, prostaglandins, thromboxanes and leukotrienes, natural or reproduced by synthesis; derivatives and structural analogues thereof, including chain modified polypeptides, used primarily as hormones.",251,France,False,743156.28,816.601,816.601
2015,2937,2937,"Hormones, prostaglandins, thromboxanes and leukotrienes, natural or reproduced by synthesis; derivatives and structural analogues thereof, including chain modified polypeptides, used primarily as hormones.",276,Germany,False,3272400.793,1834.278,1834.278
2015,2937,2937,"Hormones, prostaglandins, thromboxanes and leukotrienes, natural or reproduced by synthesis; derivatives and structural analogues thereof, including chain modified polypeptides, used primarily as hormones.",380,Italy,False,1555444.357,625.258,625.258
2015,2937,2937,"Hormones, prostaglandins, thromboxanes and leukotrienes, natural or reproduced by synthesis; derivatives and structural analogues thereof, including chain modified polypeptides, used primarily as hormones.",400,Jordan,False,3074.856,3.458,3.458
2015,2937,2937,"Hormones, prostaglandins, thromboxanes and leukotrienes, natural or reproduced by synthesis; derivatives and structural analogues thereof, including chain modified polypeptides, used primarily as hormones.",410,Rep. of Korea,False,33274.448,0.0,0.0
2015,2937,2937,"Hormones, prostaglandins, thromboxanes and leukotrienes, natural or reproduced by synthesis; derivatives and structural analogues thereof, including chain modified polypeptides, used primarily as hormones.",428,Latvia,False,31308.629,0.0,0.0
2015,2937,2937,"Hormones, prostaglandins, thromboxanes and leukotrienes, natural or reproduced by synthesis; derivatives and structural analogues thereof, including chain modified polypeptides, used primarily as hormones.",458,Malaysia,False,1783012.13,1293.288,1293.288
2015,2937,2937,"Hormones, prostaglandins, thromboxanes and leukotrienes, natural or reproduced by synthesis; derivatives and structural analogues thereof, including chain modified polypeptides, used primarily as hormones.",490,"Other Asia, nes",False,10778.007,0.0,0.0
2015,2937,2937,"Hormones, prostaglandins, thromboxanes and leukotrienes, natural or reproduced by synthesis; derivatives and structural analogues thereof, including chain modified polypeptides, used primarily as hormones.",528,Netherlands,False,2940.476,0.0,0.0
2015,2937,2937,"Hormones, prostaglandins, thromboxanes and leukotrienes, natural or reproduced by synthesis; derivatives and structural analogues thereof, including chain modified polypeptides, used primarily as hormones.",699,India,False,478820.805,152.235,152.235
2015,2937,2937,"Hormones, prostaglandins, thromboxanes and leukotrienes, natural or reproduced by synthesis; derivatives and structural analogues thereof, including chain modified polypeptides, used primarily as hormones.",702,Singapore,False,757950.631,0.0,0.0
2015,2937,2937,"Hormones, prostaglandins, thromboxanes and leukotrienes, natural or reproduced by synthesis; derivatives and structural analogues thereof, including chain modified polypeptides, used primarily as hormones.",724,Spain,False,1486742.158,532.335,532.335
2015,2937,2937,"Hormones, prostaglandins, thromboxanes and leukotrienes, natural or reproduced by synthesis; derivatives and structural analogues thereof, including chain modified polypeptides, used primarily as hormones.",757,Switzerland,False,405119.439,0.0,0.0
2015,2937,2937,"Hormones, prostaglandins, thromboxanes and leukotrienes, natural or reproduced by synthesis; derivatives and structural analogues thereof, including chain modified polypeptides, used primarily as hormones.",826,United Kingdom,False,433219.952,0.0,0.0
2015,2937,2937,"Hormones, prostaglandins, thromboxanes and leukotrienes, natural or reproduced by synthesis; derivatives and structural analogues thereof, including chain modified polypeptides, used primarily as hormones.",842,USA,False,2554902.117,418.919,418.919
2016,2937,2937,"Hormones, prostaglandins, thromboxanes and leukotrienes, natural or reproduced by synthesis; derivatives and structural analogues thereof, including chain modified polypeptides, used primarily as hormones.",0,World,True,23998866.163,0.0,0.0
2016,2937,2937,"Hormones, prostaglandins, thromboxanes and leukotrienes, natural or reproduced by synthesis; derivatives and structural analogues thereof, including chain modified polypeptides, used primarily as hormones.",156,China,False,4133304.711,1096.879,1096.879
2016,2937,2937,"Hormones, prostaglandins, thromboxanes and leukotrienes, natural or reproduced by synthesis; derivatives and structural analogues thereof, including chain modified polypeptides, used primarily as hormones.",208,Denmark,False,225985.589,3.516,3.516
2016,2937,2937,"Hormones, prostaglandins, thromboxanes and leukotrienes, natural or reproduced by synthesis; derivatives and structural analogues thereof, including chain modified polypeptides, used primarily as hormones.",251,France,False,393342.212,458.018,458.018
2016,2937,2937,"Hormones, prostaglandins, thromboxanes and leukotrienes, natural or reproduced by synthesis; derivatives and structural analogues thereof, including chain modified polypeptides, used primarily as hormones.",276,Germany,False,2997559.878,1247.002,1247.002
2016,2937,2937,"Hormones, prostaglandins, thromboxanes and leukotrienes, natural or reproduced by synthesis; derivatives and structural analogues thereof, including chain modified polypeptides, used primarily as hormones.",380,Italy,False,1421061.215,363.046,363.046
2016,2937,2937,"Hormones, prostaglandins, thromboxanes and leukotrienes, natural or reproduced by synthesis; derivatives and structural analogues thereof, including chain modified polypeptides, used primarily as hormones.",458,Malaysia,False,1212197.837,996.499,996.499
2016,2937,2937,"Hormones, prostaglandins, thromboxanes and leukotrienes, natural or reproduced by synthesis; derivatives and structural analogues thereof, including chain modified polypeptides, used primarily as hormones.",470,Malta,False,79930.23,98.885,98.885
2016,2937,2937,"Hormones, prostaglandins, thromboxanes and leukotrienes, natural or reproduced by synthesis; derivatives and structural analogues thereof, including chain modified polypeptides, used primarily as hormones.",490,"Other Asia, nes",False,75204.082,55.607,55.607
2016,2937,2937,"Hormones, prostaglandins, thromboxanes and leukotrienes, natural or reproduced by synthesis; derivatives and structural analogues thereof, including chain modified polypeptides, used primarily as hormones.",528,Netherlands,False,44842.009,0.0,0.0
2016,2937,2937,"Hormones, prostaglandins, thromboxanes and leukotrienes, natural or reproduced by synthesis; derivatives and structural analogues thereof, including chain modified polypeptides, used primarily as hormones.",699,India,False,669079.235,101.532,101.532
2016,2937,2937,"Hormones, prostaglandins, thromboxanes and leukotrienes, natural or reproduced by synthesis; derivatives and structural analogues thereof, including chain modified polypeptides, used primarily as hormones.",702,Singapore,False,825215.124,0.0,0.0
2016,2937,2937,"Hormones, prostaglandins, thromboxanes and leukotrienes, natural or reproduced by synthesis; derivatives and structural analogues thereof, including chain modified polypeptides, used primarily as hormones.",724,Spain,False,1909633.464,0.0,0.0
2016,2937,2937,"Hormones, prostaglandins, thromboxanes and leukotrienes, natural or reproduced by synthesis; derivatives and structural analogues thereof, including chain modified polypeptides, used primarily as hormones.",752,Sweden,False,20425.858,0.0,0.0
2016,2937,2937,"Hormones, prostaglandins, thromboxanes and leukotrienes, natural or reproduced by synthesis; derivatives and structural analogues thereof, including chain modified polypeptides, used primarily as hormones.",757,Switzerland,False,136027.005,0.0,0.0
2016,2937,2937,"Hormones, prostaglandins, thromboxanes and leukotrienes, natural or reproduced by synthesis; derivatives and structural analogues thereof, including chain modified polypeptides, used primarily as hormones.",842,USA,False,9855057.715,305.09,305.09
2017,2937,2937,"Hormones, prostaglandins, thromboxanes and leukotrienes, natural or reproduced by synthesis; derivatives and structural analogues thereof, including chain modified polypeptides, used primarily as hormones.",0,World,True,23326743.609,0.0,0.0
2017,2937,2937,"Hormones, prostaglandins, thromboxanes and leukotrienes, natural or reproduced by synthesis; derivatives and structural analogues thereof, including chain modified polypeptides, used primarily as hormones.",40,Austria,False,51848.044,0.0,0.0
2017,2937,2937,"Hormones, prostaglandins, thromboxanes and leukotrienes, natural or reproduced by synthesis; derivatives and structural analogues thereof, including chain modified polypeptides, used primarily as hormones.",156,China,False,7063117.208,2760.05,2760.05
2017,2937,2937,"Hormones, prostaglandins, thromboxanes and leukotrienes, natural or reproduced by synthesis; derivatives and structural analogues thereof, including chain modified polypeptides, used primarily as hormones.",251,France,False,555253.96,567.312,567.312
2017,2937,2937,"Hormones, prostaglandins, thromboxanes and leukotrienes, natural or reproduced by synthesis; derivatives and structural analogues thereof, including chain modified polypeptides, used primarily as hormones.",276,Germany,False,2407899.255,1335.857,1335.857
2017,2937,2937,"Hormones, prostaglandins, thromboxanes and leukotrienes, natural or reproduced by synthesis; derivatives and structural analogues thereof, including chain modified polypeptides, used primarily as hormones.",380,Italy,False,1475248.622,574.942,574.942
2017,2937,2937,"Hormones, prostaglandins, thromboxanes and leukotrienes, natural or reproduced by synthesis; derivatives and structural analogues thereof, including chain modified polypeptides, used primarily as hormones.",458,Malaysia,False,672882.594,228.205,228.205
2017,2937,2937,"Hormones, prostaglandins, thromboxanes and leukotrienes, natural or reproduced by synthesis; derivatives and structural analogues thereof, including chain modified polypeptides, used primarily as hormones.",528,Netherlands,False,29735.415,0.0,0.0
2017,2937,2937,"Hormones, prostaglandins, thromboxanes and leukotrienes, natural or reproduced by synthesis; derivatives and structural analogues thereof, including chain modified polypeptides, used primarily as hormones.",682,Saudi Arabia,False,51273.323,0.0,0.0
2017,2937,2937,"Hormones, prostaglandins, thromboxanes and leukotrienes, natural or reproduced by synthesis; derivatives and structural analogues thereof, including chain modified polypeptides, used primarily as hormones.",699,India,False,573012.606,117.825,117.825
2017,2937,2937,"Hormones, prostaglandins, thromboxanes and leukotrienes, natural or reproduced by synthesis; derivatives and structural analogues thereof, including chain modified polypeptides, used primarily as hormones.",702,Singapore,False,450355.728,0.0,0.0
2017,2937,2937,"Hormones, prostaglandins, thromboxanes and leukotrienes, natural or reproduced by synthesis; derivatives and structural analogues thereof, including chain modified polypeptides, used primarily as hormones.",724,Spain,False,1961471.342,568.804,568.804
2017,2937,2937,"Hormones, prostaglandins, thromboxanes and leukotrienes, natural or reproduced by synthesis; derivatives and structural analogues thereof, including chain modified polypeptides, used primarily as hormones.",757,Switzerland,False,92205.47,0.0,0.0
2017,2937,2937,"Hormones, prostaglandins, thromboxanes and leukotrienes, natural or reproduced by synthesis; derivatives and structural analogues thereof, including chain modified polypeptides, used primarily as hormones.",826,United Kingdom,False,989393.203,425.434,425.434
2017,2937,2937,"Hormones, prostaglandins, thromboxanes and leukotrienes, natural or reproduced by synthesis; derivatives and structural analogues thereof, including chain modified polypeptides, used primarily as hormones.",842,USA,False,6953046.84,253.169,253.169
2018,2937,2937,"Hormones, prostaglandins, thromboxanes and leukotrienes, natural or reproduced by synthesis; derivatives and structural analogues thereof, including chain modified polypeptides, used primarily as hormones.",0,World,True,35502310.324,,0.0
2018,2937,2937,"Hormones, prostaglandins, thromboxanes and leukotrienes, natural or reproduced by synthesis; derivatives and structural analogues thereof, including chain modified polypeptides, used primarily as hormones.",156,China,False,6557116.114,3087.325,3087.325
2018,2937,2937,"Hormones, prostaglandins, thromboxanes and leukotrienes, natural or reproduced by synthesis; derivatives and structural analogues thereof, including chain modified polypeptides, used primarily as hormones.",251,France,False,217820.463,206.493,206.493
2018,2937,2937,"Hormones, prostaglandins, thromboxanes and leukotrienes, natural or reproduced by synthesis; derivatives and structural analogues thereof, including chain modified polypeptides, used primarily as hormones.",276,Germany,False,35500.156,39.648,39.648
2018,2937,2937,"Hormones, prostaglandins, thromboxanes and leukotrienes, natural or reproduced by synthesis; derivatives and structural analogues thereof, including chain modified polypeptides, used primarily as hormones.",380,Italy,False,672659.375,228.466,228.466
2018,2937,2937,"Hormones, prostaglandins, thromboxanes and leukotrienes, natural or reproduced by synthesis; derivatives and structural analogues thereof, including chain modified polypeptides, used primarily as hormones.",458,Malaysia,False,869505.438,292.154,292.154
2018,2937,2937,"Hormones, prostaglandins, thromboxanes and leukotrienes, natural or reproduced by synthesis; derivatives and structural analogues thereof, including chain modified polypeptides, used primarily as hormones.",490,"Other Asia, nes",False,203862.984,,0.0
2018,2937,2937,"Hormones, prostaglandins, thromboxanes and leukotrienes, natural or reproduced by synthesis; derivatives and structural analogues thereof, including chain modified polypeptides, used primarily as hormones.",682,Saudi Arabia,False,345959.952,,0.0
2018,2937,2937,"Hormones, prostaglandins, thromboxanes and leukotrienes, natural or reproduced by synthesis; derivatives and structural analogues thereof, including chain modified polypeptides, used primarily as hormones.",699,India,False,1268680.65,345.543,345.543
2018,2937,2937,"Hormones, prostaglandins, thromboxanes and leukotrienes, natural or reproduced by synthesis; derivatives and structural analogues thereof, including chain modified polypeptides, used primarily as hormones.",724,Spain,False,1185385.375,525.891,525.891
2018,2937,2937,"Hormones, prostaglandins, thromboxanes and leukotrienes, natural or reproduced by synthesis; derivatives and structural analogues thereof, including chain modified polypeptides, used primarily as hormones.",757,Switzerland,False,2303.474,,0.0
2018,2937,2937,"Hormones, prostaglandins, thromboxanes and leukotrienes, natural or reproduced by synthesis; derivatives and structural analogues thereof, including chain modified polypeptides, used primarily as hormones.",826,United Kingdom,False,253338.938,,0.0
2018,2937,2937,"Hormones, prostaglandins, thromboxanes and leukotrienes, natural or reproduced by synthesis; derivatives and structural analogues thereof, including chain modified polypeptides, used primarily as hormones.",842,USA,False,23890177.406,1068.653,1068.653
2019,2937,2937,"Hormones, prostaglandins, thromboxanes and leukotrienes, natural or reproduced by synthesis; derivatives and structural analogues thereof, including chain modified polypeptides, used primarily as hormones.",0,World,True,35884599.743,,0.0
2019,2937,2937,"Hormones, prostaglandins, thromboxanes and leukotrienes, natural or reproduced by synthesis; derivatives and structural analogues thereof, including chain modified polypeptides, used primarily as hormones.",156,China,False,8140731.266,2531.439,2531.439
2019,2937,2937,"Hormones, prostaglandins, thromboxanes and leukotrienes, natural or reproduced by synthesis; derivatives and structural analogues thereof, including chain modified polypeptides, used primarily as hormones.",208,Denmark,False,60005.379,,0.0
2019,2937,2937,"Hormones, prostaglandins, thromboxanes and leukotrienes, natural or reproduced by synthesis; derivatives and structural analogues thereof, including chain modified polypeptides, used primarily as hormones.",251,France,False,18463.885,7.619,7.619
2019,2937,2937,"Hormones, prostaglandins, thromboxanes and leukotrienes, natural or reproduced by synthesis; derivatives and structural analogues thereof, including chain modified polypeptides, used primarily as hormones.",276,Germany,False,525887.065,191.018,191.018
2019,2937,2937,"Hormones, prostaglandins, thromboxanes and leukotrienes, natural or reproduced by synthesis; derivatives and structural analogues thereof, including chain modified polypeptides, used primarily as hormones.",348,Hungary,False,11509.103,,0.0
2019,2937,2937,"Hormones, prostaglandins, thromboxanes and leukotrienes, natural or reproduced by synthesis; derivatives and structural analogues thereof, including chain modified polypeptides, used primarily as hormones.",380,Italy,False,1334416.517,357.169,357.169
2019,2937,2937,"Hormones, prostaglandins, thromboxanes and leukotrienes, natural or reproduced by synthesis; derivatives and structural analogues thereof, including chain modified polypeptides, used primarily as hormones.",428,Latvia,False,33636.657,,0.0
2019,2937,2937,"Hormones, prostaglandins, thromboxanes and leukotrienes, natural or reproduced by synthesis; derivatives and structural analogues thereof, including chain modified polypeptides, used primarily as hormones.",458,Malaysia,False,820865.431,216.845,216.845
2019,2937,2937,"Hormones, prostaglandins, thromboxanes and leukotrienes, natural or reproduced by synthesis; derivatives and structural analogues thereof, including chain modified polypeptides, used primarily as hormones.",490,"Other Asia, nes",False,67075.61,,0.0
2019,2937,2937,"Hormones, prostaglandins, thromboxanes and leukotrienes, natural or reproduced by synthesis; derivatives and structural analogues thereof, including chain modified polypeptides, used primarily as hormones.",528,Netherlands,False,25087.016,,0.0
2019,2937,2937,"Hormones, prostaglandins, thromboxanes and leukotrienes, natural or reproduced by synthesis; derivatives and structural analogues thereof, including chain modified polypeptides, used primarily as hormones.",699,India,False,3492182.805,1230.579,1230.579
2019,2937,2937,"Hormones, prostaglandins, thromboxanes and leukotrienes, natural or reproduced by synthesis; derivatives and structural analogues thereof, including chain modified polypeptides, used primarily as hormones.",702,Singapore,False,201982.437,,0.0
2019,2937,2937,"Hormones, prostaglandins, thromboxanes and leukotrienes, natural or reproduced by synthesis; derivatives and structural analogues thereof, including chain modified polypeptides, used primarily as hormones.",724,Spain,False,249321.193,73.56,73.56
2019,2937,2937,"Hormones, prostaglandins, thromboxanes and leukotrienes, natural or reproduced by synthesis; derivatives and structural analogues thereof, including chain modified polypeptides, used primarily as hormones.",757,Switzerland,False,224020.468,,0.0
2019,2937,2937,"Hormones, prostaglandins, thromboxanes and leukotrienes, natural or reproduced by synthesis; derivatives and structural analogues thereof, including chain modified polypeptides, used primarily as hormones.",826,United Kingdom,False,779384.349,201.662,201.662
2019,2937,2937,"Hormones, prostaglandins, thromboxanes and leukotrienes, natural or reproduced by synthesis; derivatives and structural analogues thereof, including chain modified polypeptides, used primarily as hormones.",842,USA,False,19900030.56,1282.9,1282.9
2020,2937,2937,"Hormones, prostaglandins, thromboxanes and leukotrienes, natural or reproduced by synthesis; derivatives and structural analogues thereof, including chain modified polypeptides, used primarily as hormones.",0,World,True,42089161.225,,0.0
2020,2937,2937,"Hormones, prostaglandins, thromboxanes and leukotrienes, natural or reproduced by synthesis; derivatives and structural analogues thereof, including chain modified polypeptides, used primarily as hormones.",56,Belgium,False,581651.25,,0.0
2020,2937,2937,"Hormones, prostaglandins, thromboxanes and leukotrienes, natural or reproduced by synthesis; derivatives and structural analogues thereof, including chain modified polypeptides, used primarily as hormones.",124,Canada,False,3954.733,,0.0
2020,2937,2937,"Hormones, prostaglandins, thromboxanes and leukotrienes, natural or reproduced by synthesis; derivatives and structural analogues thereof, including chain modified polypeptides, used primarily as hormones.",156,China,False,10013972.107,3482.927,3482.927
2020,2937,2937,"Hormones, prostaglandins, thromboxanes and leukotrienes, natural or reproduced by synthesis; derivatives and structural analogues thereof, including chain modified polypeptides, used primarily as hormones.",251,France,False,302877.672,239.348,239.348
2020,2937,2937,"Hormones, prostaglandins, thromboxanes and leukotrienes, natural or reproduced by synthesis; derivatives and structural analogues thereof, including chain modified polypeptides, used primarily as hormones.",276,Germany,False,193898.344,,0.0
2020,2937,2937,"Hormones, prostaglandins, thromboxanes and leukotrienes, natural or reproduced by synthesis; derivatives and structural analogues thereof, including chain modified polypeptides, used primarily as hormones.",348,Hungary,False,18918.967,,0.0
2020,2937,2937,"Hormones, prostaglandins, thromboxanes and leukotrienes, natural or reproduced by synthesis; derivatives and structural analogues thereof, including chain modified polypeptides, used primarily as hormones.",380,Italy,False,3607203.258,1274.799,1274.799
2020,2937,2937,"Hormones, prostaglandins, thromboxanes and leukotrienes, natural or reproduced by synthesis; derivatives and structural analogues thereof, including chain modified polypeptides, used primarily as hormones.",400,Jordan,False,1749.652,0.795,0.795
2020,2937,2937,"Hormones, prostaglandins, thromboxanes and leukotrienes, natural or reproduced by synthesis; derivatives and structural analogues thereof, including chain modified polypeptides, used primarily as hormones.",428,Latvia,False,44233.223,,0.0
2020,2937,2937,"Hormones, prostaglandins, thromboxanes and leukotrienes, natural or reproduced by synthesis; derivatives and structural analogues thereof, including chain modified polypeptides, used primarily as hormones.",458,Malaysia,False,841376.966,406.414,406.414
2020,2937,2937,"Hormones, prostaglandins, thromboxanes and leukotrienes, natural or reproduced by synthesis; derivatives and structural analogues thereof, including chain modified polypeptides, used primarily as hormones.",490,"Other Asia, nes",False,107912.342,26.58,26.58
2020,2937,2937,"Hormones, prostaglandins, thromboxanes and leukotrienes, natural or reproduced by synthesis; derivatives and structural analogues thereof, including chain modified polypeptides, used primarily as hormones.",528,Netherlands,False,1346.176,,0.0
2020,2937,2937,"Hormones, prostaglandins, thromboxanes and leukotrienes, natural or reproduced by synthesis; derivatives and structural analogues thereof, including chain modified polypeptides, used primarily as hormones.",699,India,False,4869673.42,1261.001,1261.001
2020,2937,2937,"Hormones, prostaglandins, thromboxanes and leukotrienes, natural or reproduced by synthesis; derivatives and structural analogues thereof, including chain modified polypeptides, used primarily as hormones.",724,Spain,False,683469.571,208.051,208.051
2020,2937,2937,"Hormones, prostaglandins, thromboxanes and leukotrienes, natural or reproduced by synthesis; derivatives and structural analogues thereof, including chain modified polypeptides, used primarily as hormones.",757,Switzerland,False,19044.041,,0.0
2020,2937,2937,"Hormones, prostaglandins, thromboxanes and leukotrienes, natural or reproduced by synthesis; derivatives and structural analogues thereof, including chain modified polypeptides, used primarily as hormones.",826,United Kingdom,False,1319392.703,340.137,340.137
2020,2937,2937,"Hormones, prostaglandins, thromboxanes and leukotrienes, natural or reproduced by synthesis; derivatives and structural analogues thereof, including chain modified polypeptides, used primarily as hormones.",842,USA,False,19478486.8,1280.349,1280.349
2021,2937,2937,"Hormones, prostaglandins, thromboxanes and leukotrienes, natural or reproduced by synthesis; derivatives and structural analogues thereof, including chain modified polypeptides, used primarily as hormones.",0,World,True,24952835.073,,0.0
2021,2937,2937,"Hormones, prostaglandins, thromboxanes and leukotrienes, natural or reproduced by synthesis; derivatives and structural analogues thereof, including chain modified polypeptides, used primarily as hormones.",36,Australia,False,143520.938,,0.0
2021,2937,2937,"Hormones, prostaglandins, thromboxanes and leukotrienes, natural or reproduced by synthesis; derivatives and structural analogues thereof, including chain modified polypeptides, used primarily as hormones.",40,Austria,False,7657.902,,0.0
2021,2937,2937,"Hormones, prostaglandins, thromboxanes and leukotrienes, natural or reproduced by synthesis; derivatives and structural analogues thereof, including chain modified polypeptides, used primarily as hormones.",124,Canada,False,3501.38,,0.0
2021,2937,2937,"Hormones, prostaglandins, thromboxanes and leukotrienes, natural or reproduced by synthesis; derivatives and structural analogues thereof, including chain modified polypeptides, used primarily as hormones.",156,China,False,4562178.153,1917.048,1917.048
2021,2937,2937,"Hormones, prostaglandins, thromboxanes and leukotrienes, natural or reproduced by synthesis; derivatives and structural analogues thereof, including chain modified polypeptides, used primarily as hormones.",251,France,False,13808.882,5.987,5.987
2021,2937,2937,"Hormones, prostaglandins, thromboxanes and leukotrienes, natural or reproduced by synthesis; derivatives and structural analogues thereof, including chain modified polypeptides, used primarily as hormones.",276,Germany,False,430043.677,181.223,181.223
2021,2937,2937,"Hormones, prostaglandins, thromboxanes and leukotrienes, natural or reproduced by synthesis; derivatives and structural analogues thereof, including chain modified polypeptides, used primarily as hormones.",380,Italy,False,4118188.242,1410.119,1410.119
2021,2937,2937,"Hormones, prostaglandins, thromboxanes and leukotrienes, natural or reproduced by synthesis; derivatives and structural analogues thereof, including chain modified polypeptides, used primarily as hormones.",428,Latvia,False,57574.488,,0.0
2021,2937,2937,"Hormones, prostaglandins, thromboxanes and leukotrienes, natural or reproduced by synthesis; derivatives and structural analogues thereof, including chain modified polypeptides, used primarily as hormones.",458,Malaysia,False,289250.68,83.039,83.039
2021,2937,2937,"Hormones, prostaglandins, thromboxanes and leukotrienes, natural or reproduced by synthesis; derivatives and structural analogues thereof, including chain modified polypeptides, used primarily as hormones.",490,"Other Asia, nes",False,176084.551,,0.0
2021,2937,2937,"Hormones, prostaglandins, thromboxanes and leukotrienes, natural or reproduced by synthesis; derivatives and structural analogues thereof, including chain modified polypeptides, used primarily as hormones.",528,Netherlands,False,12125.255,,0.0
2021,2937,2937,"Hormones, prostaglandins, thromboxanes and leukotrienes, natural or reproduced by synthesis; derivatives and structural analogues thereof, including chain modified polypeptides, used primarily as hormones.",699,India,False,4746429.611,1075.801,1075.801
2021,2937,2937,"Hormones, prostaglandins, thromboxanes and leukotrienes, natural or reproduced by synthesis; derivatives and structural analogues thereof, including chain modified polypeptides, used primarily as hormones.",724,Spain,False,1143872.651,642.022,642.022
2021,2937,2937,"Hormones, prostaglandins, thromboxanes and leukotrienes, natural or reproduced by synthesis; derivatives and structural analogues thereof, including chain modified polypeptides, used primarily as hormones.",757,Switzerland,False,218366.269,,0.0
2021,2937,2937,"Hormones, prostaglandins, thromboxanes and leukotrienes, natural or reproduced by synthesis; derivatives and structural analogues thereof, including chain modified polypeptides, used primarily as hormones.",826,United Kingdom,False,1570277.667,,0.0
2021,2937,2937,"Hormones, prostaglandins, thromboxanes and leukotrienes, natural or reproduced by synthesis; derivatives and structural analogues thereof, including chain modified polypeptides, used primarily as hormones.",842,USA,False,7459954.727,995.523,995.523
2022,2937,2937,"Hormones, prostaglandins, thromboxanes and leukotrienes, natural or reproduced by synthesis; derivatives and structural analogues thereof, including chain modified polypeptides, used primarily as hormones.",0,World,True,34897623.495,,0.0
2022,2937,2937,"Hormones, prostaglandins, thromboxanes and leukotrienes, natural or reproduced by synthesis; derivatives and structural analogues thereof, including chain modified polypeptides, used primarily as hormones.",124,Canada,False,116.527,0.141,0.141
2022,2937,2937,"Hormones, prostaglandins, thromboxanes and leukotrienes, natural or reproduced by synthesis; derivatives and structural analogues thereof, including chain modified polypeptides, used primarily as hormones.",156,China,False,8943289.068,3128.847,3128.847
2022,2937,2937,"Hormones, prostaglandins, thromboxanes and leukotrienes, natural or reproduced by synthesis; derivatives and structural analogues thereof, including chain modified polypeptides, used primarily as hormones.",251,France,False,275917.501,111.288,111.288
2022,2937,2937,"Hormones, prostaglandins, thromboxanes and leukotrienes, natural or reproduced by synthesis; derivatives and structural analogues thereof, including chain modified polypeptides, used primarily as hormones.",276,Germany,False,49157.068,,0.0
2022,2937,2937,"Hormones, prostaglandins, thromboxanes and leukotrienes, natural or reproduced by synthesis; derivatives and structural analogues thereof, including chain modified polypeptides, used primarily as hormones.",380,Italy,False,3293722.016,1116.039,1116.039
2022,2937,2937,"Hormones, prostaglandins, thromboxanes and leukotrienes, natural or reproduced by synthesis; derivatives and structural analogues thereof, including chain modified polypeptides, used primarily as hormones.",410,Rep. of Korea,False,47617.434,,0.0
2022,2937,2937,"Hormones, prostaglandins, thromboxanes and leukotrienes, natural or reproduced by synthesis; derivatives and structural analogues thereof, including chain modified polypeptides, used primarily as hormones.",428,Latvia,False,107288.109,,0.0
2022,2937,2937,"Hormones, prostaglandins, thromboxanes and leukotrienes, natural or reproduced by synthesis; derivatives and structural analogues thereof, including chain modified polypeptides, used primarily as hormones.",458,Malaysia,False,500048.405,216.863,216.863
2022,2937,2937,"Hormones, prostaglandins, thromboxanes and leukotrienes, natural or reproduced by synthesis; derivatives and structural analogues thereof, including chain modified polypeptides, used primarily as hormones.",484,Mexico,False,264.703,,0.0
2022,2937,2937,"Hormones, prostaglandins, thromboxanes and leukotrienes, natural or reproduced by synthesis; derivatives and structural analogues thereof, including chain modified polypeptides, used primarily as hormones.",490,"Other Asia, nes",False,423756.751,,0.0
2022,2937,2937,"Hormones, prostaglandins, thromboxanes and leukotrienes, natural or reproduced by synthesis; derivatives and structural analogues thereof, including chain modified polypeptides, used primarily as hormones.",699,India,False,9037965.989,1806.873,1806.873
2022,2937,2937,"Hormones, prostaglandins, thromboxanes and leukotrienes, natural or reproduced by synthesis; derivatives and structural analogues thereof, including chain modified polypeptides, used primarily as hormones.",724,Spain,False,1039958.039,529.134,529.134
2022,2937,2937,"Hormones, prostaglandins, thromboxanes and leukotrienes, natural or reproduced by synthesis; derivatives and structural analogues thereof, including chain modified polypeptides, used primarily as hormones.",757,Switzerland,False,1731607.676,75.777,75.777
2022,2937,2937,"Hormones, prostaglandins, thromboxanes and leukotrienes, natural or reproduced by synthesis; derivatives and structural analogues thereof, including chain modified polypeptides, used primarily as hormones.",826,United Kingdom,False,988292.482,,0.0
2022,2937,2937,"Hormones, prostaglandins, thromboxanes and leukotrienes, natural or reproduced by synthesis; derivatives and structural analogues thereof, including chain modified polypeptides, used primarily as hormones.",842,USA,False,8458621.728,707.412,707.412
2023,2937,2937,"Hormones, prostaglandins, thromboxanes and leukotrienes, natural or reproduced by synthesis; derivatives and structural analogues thereof, including chain modified polypeptides, used primarily as hormones.",0,World,True,28167114.629,,0.0
2023,2937,2937,"Hormones, prostaglandins, thromboxanes and leukotrienes, natural or reproduced by synthesis; derivatives and structural analogues thereof, including chain modified polypeptides, used primarily as hormones.",40,Austria,False,15130.459,,0.0
2023,2937,2937,"Hormones, prostaglandins, thromboxanes and leukotrienes, natural or reproduced by synthesis; derivatives and structural analogues thereof, including chain modified polypeptides, used primarily as hormones.",156,China,False,4917703.709,2563.758,2563.758
2023,2937,2937,"Hormones, prostaglandins, thromboxanes and leukotrienes, natural or reproduced by synthesis; derivatives and structural analogues thereof, including chain modified polypeptides, used primarily as hormones.",251,France,False,114792.317,48.267,48.267
2023,2937,2937,"Hormones, prostaglandins, thromboxanes and leukotrienes, natural or reproduced by synthesis; derivatives and structural analogues thereof, including chain modified polypeptides, used primarily as hormones.",276,Germany,False,23586.017,,0.0
2023,2937,2937,"Hormones, prostaglandins, thromboxanes and leukotrienes, natural or reproduced by synthesis; derivatives and structural analogues thereof, including chain modified polypeptides, used primarily as hormones.",344,"China, Hong Kong SAR",False,261241.188,,0.0
2023,2937,2937,"Hormones, prostaglandins, thromboxanes and leukotrienes, natural or reproduced by synthesis; derivatives and structural analogues thereof, including chain modified polypeptides, used primarily as hormones.",348,Hungary,False,22791.172,,0.0
2023,2937,2937,"Hormones, prostaglandins, thromboxanes and leukotrienes, natural or reproduced by synthesis; derivatives and structural analogues thereof, including chain modified polypeptides, used primarily as hormones.",380,Italy,False,1867331.438,1073.92,1073.92
2023,2937,2937,"Hormones, prostaglandins, thromboxanes and leukotrienes, natural or reproduced by synthesis; derivatives and structural analogues thereof, including chain modified polypeptides, used primarily as hormones.",458,Malaysia,False,309401.568,125.096,125.096
2023,2937,2937,"Hormones, prostaglandins, thromboxanes and leukotrienes, natural or reproduced by synthesis; derivatives and structural analogues thereof, including chain modified polypeptides, used primarily as hormones.",490,"Other Asia, nes",False,108963.877,,0.0
2023,2937,2937,"Hormones, prostaglandins, thromboxanes and leukotrienes, natural or reproduced by synthesis; derivatives and structural analogues thereof, including chain modified polypeptides, used primarily as hormones.",568,"Other Europe, nes",False,22602.477,,0.0
2023,2937,2937,"Hormones, prostaglandins, thromboxanes and leukotrienes, natural or reproduced by synthesis; derivatives and structural analogues thereof, including chain modified polypeptides, used primarily as hormones.",616,Poland,False,449738.844,,0.0
2023,2937,2937,"Hormones, prostaglandins, thromboxanes and leukotrienes, natural or reproduced by synthesis; derivatives and structural analogues thereof, including chain modified polypeptides, used primarily as hormones.",699,India,False,8857442.821,2764.24,2764.24
2023,2937,2937,"Hormones, prostaglandins, thromboxanes and leukotrienes, natural or reproduced by synthesis; derivatives and structural analogues thereof, including chain modified polypeptides, used primarily as hormones.",724,Spain,False,169453.832,153.678,153.678
2023,2937,2937,"Hormones, prostaglandins, thromboxanes and leukotrienes, natural or reproduced by synthesis; derivatives and structural analogues thereof, including chain modified polypeptides, used primarily as hormones.",757,Switzerland,False,101847.023,,0.0
2023,2937,2937,"Hormones, prostaglandins, thromboxanes and leukotrienes, natural or reproduced by synthesis; derivatives and structural analogues thereof, including chain modified polypeptides, used primarily as hormones.",784,United Arab Emirates,False,185.338,,0.0
2023,2937,2937,"Hormones, prostaglandins, thromboxanes and leukotrienes, natural or reproduced by synthesis; derivatives and structural analogues thereof, including chain modified polypeptides, used primarily as hormones.",826,United Kingdom,False,445352.233,82.089,82.089
2023,2937,2937,"Hormones, prostaglandins, thromboxanes and leukotrienes, natural or reproduced by synthesis; derivatives and structural analogues thereof, including chain modified polypeptides, used primarily as hormones.",842,USA,False,10479550.316,291.302,291.302
2024,2937,2937,"Hormones, prostaglandins, thromboxanes and leukotrienes, natural or reproduced by synthesis; derivatives and structural analogues thereof, including chain modified polypeptides, used primarily as hormones.",0,World,True,36098229.244,,0.0
2024,2937,2937,"Hormones, prostaglandins, thromboxanes and leukotrienes, natural or reproduced by synthesis; derivatives and structural analogues thereof, including chain modified polypeptides, used primarily as hormones.",124,Canada,False,2158.196,,0.0
2024,2937,2937,"Hormones, prostaglandins, thromboxanes and leukotrienes, natural or reproduced by synthesis; derivatives and structural analogues thereof, including chain modified polypeptides, used primarily as hormones.",156,China,False,8232168.835,4109.453,4109.453
2024,2937,2937,"Hormones, prostaglandins, thromboxanes and leukotrienes, natural or reproduced by synthesis; derivatives and structural analogues thereof, including chain modified polypeptides, used primarily as hormones.",208,Denmark,False,530.624,,0.0
2024,2937,2937,"Hormones, prostaglandins, thromboxanes and leukotrienes, natural or reproduced by synthesis; derivatives and structural analogues thereof, including chain modified polypeptides, used primarily as hormones.",251,France,False,181035.302,,0.0
2024,2937,2937,"Hormones, prostaglandins, thromboxanes and leukotrienes, natural or reproduced by synthesis; derivatives and structural analogues thereof, including chain modified polypeptides, used primarily as hormones.",276,Germany,False,320019.719,,0.0
2024,2937,2937,"Hormones, prostaglandins, thromboxanes and leukotrienes, natural or reproduced by synthesis; derivatives and structural analogues thereof, including chain modified polypeptides, used primarily as hormones.",348,Hungary,False,41288.231,,0.0
2024,2937,2937,"Hormones, prostaglandins, thromboxanes and leukotrienes, natural or reproduced by synthesis; derivatives and structural analogues thereof, including chain modified polypeptides, used primarily as hormones.",380,Italy,False,1766729.274,778.479,778.479
2024,2937,2937,"Hormones, prostaglandins, thromboxanes and leukotrienes, natural or reproduced by synthesis; derivatives and structural analogues thereof, including chain modified polypeptides, used primarily as hormones.",428,Latvia,False,103362.388,,0.0
2024,2937,2937,"Hormones, prostaglandins, thromboxanes and leukotrienes, natural or reproduced by synthesis; derivatives and structural analogues thereof, including chain modified polypeptides, used primarily as hormones.",458,Malaysia,False,1941909.473,,0.0
2024,2937,2937,"Hormones, prostaglandins, thromboxanes and leukotrienes, natural or reproduced by synthesis; derivatives and structural analogues thereof, including chain modified polypeptides, used primarily as hormones.",490,"Other Asia, nes",False,290300.74,102.604,102.604
2024,2937,2937,"Hormones, prostaglandins, thromboxanes and leukotrienes, natural or reproduced by synthesis; derivatives and structural analogues thereof, including chain modified polypeptides, used primarily as hormones.",568,"Other Europe, nes",False,25953.986,,0.0
2024,2937,2937,"Hormones, prostaglandins, thromboxanes and leukotrienes, natural or reproduced by synthesis; derivatives and structural analogues thereof, including chain modified polypeptides, used primarily as hormones.",699,India,False,14348009.448,4692.897,4692.897
2024,2937,2937,"Hormones, prostaglandins, thromboxanes and leukotrienes, natural or reproduced by synthesis; derivatives and structural analogues thereof, including chain modified polypeptides, used primarily as hormones.",702,Singapore,False,315.464,,0.0
2024,2937,2937,"Hormones, prostaglandins, thromboxanes and leukotrienes, natural or reproduced by synthesis; derivatives and structural analogues thereof, including chain modified polypeptides, used primarily as hormones.",724,Spain,False,584423.47,353.427,353.427
2024,2937,2937,"Hormones, prostaglandins, thromboxanes and leukotrienes, natural or reproduced by synthesis; derivatives and structural analogues thereof, including chain modified polypeptides, used primarily as hormones.",757,Switzerland,False,42706.207,23.875,23.875
2024,2937,2937,"Hormones, prostaglandins, thromboxanes and leukotrienes, natural or reproduced by synthesis; derivatives and structural analogues thereof, including chain modified polypeptides, used primarily as hormones.",826,United Kingdom,False,226289.134,,0.0
2024,2937,2937,"Hormones, prostaglandins, thromboxanes and leukotrienes, natural or reproduced by synthesis; derivatives and structural analogues thereof, including chain modified polypeptides, used primarily as hormones.",842,USA,False,7991028.754,,0.0
2025,2937,2937,"Hormones, prostaglandins, thromboxanes and leukotrienes, natural or reproduced by synthesis; derivatives and structural analogues thereof, including chain modified polypeptides, used primarily as hormones.",0,World,True,50370428.011,,0.0
2025,2937,2937,"Hormones, prostaglandins, thromboxanes and leukotrienes, natural or reproduced by synthesis; derivatives and structural analogues thereof, including chain modified polypeptides, used primarily as hormones.",410,Rep. of Korea,False,81163.837,,0.0
2025,2937,2937,"Hormones, prostaglandins, thromboxanes and leukotrienes, natural or reproduced by synthesis; derivatives and structural analogues thereof, including chain modified polypeptides, used primarily as hormones.",699,India,False,20766019.342,3654.655,3654.655
2025,2937,2937,"Hormones, prostaglandins, thromboxanes and leukotrienes, natural or reproduced by synthesis; derivatives and structural analogues thereof, including chain modified polypeptides, used primarily as hormones.",842,USA,False,7760585.124,954.445,954.445
2025,2937,2937,"Hormones, prostaglandins, thromboxanes and leukotrienes, natural or reproduced by synthesis; derivatives and structural analogues thereof, including chain modified polypeptides, used primarily as hormones.",156,China,False,7630665.656,3592.649,3592.649
2025,2937,2937,"Hormones, prostaglandins, thromboxanes and leukotrienes, natural or reproduced by synthesis; derivatives and structural analogues thereof, including chain modified polypeptides, used primarily as hormones.",208,Denmark,False,1761815.215,37.054,37.054
2025,2937,2937,"Hormones, prostaglandins, thromboxanes and leukotrienes, natural or reproduced by synthesis; derivatives and structural analogues thereof, including chain modified polypeptides, used primarily as hormones.",757,Switzerland,False,78412.978,,0.0
2025,2937,2937,"Hormones, prostaglandins, thromboxanes and leukotrienes, natural or reproduced by synthesis; derivatives and structural analogues thereof, including chain modified polypeptides, used primarily as hormones.",124,Canada,False,167.473,,0.0
2025,2937,2937,"Hormones, prostaglandins, thromboxanes and leukotrienes, natural or reproduced by synthesis; derivatives and structural analogues thereof, including chain modified polypeptides, used primarily as hormones.",400,Jordan,False,3596.563,,0.0
2025,2937,2937,"Hormones, prostaglandins, thromboxanes and leukotrienes, natural or reproduced by synthesis; derivatives and structural analogues thereof, including chain modified polypeptides, used primarily as hormones.",724,Spain,False,1010927.993,336.808,336.808
2025,2937,2937,"Hormones, prostaglandins, thromboxanes and leukotrienes, natural or reproduced by synthesis; derivatives and structural analogues thereof, including chain modified polypeptides, used primarily as hormones.",490,"Other Asia, nes",False,123103.177,,0.0
2025,2937,2937,"Hormones, prostaglandins, thromboxanes and leukotrienes, natural or reproduced by synthesis; derivatives and structural analogues thereof, including chain modified polypeptides, used primarily as hormones.",826,United Kingdom,False,3748.008,,0.0
2025,2937,2937,"Hormones, prostaglandins, thromboxanes and leukotrienes, natural or reproduced by synthesis; derivatives and structural analogues thereof, including chain modified polypeptides, used primarily as hormones.",428,Latvia,False,28377.758,,0.0
2025,2937,2937,"Hormones, prostaglandins, thromboxanes and leukotrienes, natural or reproduced by synthesis; derivatives and structural analogues thereof, including chain modified polypeptides, used primarily as hormones.",251,France,False,555625.205,,0.0
2025,2937,2937,"Hormones, prostaglandins, thromboxanes and leukotrienes, natural or reproduced by synthesis; derivatives and structural analogues thereof, including chain modified polypeptides, used primarily as hormones.",528,Netherlands,False,27935.514,,0.0
2025,2937,2937,"Hormones, prostaglandins, thromboxanes and leukotrienes, natural or reproduced by synthesis; derivatives and structural analogues thereof, including chain modified polypeptides, used primarily as hormones.",458,Malaysia,False,7781776.973,464.843,464.843
2025,2937,2937,"Hormones, prostaglandins, thromboxanes and leukotrienes, natural or reproduced by synthesis; derivatives and structural analogues thereof, including chain modified polypeptides, used primarily as hormones.",276,Germany,False,21428.954,,0.0
2025,2937,2937,"Hormones, prostaglandins, thromboxanes and leukotrienes, natural or reproduced by synthesis; derivatives and structural analogues thereof, including chain modified polypeptides, used primarily as hormones.",380,Italy,False,2735078.239,877.7,877.7
2015,2938,2938,"Glycosides, natural or reproduced by synthesis, and their salts, ethers, esters and other derivatives",0,World,True,9293037.433,0.0,0.0
2015,2938,2938,"Glycosides, natural or reproduced by synthesis, and their salts, ethers, esters and other derivatives",156,China,False,1042398.777,11458.399,11458.399
2015,2938,2938,"Glycosides, natural or reproduced by synthesis, and their salts, ethers, esters and other derivatives",251,France,False,5855814.425,92454.688,92454.688
2015,2938,2938,"Glycosides, natural or reproduced by synthesis, and their salts, ethers, esters and other derivatives",276,Germany,False,470766.35,6132.27,6132.27
2015,2938,2938,"Glycosides, natural or reproduced by synthesis, and their salts, ethers, esters and other derivatives",380,Italy,False,3415.57,0.0,0.0
2015,2938,2938,"Glycosides, natural or reproduced by synthesis, and their salts, ethers, esters and other derivatives",458,Malaysia,False,276525.572,0.0,0.0
2015,2938,2938,"Glycosides, natural or reproduced by synthesis, and their salts, ethers, esters and other derivatives",504,Morocco,False,78942.522,1259.44,1259.44
2015,2938,2938,"Glycosides, natural or reproduced by synthesis, and their salts, ethers, esters and other derivatives",616,Poland,False,126299.026,0.0,0.0
2015,2938,2938,"Glycosides, natural or reproduced by synthesis, and their salts, ethers, esters and other derivatives",699,India,False,536911.159,5794.489,5794.489
2015,2938,2938,"Glycosides, natural or reproduced by synthesis, and their salts, ethers, esters and other derivatives",724,Spain,False,330093.005,5243.535,5243.535
2015,2938,2938,"Glycosides, natural or reproduced by synthesis, and their salts, ethers, esters and other derivatives",757,Switzerland,False,549314.154,8763.696,8763.696
2015,2938,2938,"Glycosides, natural or reproduced by synthesis, and their salts, ethers, esters and other derivatives",826,United Kingdom,False,22556.872,0.0,0.0
2016,2938,2938,"Glycosides, natural or reproduced by synthesis, and their salts, ethers, esters and other derivatives",0,World,True,9426256.399,0.0,0.0
2016,2938,2938,"Glycosides, natural or reproduced by synthesis, and their salts, ethers, esters and other derivatives",156,China,False,1391100.549,13010.361,13010.361
2016,2938,2938,"Glycosides, natural or reproduced by synthesis, and their salts, ethers, esters and other derivatives",251,France,False,7380490.97,117150.65,117150.65
2016,2938,2938,"Glycosides, natural or reproduced by synthesis, and their salts, ethers, esters and other derivatives",276,Germany,False,123489.09,1869.771,1869.771
2016,2938,2938,"Glycosides, natural or reproduced by synthesis, and their salts, ethers, esters and other derivatives",380,Italy,False,55990.345,888.736,888.736
2016,2938,2938,"Glycosides, natural or reproduced by synthesis, and their salts, ethers, esters and other derivatives",458,Malaysia,False,77858.355,0.0,0.0
2016,2938,2938,"Glycosides, natural or reproduced by synthesis, and their salts, ethers, esters and other derivatives",699,India,False,299001.343,0.0,0.0
2016,2938,2938,"Glycosides, natural or reproduced by synthesis, and their salts, ethers, esters and other derivatives",724,Spain,False,86328.575,1370.295,1370.295
2016,2938,2938,"Glycosides, natural or reproduced by synthesis, and their salts, ethers, esters and other derivatives",792,Türkiye,False,6353.208,0.0,0.0
2016,2938,2938,"Glycosides, natural or reproduced by synthesis, and their salts, ethers, esters and other derivatives",842,USA,False,5643.963,80.491,80.491
2017,2938,2938,"Glycosides, natural or reproduced by synthesis, and their salts, ethers, esters and other derivatives",0,World,True,9579230.116,150668.061,150668.061
2017,2938,2938,"Glycosides, natural or reproduced by synthesis, and their salts, ethers, esters and other derivatives",156,China,False,334440.805,4167.072,4167.072
2017,2938,2938,"Glycosides, natural or reproduced by synthesis, and their salts, ethers, esters and other derivatives",251,France,False,7839033.015,126287.602,126287.602
2017,2938,2938,"Glycosides, natural or reproduced by synthesis, and their salts, ethers, esters and other derivatives",276,Germany,False,496755.628,8037.467,8037.467
2017,2938,2938,"Glycosides, natural or reproduced by synthesis, and their salts, ethers, esters and other derivatives",372,Ireland,False,61661.277,528.609,528.609
2017,2938,2938,"Glycosides, natural or reproduced by synthesis, and their salts, ethers, esters and other derivatives",458,Malaysia,False,11557.685,99.082,99.082
2017,2938,2938,"Glycosides, natural or reproduced by synthesis, and their salts, ethers, esters and other derivatives",616,Poland,False,18814.375,161.292,161.292
2017,2938,2938,"Glycosides, natural or reproduced by synthesis, and their salts, ethers, esters and other derivatives",699,India,False,304552.193,3124.724,3124.724
2017,2938,2938,"Glycosides, natural or reproduced by synthesis, and their salts, ethers, esters and other derivatives",724,Spain,False,512415.138,8262.214,8262.214
2018,2938,2938,"Glycosides, natural or reproduced by synthesis, and their salts, ethers, esters and other derivatives",0,World,True,9156194.082,149209.641,149209.641
2018,2938,2938,"Glycosides, natural or reproduced by synthesis, and their salts, ethers, esters and other derivatives",156,China,False,1030865.827,13587.23,13587.23
2018,2938,2938,"Glycosides, natural or reproduced by synthesis, and their salts, ethers, esters and other derivatives",251,France,False,6705949.809,118069.357,118069.357
2018,2938,2938,"Glycosides, natural or reproduced by synthesis, and their salts, ethers, esters and other derivatives",276,Germany,False,648104.687,6766.241,6766.241
2018,2938,2938,"Glycosides, natural or reproduced by synthesis, and their salts, ethers, esters and other derivatives",458,Malaysia,False,107732.439,922.869,922.869
2018,2938,2938,"Glycosides, natural or reproduced by synthesis, and their salts, ethers, esters and other derivatives",616,Poland,False,140172.645,1200.761,1200.761
2018,2938,2938,"Glycosides, natural or reproduced by synthesis, and their salts, ethers, esters and other derivatives",699,India,False,67557.355,1189.459,1189.459
2018,2938,2938,"Glycosides, natural or reproduced by synthesis, and their salts, ethers, esters and other derivatives",702,Singapore,False,313.858,2.689,2.689
2018,2938,2938,"Glycosides, natural or reproduced by synthesis, and their salts, ethers, esters and other derivatives",724,Spain,False,418617.168,7155.108,7155.108
2018,2938,2938,"Glycosides, natural or reproduced by synthesis, and their salts, ethers, esters and other derivatives",826,United Kingdom,False,36880.293,315.928,315.928
2019,2938,2938,"Glycosides, natural or reproduced by synthesis, and their salts, ethers, esters and other derivatives",0,World,True,11650146.234,164911.269,164911.269
2019,2938,2938,"Glycosides, natural or reproduced by synthesis, and their salts, ethers, esters and other derivatives",156,China,False,1372834.526,16140.214,16140.214
2019,2938,2938,"Glycosides, natural or reproduced by synthesis, and their salts, ethers, esters and other derivatives",251,France,False,5705164.22,99280.783,99280.783
2019,2938,2938,"Glycosides, natural or reproduced by synthesis, and their salts, ethers, esters and other derivatives",276,Germany,False,3733309.401,39276.782,39276.782
2019,2938,2938,"Glycosides, natural or reproduced by synthesis, and their salts, ethers, esters and other derivatives",458,Malaysia,False,121303.762,1276.192,1276.192
2019,2938,2938,"Glycosides, natural or reproduced by synthesis, and their salts, ethers, esters and other derivatives",616,Poland,False,68153.109,717.014,717.014
2019,2938,2938,"Glycosides, natural or reproduced by synthesis, and their salts, ethers, esters and other derivatives",699,India,False,442839.863,4771.081,4771.081
2019,2938,2938,"Glycosides, natural or reproduced by synthesis, and their salts, ethers, esters and other derivatives",724,Spain,False,185467.812,3227.495,3227.495
2019,2938,2938,"Glycosides, natural or reproduced by synthesis, and their salts, ethers, esters and other derivatives",795,Turkmenistan,False,21073.541,221.707,221.707
2020,2938,2938,"Glycosides, natural or reproduced by synthesis, and their salts, ethers, esters and other derivatives",0,World,True,10640538.475,,0.0
2020,2938,2938,"Glycosides, natural or reproduced by synthesis, and their salts, ethers, esters and other derivatives",156,China,False,1579184.045,22014.405,22014.405
2020,2938,2938,"Glycosides, natural or reproduced by synthesis, and their salts, ethers, esters and other derivatives",251,France,False,7716853.798,,0.0
2020,2938,2938,"Glycosides, natural or reproduced by synthesis, and their salts, ethers, esters and other derivatives",458,Malaysia,False,120566.677,1505.31,1505.31
2020,2938,2938,"Glycosides, natural or reproduced by synthesis, and their salts, ethers, esters and other derivatives",504,Morocco,False,170009.313,2122.616,2122.616
2020,2938,2938,"Glycosides, natural or reproduced by synthesis, and their salts, ethers, esters and other derivatives",616,Poland,False,50689.227,632.87,632.87
2020,2938,2938,"Glycosides, natural or reproduced by synthesis, and their salts, ethers, esters and other derivatives",682,Saudi Arabia,False,22848.994,285.276,285.276
2020,2938,2938,"Glycosides, natural or reproduced by synthesis, and their salts, ethers, esters and other derivatives",699,India,False,79762.659,995.86,995.86
2020,2938,2938,"Glycosides, natural or reproduced by synthesis, and their salts, ethers, esters and other derivatives",724,Spain,False,869440.219,12255.619,12255.619
2020,2938,2938,"Glycosides, natural or reproduced by synthesis, and their salts, ethers, esters and other derivatives",757,Switzerland,False,5416.716,67.629,67.629
2020,2938,2938,"Glycosides, natural or reproduced by synthesis, and their salts, ethers, esters and other derivatives",826,United Kingdom,False,12.913,0.161,0.161
2020,2938,2938,"Glycosides, natural or reproduced by synthesis, and their salts, ethers, esters and other derivatives",842,USA,False,25753.916,321.545,321.545
2021,2938,2938,"Glycosides, natural or reproduced by synthesis, and their salts, ethers, esters and other derivatives",0,World,True,12550499.245,,0.0
2021,2938,2938,"Glycosides, natural or reproduced by synthesis, and their salts, ethers, esters and other derivatives",156,China,False,1983550.246,25439.355,25439.355
2021,2938,2938,"Glycosides, natural or reproduced by synthesis, and their salts, ethers, esters and other derivatives",251,France,False,6247700.803,,0.0
2021,2938,2938,"Glycosides, natural or reproduced by synthesis, and their salts, ethers, esters and other derivatives",372,Ireland,False,282463.371,3476.8,3476.8
2021,2938,2938,"Glycosides, natural or reproduced by synthesis, and their salts, ethers, esters and other derivatives",392,Japan,False,1307.784,16.097,16.097
2021,2938,2938,"Glycosides, natural or reproduced by synthesis, and their salts, ethers, esters and other derivatives",458,Malaysia,False,29633.369,364.753,364.753
2021,2938,2938,"Glycosides, natural or reproduced by synthesis, and their salts, ethers, esters and other derivatives",504,Morocco,False,458581.359,6328.541,6328.541
2021,2938,2938,"Glycosides, natural or reproduced by synthesis, and their salts, ethers, esters and other derivatives",616,Poland,False,59530.547,732.753,732.753
2021,2938,2938,"Glycosides, natural or reproduced by synthesis, and their salts, ethers, esters and other derivatives",699,India,False,527261.465,6622.176,6622.176
2021,2938,2938,"Glycosides, natural or reproduced by synthesis, and their salts, ethers, esters and other derivatives",724,Spain,False,2942443.469,39002.931,39002.931
2021,2938,2938,"Glycosides, natural or reproduced by synthesis, and their salts, ethers, esters and other derivatives",826,United Kingdom,False,18026.832,221.89,221.89
2022,2938,2938,"Glycosides, natural or reproduced by synthesis, and their salts, ethers, esters and other derivatives",0,World,True,17153934.106,,0.0
2022,2938,2938,"Glycosides, natural or reproduced by synthesis, and their salts, ethers, esters and other derivatives",156,China,False,2028261.064,27983.942,27983.942
2022,2938,2938,"Glycosides, natural or reproduced by synthesis, and their salts, ethers, esters and other derivatives",251,France,False,11126425.096,160203.468,160203.468
2022,2938,2938,"Glycosides, natural or reproduced by synthesis, and their salts, ethers, esters and other derivatives",392,Japan,False,3458.342,,0.0
2022,2938,2938,"Glycosides, natural or reproduced by synthesis, and their salts, ethers, esters and other derivatives",458,Malaysia,False,47663.742,,0.0
2022,2938,2938,"Glycosides, natural or reproduced by synthesis, and their salts, ethers, esters and other derivatives",616,Poland,False,102515.75,,0.0
2022,2938,2938,"Glycosides, natural or reproduced by synthesis, and their salts, ethers, esters and other derivatives",699,India,False,525626.828,6705.471,6705.471
2022,2938,2938,"Glycosides, natural or reproduced by synthesis, and their salts, ethers, esters and other derivatives",724,Spain,False,3319668.223,42982.445,42982.445
2022,2938,2938,"Glycosides, natural or reproduced by synthesis, and their salts, ethers, esters and other derivatives",842,USA,False,315.062,,0.0
2023,2938,2938,"Glycosides, natural or reproduced by synthesis, and their salts, ethers, esters and other derivatives",0,World,True,9680355.794,,0.0
2023,2938,2938,"Glycosides, natural or reproduced by synthesis, and their salts, ethers, esters and other derivatives",124,Canada,False,494.7,,0.0
2023,2938,2938,"Glycosides, natural or reproduced by synthesis, and their salts, ethers, esters and other derivatives",156,China,False,1387239.377,20132.943,20132.943
2023,2938,2938,"Glycosides, natural or reproduced by synthesis, and their salts, ethers, esters and other derivatives",208,Denmark,False,7480.949,,0.0
2023,2938,2938,"Glycosides, natural or reproduced by synthesis, and their salts, ethers, esters and other derivatives",251,France,False,7143412.325,108526.706,108526.706
2023,2938,2938,"Glycosides, natural or reproduced by synthesis, and their salts, ethers, esters and other derivatives",458,Malaysia,False,1783.026,,0.0
2023,2938,2938,"Glycosides, natural or reproduced by synthesis, and their salts, ethers, esters and other derivatives",528,Netherlands,False,18.14,,0.0
2023,2938,2938,"Glycosides, natural or reproduced by synthesis, and their salts, ethers, esters and other derivatives",616,Poland,False,3487.734,,0.0
2023,2938,2938,"Glycosides, natural or reproduced by synthesis, and their salts, ethers, esters and other derivatives",699,India,False,138833.928,1952.37,1952.37
2023,2938,2938,"Glycosides, natural or reproduced by synthesis, and their salts, ethers, esters and other derivatives",724,Spain,False,924149.727,11251.455,11251.455
2023,2938,2938,"Glycosides, natural or reproduced by synthesis, and their salts, ethers, esters and other derivatives",757,Switzerland,False,66249.488,,0.0
2023,2938,2938,"Glycosides, natural or reproduced by synthesis, and their salts, ethers, esters and other derivatives",826,United Kingdom,False,7206.398,,0.0
2024,2938,2938,"Glycosides, natural or reproduced by synthesis, and their salts, ethers, esters and other derivatives",0,World,True,5875973.014,,0.0
2024,2938,2938,"Glycosides, natural or reproduced by synthesis, and their salts, ethers, esters and other derivatives",156,China,False,2369176.345,36802.53,36802.53
2024,2938,2938,"Glycosides, natural or reproduced by synthesis, and their salts, ethers, esters and other derivatives",251,France,False,2054298.802,31351.497,31351.497
2024,2938,2938,"Glycosides, natural or reproduced by synthesis, and their salts, ethers, esters and other derivatives",276,Germany,False,953.415,,0.0
2024,2938,2938,"Glycosides, natural or reproduced by synthesis, and their salts, ethers, esters and other derivatives",458,Malaysia,False,533586.665,,0.0
2024,2938,2938,"Glycosides, natural or reproduced by synthesis, and their salts, ethers, esters and other derivatives",616,Poland,False,82924.389,,0.0
2024,2938,2938,"Glycosides, natural or reproduced by synthesis, and their salts, ethers, esters and other derivatives",699,India,False,103128.789,1877.164,1877.164
2024,2938,2938,"Glycosides, natural or reproduced by synthesis, and their salts, ethers, esters and other derivatives",724,Spain,False,731423.6,,0.0
2024,2938,2938,"Glycosides, natural or reproduced by synthesis, and their salts, ethers, esters and other derivatives",842,USA,False,481.01,,0.0
2025,2938,2938,"Glycosides, natural or reproduced by synthesis, and their salts, ethers, esters and other derivatives",0,World,True,9185018.212,163927.66,163927.66
2025,2938,2938,"Glycosides, natural or reproduced by synthesis, and their salts, ethers, esters and other derivatives",699,India,False,111669.048,1741.444,1741.444
2025,2938,2938,"Glycosides, natural or reproduced by synthesis, and their salts, ethers, esters and other derivatives",156,China,False,2482422.76,42070.443,42070.443
2025,2938,2938,"Glycosides, natural or reproduced by synthesis, and their salts, ethers, esters and other derivatives",757,Switzerland,False,82005.169,1278.845,1278.845
2025,2938,2938,"Glycosides, natural or reproduced by synthesis, and their salts, ethers, esters and other derivatives",724,Spain,False,540191.067,10725.694,10725.694
2025,2938,2938,"Glycosides, natural or reproduced by synthesis, and their salts, ethers, esters and other derivatives",616,Poland,False,58063.858,905.488,905.488
2025,2938,2938,"Glycosides, natural or reproduced by synthesis, and their salts, ethers, esters and other derivatives",251,France,False,5552830.505,101625.41,101625.41
2025,2938,2938,"Glycosides, natural or reproduced by synthesis, and their salts, ethers, esters and other derivatives",376,Israel,False,7625.161,118.912,118.912
2025,2938,2938,"Glycosides, natural or reproduced by synthesis, and their salts, ethers, esters and other derivatives",458,Malaysia,False,350210.645,5461.425,5461.425
2015,2939,2939,"Alkaloids, vegetable; natural or reproduced by synthesis, and their salts, ethers, esters and other derivatives",0,World,True,18166406.489,0.0,0.0
2015,2939,2939,"Alkaloids, vegetable; natural or reproduced by synthesis, and their salts, ethers, esters and other derivatives",36,Australia,False,968875.908,200.727,200.727
2015,2939,2939,"Alkaloids, vegetable; natural or reproduced by synthesis, and their salts, ethers, esters and other derivatives",76,Brazil,False,20851.658,5.854,5.854
2015,2939,2939,"Alkaloids, vegetable; natural or reproduced by synthesis, and their salts, ethers, esters and other derivatives",156,China,False,1925099.746,83296.586,83296.586
2015,2939,2939,"Alkaloids, vegetable; natural or reproduced by synthesis, and their salts, ethers, esters and other derivatives",203,Czechia,False,91189.367,16.903,16.903
2015,2939,2939,"Alkaloids, vegetable; natural or reproduced by synthesis, and their salts, ethers, esters and other derivatives",251,France,False,541148.525,5962.481,5962.481
2015,2939,2939,"Alkaloids, vegetable; natural or reproduced by synthesis, and their salts, ethers, esters and other derivatives",276,Germany,False,4284544.177,186363.833,186363.833
2015,2939,2939,"Alkaloids, vegetable; natural or reproduced by synthesis, and their salts, ethers, esters and other derivatives",380,Italy,False,477580.108,1957.548,1957.548
2015,2939,2939,"Alkaloids, vegetable; natural or reproduced by synthesis, and their salts, ethers, esters and other derivatives",410,Rep. of Korea,False,57900.079,470.704,470.704
2015,2939,2939,"Alkaloids, vegetable; natural or reproduced by synthesis, and their salts, ethers, esters and other derivatives",490,"Other Asia, nes",False,70324.425,1311.932,1311.932
2015,2939,2939,"Alkaloids, vegetable; natural or reproduced by synthesis, and their salts, ethers, esters and other derivatives",699,India,False,5685258.72,119963.19,119963.19
2015,2939,2939,"Alkaloids, vegetable; natural or reproduced by synthesis, and their salts, ethers, esters and other derivatives",724,Spain,False,17399.933,0.0,0.0
2015,2939,2939,"Alkaloids, vegetable; natural or reproduced by synthesis, and their salts, ethers, esters and other derivatives",757,Switzerland,False,3814350.141,8075.69,8075.69
2015,2939,2939,"Alkaloids, vegetable; natural or reproduced by synthesis, and their salts, ethers, esters and other derivatives",826,United Kingdom,False,37838.236,1166.341,1166.341
2015,2939,2939,"Alkaloids, vegetable; natural or reproduced by synthesis, and their salts, ethers, esters and other derivatives",842,USA,False,174045.466,5454.671,5454.671
2016,2939,2939,"Alkaloids, vegetable; natural or reproduced by synthesis, and their salts, ethers, esters and other derivatives",0,World,True,23143352.589,0.0,0.0
2016,2939,2939,"Alkaloids, vegetable; natural or reproduced by synthesis, and their salts, ethers, esters and other derivatives",36,Australia,False,747107.545,218.326,218.326
2016,2939,2939,"Alkaloids, vegetable; natural or reproduced by synthesis, and their salts, ethers, esters and other derivatives",156,China,False,1000788.117,29921.978,29921.978
2016,2939,2939,"Alkaloids, vegetable; natural or reproduced by synthesis, and their salts, ethers, esters and other derivatives",203,Czechia,False,35437.048,0.0,0.0
2016,2939,2939,"Alkaloids, vegetable; natural or reproduced by synthesis, and their salts, ethers, esters and other derivatives",251,France,False,297059.844,192.383,192.383
2016,2939,2939,"Alkaloids, vegetable; natural or reproduced by synthesis, and their salts, ethers, esters and other derivatives",276,Germany,False,9936695.468,231222.78,231222.78
2016,2939,2939,"Alkaloids, vegetable; natural or reproduced by synthesis, and their salts, ethers, esters and other derivatives",380,Italy,False,405347.132,7091.914,7091.914
2016,2939,2939,"Alkaloids, vegetable; natural or reproduced by synthesis, and their salts, ethers, esters and other derivatives",490,"Other Asia, nes",False,128416.767,2273.672,2273.672
2016,2939,2939,"Alkaloids, vegetable; natural or reproduced by synthesis, and their salts, ethers, esters and other derivatives",699,India,False,7521800.512,145693.231,145693.231
2016,2939,2939,"Alkaloids, vegetable; natural or reproduced by synthesis, and their salts, ethers, esters and other derivatives",705,Slovenia,False,78.749,0.0,0.0
2016,2939,2939,"Alkaloids, vegetable; natural or reproduced by synthesis, and their salts, ethers, esters and other derivatives",724,Spain,False,357646.613,104.515,104.515
2016,2939,2939,"Alkaloids, vegetable; natural or reproduced by synthesis, and their salts, ethers, esters and other derivatives",757,Switzerland,False,2149544.927,2284.328,2284.328
2016,2939,2939,"Alkaloids, vegetable; natural or reproduced by synthesis, and their salts, ethers, esters and other derivatives",826,United Kingdom,False,178787.785,52.247,52.247
2016,2939,2939,"Alkaloids, vegetable; natural or reproduced by synthesis, and their salts, ethers, esters and other derivatives",842,USA,False,384642.082,5228.434,5228.434
2017,2939,2939,"Alkaloids, vegetable; natural or reproduced by synthesis, and their salts, ethers, esters and other derivatives",0,World,True,17357786.044,0.0,0.0
2017,2939,2939,"Alkaloids, vegetable; natural or reproduced by synthesis, and their salts, ethers, esters and other derivatives",76,Brazil,False,19591.451,0.0,0.0
2017,2939,2939,"Alkaloids, vegetable; natural or reproduced by synthesis, and their salts, ethers, esters and other derivatives",156,China,False,1681322.977,96589.556,96589.556
2017,2939,2939,"Alkaloids, vegetable; natural or reproduced by synthesis, and their salts, ethers, esters and other derivatives",203,Czechia,False,438638.103,1505.2,1505.2
2017,2939,2939,"Alkaloids, vegetable; natural or reproduced by synthesis, and their salts, ethers, esters and other derivatives",251,France,False,508080.563,1619.262,1619.262
2017,2939,2939,"Alkaloids, vegetable; natural or reproduced by synthesis, and their salts, ethers, esters and other derivatives",276,Germany,False,4709053.609,280916.054,280916.054
2017,2939,2939,"Alkaloids, vegetable; natural or reproduced by synthesis, and their salts, ethers, esters and other derivatives",360,Indonesia,False,24454.228,198.242,198.242
2017,2939,2939,"Alkaloids, vegetable; natural or reproduced by synthesis, and their salts, ethers, esters and other derivatives",380,Italy,False,733850.73,4864.719,4864.719
2017,2939,2939,"Alkaloids, vegetable; natural or reproduced by synthesis, and their salts, ethers, esters and other derivatives",410,Rep. of Korea,False,703486.253,12102.325,12102.325
2017,2939,2939,"Alkaloids, vegetable; natural or reproduced by synthesis, and their salts, ethers, esters and other derivatives",490,"Other Asia, nes",False,151283.981,2737.342,2737.342
2017,2939,2939,"Alkaloids, vegetable; natural or reproduced by synthesis, and their salts, ethers, esters and other derivatives",528,Netherlands,False,7876.427,0.0,0.0
2017,2939,2939,"Alkaloids, vegetable; natural or reproduced by synthesis, and their salts, ethers, esters and other derivatives",699,India,False,6760374.466,125232.665,125232.665
2017,2939,2939,"Alkaloids, vegetable; natural or reproduced by synthesis, and their salts, ethers, esters and other derivatives",724,Spain,False,493873.638,0.0,0.0
2017,2939,2939,"Alkaloids, vegetable; natural or reproduced by synthesis, and their salts, ethers, esters and other derivatives",757,Switzerland,False,479269.818,833.711,833.711
2017,2939,2939,"Alkaloids, vegetable; natural or reproduced by synthesis, and their salts, ethers, esters and other derivatives",826,United Kingdom,False,34228.838,1675.5,1675.5
2017,2939,2939,"Alkaloids, vegetable; natural or reproduced by synthesis, and their salts, ethers, esters and other derivatives",842,USA,False,612400.961,7776.978,7776.978
2018,2939,2939,"Alkaloids, vegetable; natural or reproduced by synthesis, and their salts, ethers, esters and other derivatives",0,World,True,17157908.837,,0.0
2018,2939,2939,"Alkaloids, vegetable; natural or reproduced by synthesis, and their salts, ethers, esters and other derivatives",36,Australia,False,902045.561,32501.611,32501.611
2018,2939,2939,"Alkaloids, vegetable; natural or reproduced by synthesis, and their salts, ethers, esters and other derivatives",56,Belgium,False,18252.385,,0.0
2018,2939,2939,"Alkaloids, vegetable; natural or reproduced by synthesis, and their salts, ethers, esters and other derivatives",76,Brazil,False,21608.938,,0.0
2018,2939,2939,"Alkaloids, vegetable; natural or reproduced by synthesis, and their salts, ethers, esters and other derivatives",156,China,False,3555790.541,199178.598,199178.598
2018,2939,2939,"Alkaloids, vegetable; natural or reproduced by synthesis, and their salts, ethers, esters and other derivatives",203,Czechia,False,371602.873,88.118,88.118
2018,2939,2939,"Alkaloids, vegetable; natural or reproduced by synthesis, and their salts, ethers, esters and other derivatives",251,France,False,604573.859,,0.0
2018,2939,2939,"Alkaloids, vegetable; natural or reproduced by synthesis, and their salts, ethers, esters and other derivatives",276,Germany,False,2388011.973,120876.593,120876.593
2018,2939,2939,"Alkaloids, vegetable; natural or reproduced by synthesis, and their salts, ethers, esters and other derivatives",348,Hungary,False,12275.423,,0.0
2018,2939,2939,"Alkaloids, vegetable; natural or reproduced by synthesis, and their salts, ethers, esters and other derivatives",380,Italy,False,327972.274,3943.594,3943.594
2018,2939,2939,"Alkaloids, vegetable; natural or reproduced by synthesis, and their salts, ethers, esters and other derivatives",410,Rep. of Korea,False,180601.063,11033.953,11033.953
2018,2939,2939,"Alkaloids, vegetable; natural or reproduced by synthesis, and their salts, ethers, esters and other derivatives",490,"Other Asia, nes",False,99266.75,,0.0
2018,2939,2939,"Alkaloids, vegetable; natural or reproduced by synthesis, and their salts, ethers, esters and other derivatives",616,Poland,False,28066.712,,0.0
2018,2939,2939,"Alkaloids, vegetable; natural or reproduced by synthesis, and their salts, ethers, esters and other derivatives",699,India,False,7615646.736,138059.147,138059.147
2018,2939,2939,"Alkaloids, vegetable; natural or reproduced by synthesis, and their salts, ethers, esters and other derivatives",724,Spain,False,784840.622,20409.392,20409.392
2018,2939,2939,"Alkaloids, vegetable; natural or reproduced by synthesis, and their salts, ethers, esters and other derivatives",757,Switzerland,False,17723.572,214.715,214.715
2018,2939,2939,"Alkaloids, vegetable; natural or reproduced by synthesis, and their salts, ethers, esters and other derivatives",826,United Kingdom,False,24612.01,210.74,210.74
2018,2939,2939,"Alkaloids, vegetable; natural or reproduced by synthesis, and their salts, ethers, esters and other derivatives",842,USA,False,205017.547,1751.037,1751.037
2019,2939,2939,"Alkaloids, vegetable; natural or reproduced by synthesis, and their salts, ethers, esters and other derivatives",0,World,True,16032989.205,,0.0
2019,2939,2939,"Alkaloids, vegetable; natural or reproduced by synthesis, and their salts, ethers, esters and other derivatives",36,Australia,False,128225.723,6598.957,6598.957
2019,2939,2939,"Alkaloids, vegetable; natural or reproduced by synthesis, and their salts, ethers, esters and other derivatives",76,Brazil,False,180664.059,,0.0
2019,2939,2939,"Alkaloids, vegetable; natural or reproduced by synthesis, and their salts, ethers, esters and other derivatives",100,Bulgaria,False,20518.201,,0.0
2019,2939,2939,"Alkaloids, vegetable; natural or reproduced by synthesis, and their salts, ethers, esters and other derivatives",156,China,False,4163320.011,261498.89,261498.89
2019,2939,2939,"Alkaloids, vegetable; natural or reproduced by synthesis, and their salts, ethers, esters and other derivatives",203,Czechia,False,346878.36,,0.0
2019,2939,2939,"Alkaloids, vegetable; natural or reproduced by synthesis, and their salts, ethers, esters and other derivatives",251,France,False,448446.843,,0.0
2019,2939,2939,"Alkaloids, vegetable; natural or reproduced by synthesis, and their salts, ethers, esters and other derivatives",276,Germany,False,678325.692,17460.464,17460.464
2019,2939,2939,"Alkaloids, vegetable; natural or reproduced by synthesis, and their salts, ethers, esters and other derivatives",348,Hungary,False,46164.08,,0.0
2019,2939,2939,"Alkaloids, vegetable; natural or reproduced by synthesis, and their salts, ethers, esters and other derivatives",380,Italy,False,604250.531,1762.348,1762.348
2019,2939,2939,"Alkaloids, vegetable; natural or reproduced by synthesis, and their salts, ethers, esters and other derivatives",410,Rep. of Korea,False,83552.223,288.739,288.739
2019,2939,2939,"Alkaloids, vegetable; natural or reproduced by synthesis, and their salts, ethers, esters and other derivatives",490,"Other Asia, nes",False,74194.886,,0.0
2019,2939,2939,"Alkaloids, vegetable; natural or reproduced by synthesis, and their salts, ethers, esters and other derivatives",699,India,False,8072034.306,131465.714,131465.714
2019,2939,2939,"Alkaloids, vegetable; natural or reproduced by synthesis, and their salts, ethers, esters and other derivatives",703,Slovakia,False,26848.338,,0.0
2019,2939,2939,"Alkaloids, vegetable; natural or reproduced by synthesis, and their salts, ethers, esters and other derivatives",724,Spain,False,778291.332,,0.0
2019,2939,2939,"Alkaloids, vegetable; natural or reproduced by synthesis, and their salts, ethers, esters and other derivatives",757,Switzerland,False,74373.641,,0.0
2019,2939,2939,"Alkaloids, vegetable; natural or reproduced by synthesis, and their salts, ethers, esters and other derivatives",842,USA,False,306900.98,,0.0
2020,2939,2939,"Alkaloids, vegetable; natural or reproduced by synthesis, and their salts, ethers, esters and other derivatives",0,World,True,18383119.308,,0.0
2020,2939,2939,"Alkaloids, vegetable; natural or reproduced by synthesis, and their salts, ethers, esters and other derivatives",36,Australia,False,501917.274,563.748,563.748
2020,2939,2939,"Alkaloids, vegetable; natural or reproduced by synthesis, and their salts, ethers, esters and other derivatives",156,China,False,3048031.715,146400.327,146400.327
2020,2939,2939,"Alkaloids, vegetable; natural or reproduced by synthesis, and their salts, ethers, esters and other derivatives",203,Czechia,False,460125.257,451.642,451.642
2020,2939,2939,"Alkaloids, vegetable; natural or reproduced by synthesis, and their salts, ethers, esters and other derivatives",251,France,False,557501.97,5211.853,5211.853
2020,2939,2939,"Alkaloids, vegetable; natural or reproduced by synthesis, and their salts, ethers, esters and other derivatives",276,Germany,False,2514211.383,160878.805,160878.805
2020,2939,2939,"Alkaloids, vegetable; natural or reproduced by synthesis, and their salts, ethers, esters and other derivatives",348,Hungary,False,197621.613,,0.0
2020,2939,2939,"Alkaloids, vegetable; natural or reproduced by synthesis, and their salts, ethers, esters and other derivatives",380,Italy,False,1126804.564,1760.59,1760.59
2020,2939,2939,"Alkaloids, vegetable; natural or reproduced by synthesis, and their salts, ethers, esters and other derivatives",410,Rep. of Korea,False,67226.7,,0.0
2020,2939,2939,"Alkaloids, vegetable; natural or reproduced by synthesis, and their salts, ethers, esters and other derivatives",490,"Other Asia, nes",False,154498.737,,0.0
2020,2939,2939,"Alkaloids, vegetable; natural or reproduced by synthesis, and their salts, ethers, esters and other derivatives",528,Netherlands,False,90014.461,,0.0
2020,2939,2939,"Alkaloids, vegetable; natural or reproduced by synthesis, and their salts, ethers, esters and other derivatives",616,Poland,False,31.396,0.649,0.649
2020,2939,2939,"Alkaloids, vegetable; natural or reproduced by synthesis, and their salts, ethers, esters and other derivatives",699,India,False,8468336.447,132418.578,132418.578
2020,2939,2939,"Alkaloids, vegetable; natural or reproduced by synthesis, and their salts, ethers, esters and other derivatives",724,Spain,False,789383.136,,0.0
2020,2939,2939,"Alkaloids, vegetable; natural or reproduced by synthesis, and their salts, ethers, esters and other derivatives",757,Switzerland,False,9284.395,,0.0
2020,2939,2939,"Alkaloids, vegetable; natural or reproduced by synthesis, and their salts, ethers, esters and other derivatives",842,USA,False,398130.261,493.302,493.302
2021,2939,2939,"Alkaloids, vegetable; natural or reproduced by synthesis, and their salts, ethers, esters and other derivatives",0,World,True,18141440.587,,0.0
2021,2939,2939,"Alkaloids, vegetable; natural or reproduced by synthesis, and their salts, ethers, esters and other derivatives",36,Australia,False,646245.956,1949.742,1949.742
2021,2939,2939,"Alkaloids, vegetable; natural or reproduced by synthesis, and their salts, ethers, esters and other derivatives",56,Belgium,False,4162.583,77.856,77.856
2021,2939,2939,"Alkaloids, vegetable; natural or reproduced by synthesis, and their salts, ethers, esters and other derivatives",156,China,False,2558774.208,71717.854,71717.854
2021,2939,2939,"Alkaloids, vegetable; natural or reproduced by synthesis, and their salts, ethers, esters and other derivatives",203,Czechia,False,300227.49,,0.0
2021,2939,2939,"Alkaloids, vegetable; natural or reproduced by synthesis, and their salts, ethers, esters and other derivatives",246,Finland,False,167181.844,,0.0
2021,2939,2939,"Alkaloids, vegetable; natural or reproduced by synthesis, and their salts, ethers, esters and other derivatives",251,France,False,1021247.743,7408.039,7408.039
2021,2939,2939,"Alkaloids, vegetable; natural or reproduced by synthesis, and their salts, ethers, esters and other derivatives",276,Germany,False,1038758.663,32970.793,32970.793
2021,2939,2939,"Alkaloids, vegetable; natural or reproduced by synthesis, and their salts, ethers, esters and other derivatives",348,Hungary,False,40813.978,,0.0
2021,2939,2939,"Alkaloids, vegetable; natural or reproduced by synthesis, and their salts, ethers, esters and other derivatives",360,Indonesia,False,9241.619,,0.0
2021,2939,2939,"Alkaloids, vegetable; natural or reproduced by synthesis, and their salts, ethers, esters and other derivatives",380,Italy,False,456736.285,4395.793,4395.793
2021,2939,2939,"Alkaloids, vegetable; natural or reproduced by synthesis, and their salts, ethers, esters and other derivatives",410,Rep. of Korea,False,249039.799,,0.0
2021,2939,2939,"Alkaloids, vegetable; natural or reproduced by synthesis, and their salts, ethers, esters and other derivatives",528,Netherlands,False,105016.652,,0.0
2021,2939,2939,"Alkaloids, vegetable; natural or reproduced by synthesis, and their salts, ethers, esters and other derivatives",616,Poland,False,26309.664,,0.0
2021,2939,2939,"Alkaloids, vegetable; natural or reproduced by synthesis, and their salts, ethers, esters and other derivatives",699,India,False,10095632.683,182349.628,182349.628
2021,2939,2939,"Alkaloids, vegetable; natural or reproduced by synthesis, and their salts, ethers, esters and other derivatives",703,Slovakia,False,100682.142,,0.0
2021,2939,2939,"Alkaloids, vegetable; natural or reproduced by synthesis, and their salts, ethers, esters and other derivatives",724,Spain,False,629015.137,,0.0
2021,2939,2939,"Alkaloids, vegetable; natural or reproduced by synthesis, and their salts, ethers, esters and other derivatives",757,Switzerland,False,5687.099,,0.0
2021,2939,2939,"Alkaloids, vegetable; natural or reproduced by synthesis, and their salts, ethers, esters and other derivatives",764,Thailand,False,7134.762,,0.0
2021,2939,2939,"Alkaloids, vegetable; natural or reproduced by synthesis, and their salts, ethers, esters and other derivatives",826,United Kingdom,False,3347.827,,0.0
2021,2939,2939,"Alkaloids, vegetable; natural or reproduced by synthesis, and their salts, ethers, esters and other derivatives",842,USA,False,676184.455,4796.327,4796.327
2022,2939,2939,"Alkaloids; natural or reproduced by synthesis, and their salts, ethers, esters and other derivatives",0,World,True,18938705.336,,0.0
2022,2939,2939,"Alkaloids; natural or reproduced by synthesis, and their salts, ethers, esters and other derivatives",36,Australia,False,139631.096,,0.0
2022,2939,2939,"Alkaloids; natural or reproduced by synthesis, and their salts, ethers, esters and other derivatives",156,China,False,2820957.863,85100.551,85100.551
2022,2939,2939,"Alkaloids; natural or reproduced by synthesis, and their salts, ethers, esters and other derivatives",203,Czechia,False,234946.658,63.418,63.418
2022,2939,2939,"Alkaloids; natural or reproduced by synthesis, and their salts, ethers, esters and other derivatives",246,Finland,False,66139.523,18.875,18.875
2022,2939,2939,"Alkaloids; natural or reproduced by synthesis, and their salts, ethers, esters and other derivatives",251,France,False,1092637.067,6807.08,6807.08
2022,2939,2939,"Alkaloids; natural or reproduced by synthesis, and their salts, ethers, esters and other derivatives",276,Germany,False,1045364.001,30561.075,30561.075
2022,2939,2939,"Alkaloids; natural or reproduced by synthesis, and their salts, ethers, esters and other derivatives",348,Hungary,False,77691.914,,0.0
2022,2939,2939,"Alkaloids; natural or reproduced by synthesis, and their salts, ethers, esters and other derivatives",380,Italy,False,1342866.293,1558.276,1558.276
2022,2939,2939,"Alkaloids; natural or reproduced by synthesis, and their salts, ethers, esters and other derivatives",392,Japan,False,372.068,,0.0
2022,2939,2939,"Alkaloids; natural or reproduced by synthesis, and their salts, ethers, esters and other derivatives",410,Rep. of Korea,False,73020.856,,0.0
2022,2939,2939,"Alkaloids; natural or reproduced by synthesis, and their salts, ethers, esters and other derivatives",450,Madagascar,False,7891.315,,0.0
2022,2939,2939,"Alkaloids; natural or reproduced by synthesis, and their salts, ethers, esters and other derivatives",528,Netherlands,False,2990.392,,0.0
2022,2939,2939,"Alkaloids; natural or reproduced by synthesis, and their salts, ethers, esters and other derivatives",568,"Other Europe, nes",False,523.078,7.601,7.601
2022,2939,2939,"Alkaloids; natural or reproduced by synthesis, and their salts, ethers, esters and other derivatives",616,Poland,False,44646.512,,0.0
2022,2939,2939,"Alkaloids; natural or reproduced by synthesis, and their salts, ethers, esters and other derivatives",699,India,False,10961669.106,0.0,0.0
2022,2939,2939,"Alkaloids; natural or reproduced by synthesis, and their salts, ethers, esters and other derivatives",703,Slovakia,False,15849.2,4.523,4.523
2022,2939,2939,"Alkaloids; natural or reproduced by synthesis, and their salts, ethers, esters and other derivatives",724,Spain,False,876846.896,5105.026,5105.026
2022,2939,2939,"Alkaloids; natural or reproduced by synthesis, and their salts, ethers, esters and other derivatives",842,USA,False,134661.496,3154.646,3154.646
2023,2939,2939,"Alkaloids; natural or reproduced by synthesis, and their salts, ethers, esters and other derivatives",0,World,True,12121969.369,,0.0
2023,2939,2939,"Alkaloids; natural or reproduced by synthesis, and their salts, ethers, esters and other derivatives",76,Brazil,False,17351.514,,0.0
2023,2939,2939,"Alkaloids; natural or reproduced by synthesis, and their salts, ethers, esters and other derivatives",124,Canada,False,230.117,,0.0
2023,2939,2939,"Alkaloids; natural or reproduced by synthesis, and their salts, ethers, esters and other derivatives",156,China,False,759217.242,22586.504,22586.504
2023,2939,2939,"Alkaloids; natural or reproduced by synthesis, and their salts, ethers, esters and other derivatives",203,Czechia,False,162316.948,,0.0
2023,2939,2939,"Alkaloids; natural or reproduced by synthesis, and their salts, ethers, esters and other derivatives",246,Finland,False,76140.539,1117.186,1117.186
2023,2939,2939,"Alkaloids; natural or reproduced by synthesis, and their salts, ethers, esters and other derivatives",251,France,False,142019.092,245.536,245.536
2023,2939,2939,"Alkaloids; natural or reproduced by synthesis, and their salts, ethers, esters and other derivatives",276,Germany,False,1090077.619,31801.552,31801.552
2023,2939,2939,"Alkaloids; natural or reproduced by synthesis, and their salts, ethers, esters and other derivatives",380,Italy,False,360835.162,1393.943,1393.943
2023,2939,2939,"Alkaloids; natural or reproduced by synthesis, and their salts, ethers, esters and other derivatives",410,Rep. of Korea,False,53390.36,,0.0
2023,2939,2939,"Alkaloids; natural or reproduced by synthesis, and their salts, ethers, esters and other derivatives",699,India,False,8437051.358,148727.79,148727.79
2023,2939,2939,"Alkaloids; natural or reproduced by synthesis, and their salts, ethers, esters and other derivatives",703,Slovakia,False,13574.167,,0.0
2023,2939,2939,"Alkaloids; natural or reproduced by synthesis, and their salts, ethers, esters and other derivatives",724,Spain,False,451693.143,4579.056,4579.056
2023,2939,2939,"Alkaloids; natural or reproduced by synthesis, and their salts, ethers, esters and other derivatives",757,Switzerland,False,191939.206,1829.968,1829.968
2023,2939,2939,"Alkaloids; natural or reproduced by synthesis, and their salts, ethers, esters and other derivatives",826,United Kingdom,False,11452.561,25.611,25.611
2023,2939,2939,"Alkaloids; natural or reproduced by synthesis, and their salts, ethers, esters and other derivatives",842,USA,False,354680.34,3158.018,3158.018
2024,2939,2939,"Alkaloids; natural or reproduced by synthesis, and their salts, ethers, esters and other derivatives",0,World,True,13929278.763,,0.0
2024,2939,2939,"Alkaloids; natural or reproduced by synthesis, and their salts, ethers, esters and other derivatives",36,Australia,False,388200.616,,0.0
2024,2939,2939,"Alkaloids; natural or reproduced by synthesis, and their salts, ethers, esters and other derivatives",156,China,False,869553.38,10449.946,10449.946
2024,2939,2939,"Alkaloids; natural or reproduced by synthesis, and their salts, ethers, esters and other derivatives",203,Czechia,False,465469.432,405.991,405.991
2024,2939,2939,"Alkaloids; natural or reproduced by synthesis, and their salts, ethers, esters and other derivatives",246,Finland,False,189015.995,,0.0
2024,2939,2939,"Alkaloids; natural or reproduced by synthesis, and their salts, ethers, esters and other derivatives",251,France,False,377848.814,1864.24,1864.24
2024,2939,2939,"Alkaloids; natural or reproduced by synthesis, and their salts, ethers, esters and other derivatives",276,Germany,False,1081958.141,27991.28,27991.28
2024,2939,2939,"Alkaloids; natural or reproduced by synthesis, and their salts, ethers, esters and other derivatives",348,Hungary,False,208112.019,,0.0
2024,2939,2939,"Alkaloids; natural or reproduced by synthesis, and their salts, ethers, esters and other derivatives",380,Italy,False,559827.808,3689.743,3689.743
2024,2939,2939,"Alkaloids; natural or reproduced by synthesis, and their salts, ethers, esters and other derivatives",410,Rep. of Korea,False,58249.079,,0.0
2024,2939,2939,"Alkaloids; natural or reproduced by synthesis, and their salts, ethers, esters and other derivatives",528,Netherlands,False,3673.813,208.089,208.089
2024,2939,2939,"Alkaloids; natural or reproduced by synthesis, and their salts, ethers, esters and other derivatives",616,Poland,False,110563.483,1632.034,1632.034
2024,2939,2939,"Alkaloids; natural or reproduced by synthesis, and their salts, ethers, esters and other derivatives",699,India,False,9145300.262,144577.37,144577.37
2024,2939,2939,"Alkaloids; natural or reproduced by synthesis, and their salts, ethers, esters and other derivatives",703,Slovakia,False,14272.258,,0.0
2024,2939,2939,"Alkaloids; natural or reproduced by synthesis, and their salts, ethers, esters and other derivatives",724,Spain,False,34622.246,389.807,389.807
2024,2939,2939,"Alkaloids; natural or reproduced by synthesis, and their salts, ethers, esters and other derivatives",757,Switzerland,False,120895.141,1784.54,1784.54
2024,2939,2939,"Alkaloids; natural or reproduced by synthesis, and their salts, ethers, esters and other derivatives",826,United Kingdom,False,17698.401,98.204,98.204
2024,2939,2939,"Alkaloids; natural or reproduced by synthesis, and their salts, ethers, esters and other derivatives",842,USA,False,284017.876,926.039,926.039
2025,2939,2939,"Alkaloids; natural or reproduced by synthesis, and their salts, ethers, esters and other derivatives",0,World,True,16797063.706,,0.0
2025,2939,2939,"Alkaloids; natural or reproduced by synthesis, and their salts, ethers, esters and other derivatives",410,Rep. of Korea,False,38593.43,,0.0
2025,2939,2939,"Alkaloids; natural or reproduced by synthesis, and their salts, ethers, esters and other derivatives",699,India,False,10887041.987,173178.757,173178.757
2025,2939,2939,"Alkaloids; natural or reproduced by synthesis, and their salts, ethers, esters and other derivatives",842,USA,False,199646.859,199.476,199.476
2025,2939,2939,"Alkaloids; natural or reproduced by synthesis, and their salts, ethers, esters and other derivatives",156,China,False,1133100.112,21703.567,21703.567
2025,2939,2939,"Alkaloids; natural or reproduced by synthesis, and their salts, ethers, esters and other derivatives",76,Brazil,False,15010.427,,0.0
2025,2939,2939,"Alkaloids; natural or reproduced by synthesis, and their salts, ethers, esters and other derivatives",757,Switzerland,False,669559.707,4661.798,4661.798
2025,2939,2939,"Alkaloids; natural or reproduced by synthesis, and their salts, ethers, esters and other derivatives",724,Spain,False,12338.596,,0.0
2025,2939,2939,"Alkaloids; natural or reproduced by synthesis, and their salts, ethers, esters and other derivatives",348,Hungary,False,146503.426,,0.0
2025,2939,2939,"Alkaloids; natural or reproduced by synthesis, and their salts, ethers, esters and other derivatives",703,Slovakia,False,12813.865,,0.0
2025,2939,2939,"Alkaloids; natural or reproduced by synthesis, and their salts, ethers, esters and other derivatives",616,Poland,False,119791.125,1836.319,1836.319
2025,2939,2939,"Alkaloids; natural or reproduced by synthesis, and their salts, ethers, esters and other derivatives",246,Finland,False,215242.55,2968.817,2968.817
2025,2939,2939,"Alkaloids; natural or reproduced by synthesis, and their salts, ethers, esters and other derivatives",36,Australia,False,285220.991,,0.0
2025,2939,2939,"Alkaloids; natural or reproduced by synthesis, and their salts, ethers, esters and other derivatives",826,United Kingdom,False,14546.389,43.635,43.635
2025,2939,2939,"Alkaloids; natural or reproduced by synthesis, and their salts, ethers, esters and other derivatives",450,Madagascar,False,23022.004,200.533,200.533
2025,2939,2939,"Alkaloids; natural or reproduced by synthesis, and their salts, ethers, esters and other derivatives",251,France,False,620720.704,1416.056,1416.056
2025,2939,2939,"Alkaloids; natural or reproduced by synthesis, and their salts, ethers, esters and other derivatives",376,Israel,False,19.77,,0.0
2025,2939,2939,"Alkaloids; natural or reproduced by synthesis, and their salts, ethers, esters and other derivatives",276,Germany,False,1080170.437,39129.538,39129.538
2025,2939,2939,"Alkaloids; natural or reproduced by synthesis, and their salts, ethers, esters and other derivatives",203,Czechia,False,954453.507,,0.0
2025,2939,2939,"Alkaloids; natural or reproduced by synthesis, and their salts, ethers, esters and other derivatives",380,Italy,False,369267.822,4725.606,4725.606
2015,3003,3003,"Medicaments; (not goods of heading no. 3002, 3005 or 3006) of two or more constituents mixed together for therapeutic or prophylactic use not in measured doses or in forms or packings for retail sale",0,World,True,16324526.319,0.0,0.0
2015,3003,3003,"Medicaments; (not goods of heading no. 3002, 3005 or 3006) of two or more constituents mixed together for therapeutic or prophylactic use not in measured doses or in forms or packings for retail sale",36,Australia,False,1222748.883,0.0,0.0
2015,3003,3003,"Medicaments; (not goods of heading no. 3002, 3005 or 3006) of two or more constituents mixed together for therapeutic or prophylactic use not in measured doses or in forms or packings for retail sale",56,Belgium,False,12061.105,0.0,0.0
2015,3003,3003,"Medicaments; (not goods of heading no. 3002, 3005 or 3006) of two or more constituents mixed together for therapeutic or prophylactic use not in measured doses or in forms or packings for retail sale",100,Bulgaria,False,454207.634,0.0,0.0
2015,3003,3003,"Medicaments; (not goods of heading no. 3002, 3005 or 3006) of two or more constituents mixed together for therapeutic or prophylactic use not in measured doses or in forms or packings for retail sale",124,Canada,False,131952.339,0.0,0.0
2015,3003,3003,"Medicaments; (not goods of heading no. 3002, 3005 or 3006) of two or more constituents mixed together for therapeutic or prophylactic use not in measured doses or in forms or packings for retail sale",156,China,False,112618.471,0.0,0.0
2015,3003,3003,"Medicaments; (not goods of heading no. 3002, 3005 or 3006) of two or more constituents mixed together for therapeutic or prophylactic use not in measured doses or in forms or packings for retail sale",251,France,False,3335310.724,48777.626,48777.626
2015,3003,3003,"Medicaments; (not goods of heading no. 3002, 3005 or 3006) of two or more constituents mixed together for therapeutic or prophylactic use not in measured doses or in forms or packings for retail sale",276,Germany,False,2647104.654,38811.081,38811.081
2015,3003,3003,"Medicaments; (not goods of heading no. 3002, 3005 or 3006) of two or more constituents mixed together for therapeutic or prophylactic use not in measured doses or in forms or packings for retail sale",372,Ireland,False,799931.542,0.0,0.0
2015,3003,3003,"Medicaments; (not goods of heading no. 3002, 3005 or 3006) of two or more constituents mixed together for therapeutic or prophylactic use not in measured doses or in forms or packings for retail sale",380,Italy,False,1755916.49,0.0,0.0
2015,3003,3003,"Medicaments; (not goods of heading no. 3002, 3005 or 3006) of two or more constituents mixed together for therapeutic or prophylactic use not in measured doses or in forms or packings for retail sale",528,Netherlands,False,30130.483,0.0,0.0
2015,3003,3003,"Medicaments; (not goods of heading no. 3002, 3005 or 3006) of two or more constituents mixed together for therapeutic or prophylactic use not in measured doses or in forms or packings for retail sale",616,Poland,False,333282.139,0.0,0.0
2015,3003,3003,"Medicaments; (not goods of heading no. 3002, 3005 or 3006) of two or more constituents mixed together for therapeutic or prophylactic use not in measured doses or in forms or packings for retail sale",699,India,False,704001.658,10323.775,10323.775
2015,3003,3003,"Medicaments; (not goods of heading no. 3002, 3005 or 3006) of two or more constituents mixed together for therapeutic or prophylactic use not in measured doses or in forms or packings for retail sale",757,Switzerland,False,12576.981,0.0,0.0
2015,3003,3003,"Medicaments; (not goods of heading no. 3002, 3005 or 3006) of two or more constituents mixed together for therapeutic or prophylactic use not in measured doses or in forms or packings for retail sale",764,Thailand,False,17351.812,0.0,0.0
2015,3003,3003,"Medicaments; (not goods of heading no. 3002, 3005 or 3006) of two or more constituents mixed together for therapeutic or prophylactic use not in measured doses or in forms or packings for retail sale",784,United Arab Emirates,False,90055.077,0.0,0.0
2015,3003,3003,"Medicaments; (not goods of heading no. 3002, 3005 or 3006) of two or more constituents mixed together for therapeutic or prophylactic use not in measured doses or in forms or packings for retail sale",792,Türkiye,False,158084.741,0.0,0.0
2015,3003,3003,"Medicaments; (not goods of heading no. 3002, 3005 or 3006) of two or more constituents mixed together for therapeutic or prophylactic use not in measured doses or in forms or packings for retail sale",826,United Kingdom,False,3785236.573,0.0,0.0
2015,3003,3003,"Medicaments; (not goods of heading no. 3002, 3005 or 3006) of two or more constituents mixed together for therapeutic or prophylactic use not in measured doses or in forms or packings for retail sale",842,USA,False,721955.013,0.0,0.0
2016,3003,3003,"Medicaments; (not goods of heading no. 3002, 3005 or 3006) of two or more constituents mixed together for therapeutic or prophylactic use not in measured doses or in forms or packings for retail sale",0,World,True,14709424.939,0.0,0.0
2016,3003,3003,"Medicaments; (not goods of heading no. 3002, 3005 or 3006) of two or more constituents mixed together for therapeutic or prophylactic use not in measured doses or in forms or packings for retail sale",36,Australia,False,1461176.572,0.0,0.0
2016,3003,3003,"Medicaments; (not goods of heading no. 3002, 3005 or 3006) of two or more constituents mixed together for therapeutic or prophylactic use not in measured doses or in forms or packings for retail sale",100,Bulgaria,False,507019.698,0.0,0.0
2016,3003,3003,"Medicaments; (not goods of heading no. 3002, 3005 or 3006) of two or more constituents mixed together for therapeutic or prophylactic use not in measured doses or in forms or packings for retail sale",124,Canada,False,138527.048,0.0,0.0
2016,3003,3003,"Medicaments; (not goods of heading no. 3002, 3005 or 3006) of two or more constituents mixed together for therapeutic or prophylactic use not in measured doses or in forms or packings for retail sale",156,China,False,314157.724,0.0,0.0
2016,3003,3003,"Medicaments; (not goods of heading no. 3002, 3005 or 3006) of two or more constituents mixed together for therapeutic or prophylactic use not in measured doses or in forms or packings for retail sale",251,France,False,1876385.377,0.0,0.0
2016,3003,3003,"Medicaments; (not goods of heading no. 3002, 3005 or 3006) of two or more constituents mixed together for therapeutic or prophylactic use not in measured doses or in forms or packings for retail sale",276,Germany,False,3653135.716,52213.974,52213.974
2016,3003,3003,"Medicaments; (not goods of heading no. 3002, 3005 or 3006) of two or more constituents mixed together for therapeutic or prophylactic use not in measured doses or in forms or packings for retail sale",372,Ireland,False,1826348.535,0.0,0.0
2016,3003,3003,"Medicaments; (not goods of heading no. 3002, 3005 or 3006) of two or more constituents mixed together for therapeutic or prophylactic use not in measured doses or in forms or packings for retail sale",380,Italy,False,758967.58,0.0,0.0
2016,3003,3003,"Medicaments; (not goods of heading no. 3002, 3005 or 3006) of two or more constituents mixed together for therapeutic or prophylactic use not in measured doses or in forms or packings for retail sale",586,Pakistan,False,166549.595,0.0,0.0
2016,3003,3003,"Medicaments; (not goods of heading no. 3002, 3005 or 3006) of two or more constituents mixed together for therapeutic or prophylactic use not in measured doses or in forms or packings for retail sale",616,Poland,False,64596.529,0.0,0.0
2016,3003,3003,"Medicaments; (not goods of heading no. 3002, 3005 or 3006) of two or more constituents mixed together for therapeutic or prophylactic use not in measured doses or in forms or packings for retail sale",699,India,False,320858.826,0.0,0.0
2016,3003,3003,"Medicaments; (not goods of heading no. 3002, 3005 or 3006) of two or more constituents mixed together for therapeutic or prophylactic use not in measured doses or in forms or packings for retail sale",724,Spain,False,90298.638,0.0,0.0
2016,3003,3003,"Medicaments; (not goods of heading no. 3002, 3005 or 3006) of two or more constituents mixed together for therapeutic or prophylactic use not in measured doses or in forms or packings for retail sale",757,Switzerland,False,108327.634,0.0,0.0
2016,3003,3003,"Medicaments; (not goods of heading no. 3002, 3005 or 3006) of two or more constituents mixed together for therapeutic or prophylactic use not in measured doses or in forms or packings for retail sale",826,United Kingdom,False,1543588.767,0.0,0.0
2016,3003,3003,"Medicaments; (not goods of heading no. 3002, 3005 or 3006) of two or more constituents mixed together for therapeutic or prophylactic use not in measured doses or in forms or packings for retail sale",842,USA,False,1877036.354,0.0,0.0
2016,3003,3003,"Medicaments; (not goods of heading no. 3002, 3005 or 3006) of two or more constituents mixed together for therapeutic or prophylactic use not in measured doses or in forms or packings for retail sale",899,"Areas, nes",False,2450.346,0.0,0.0
2017,3003,3003,"Medicaments; (not goods of heading no. 3002, 3005 or 3006) of two or more constituents mixed together for therapeutic or prophylactic use not in measured doses or in forms or packings for retail sale",0,World,True,25502061.509,0.0,0.0
2017,3003,3003,"Medicaments; (not goods of heading no. 3002, 3005 or 3006) of two or more constituents mixed together for therapeutic or prophylactic use not in measured doses or in forms or packings for retail sale",36,Australia,False,341424.521,0.0,0.0
2017,3003,3003,"Medicaments; (not goods of heading no. 3002, 3005 or 3006) of two or more constituents mixed together for therapeutic or prophylactic use not in measured doses or in forms or packings for retail sale",40,Austria,False,1605165.089,0.0,0.0
2017,3003,3003,"Medicaments; (not goods of heading no. 3002, 3005 or 3006) of two or more constituents mixed together for therapeutic or prophylactic use not in measured doses or in forms or packings for retail sale",100,Bulgaria,False,302598.873,0.0,0.0
2017,3003,3003,"Medicaments; (not goods of heading no. 3002, 3005 or 3006) of two or more constituents mixed together for therapeutic or prophylactic use not in measured doses or in forms or packings for retail sale",156,China,False,978833.276,0.0,0.0
2017,3003,3003,"Medicaments; (not goods of heading no. 3002, 3005 or 3006) of two or more constituents mixed together for therapeutic or prophylactic use not in measured doses or in forms or packings for retail sale",251,France,False,4086346.767,0.0,0.0
2017,3003,3003,"Medicaments; (not goods of heading no. 3002, 3005 or 3006) of two or more constituents mixed together for therapeutic or prophylactic use not in measured doses or in forms or packings for retail sale",276,Germany,False,8602105.288,0.0,0.0
2017,3003,3003,"Medicaments; (not goods of heading no. 3002, 3005 or 3006) of two or more constituents mixed together for therapeutic or prophylactic use not in measured doses or in forms or packings for retail sale",372,Ireland,False,4267565.33,0.0,0.0
2017,3003,3003,"Medicaments; (not goods of heading no. 3002, 3005 or 3006) of two or more constituents mixed together for therapeutic or prophylactic use not in measured doses or in forms or packings for retail sale",380,Italy,False,322.017,0.0,0.0
2017,3003,3003,"Medicaments; (not goods of heading no. 3002, 3005 or 3006) of two or more constituents mixed together for therapeutic or prophylactic use not in measured doses or in forms or packings for retail sale",528,Netherlands,False,180769.616,0.0,0.0
2017,3003,3003,"Medicaments; (not goods of heading no. 3002, 3005 or 3006) of two or more constituents mixed together for therapeutic or prophylactic use not in measured doses or in forms or packings for retail sale",616,Poland,False,70962.44,0.0,0.0
2017,3003,3003,"Medicaments; (not goods of heading no. 3002, 3005 or 3006) of two or more constituents mixed together for therapeutic or prophylactic use not in measured doses or in forms or packings for retail sale",699,India,False,968798.212,0.0,0.0
2017,3003,3003,"Medicaments; (not goods of heading no. 3002, 3005 or 3006) of two or more constituents mixed together for therapeutic or prophylactic use not in measured doses or in forms or packings for retail sale",757,Switzerland,False,285884.489,0.0,0.0
2017,3003,3003,"Medicaments; (not goods of heading no. 3002, 3005 or 3006) of two or more constituents mixed together for therapeutic or prophylactic use not in measured doses or in forms or packings for retail sale",826,United Kingdom,False,390136.187,0.0,0.0
2017,3003,3003,"Medicaments; (not goods of heading no. 3002, 3005 or 3006) of two or more constituents mixed together for therapeutic or prophylactic use not in measured doses or in forms or packings for retail sale",842,USA,False,3421149.404,0.0,0.0
2018,3003,3003,"Medicaments; (not goods of heading no. 3002, 3005 or 3006) of two or more constituents mixed together for therapeutic or prophylactic use not in measured doses or in forms or packings for retail sale",0,World,True,26277609.238,,0.0
2018,3003,3003,"Medicaments; (not goods of heading no. 3002, 3005 or 3006) of two or more constituents mixed together for therapeutic or prophylactic use not in measured doses or in forms or packings for retail sale",40,Austria,False,92919.398,,0.0
2018,3003,3003,"Medicaments; (not goods of heading no. 3002, 3005 or 3006) of two or more constituents mixed together for therapeutic or prophylactic use not in measured doses or in forms or packings for retail sale",56,Belgium,False,1078525.874,,0.0
2018,3003,3003,"Medicaments; (not goods of heading no. 3002, 3005 or 3006) of two or more constituents mixed together for therapeutic or prophylactic use not in measured doses or in forms or packings for retail sale",100,Bulgaria,False,326400.861,,0.0
2018,3003,3003,"Medicaments; (not goods of heading no. 3002, 3005 or 3006) of two or more constituents mixed together for therapeutic or prophylactic use not in measured doses or in forms or packings for retail sale",156,China,False,264337.714,,0.0
2018,3003,3003,"Medicaments; (not goods of heading no. 3002, 3005 or 3006) of two or more constituents mixed together for therapeutic or prophylactic use not in measured doses or in forms or packings for retail sale",251,France,False,2005463.826,,0.0
2018,3003,3003,"Medicaments; (not goods of heading no. 3002, 3005 or 3006) of two or more constituents mixed together for therapeutic or prophylactic use not in measured doses or in forms or packings for retail sale",276,Germany,False,6576564.16,,0.0
2018,3003,3003,"Medicaments; (not goods of heading no. 3002, 3005 or 3006) of two or more constituents mixed together for therapeutic or prophylactic use not in measured doses or in forms or packings for retail sale",300,Greece,False,31.379,,0.0
2018,3003,3003,"Medicaments; (not goods of heading no. 3002, 3005 or 3006) of two or more constituents mixed together for therapeutic or prophylactic use not in measured doses or in forms or packings for retail sale",372,Ireland,False,4193917.777,,0.0
2018,3003,3003,"Medicaments; (not goods of heading no. 3002, 3005 or 3006) of two or more constituents mixed together for therapeutic or prophylactic use not in measured doses or in forms or packings for retail sale",380,Italy,False,1683014.484,,0.0
2018,3003,3003,"Medicaments; (not goods of heading no. 3002, 3005 or 3006) of two or more constituents mixed together for therapeutic or prophylactic use not in measured doses or in forms or packings for retail sale",392,Japan,False,1420276.693,,0.0
2018,3003,3003,"Medicaments; (not goods of heading no. 3002, 3005 or 3006) of two or more constituents mixed together for therapeutic or prophylactic use not in measured doses or in forms or packings for retail sale",528,Netherlands,False,119707.115,,0.0
2018,3003,3003,"Medicaments; (not goods of heading no. 3002, 3005 or 3006) of two or more constituents mixed together for therapeutic or prophylactic use not in measured doses or in forms or packings for retail sale",586,Pakistan,False,289487.563,,0.0
2018,3003,3003,"Medicaments; (not goods of heading no. 3002, 3005 or 3006) of two or more constituents mixed together for therapeutic or prophylactic use not in measured doses or in forms or packings for retail sale",682,Saudi Arabia,False,141.882,,0.0
2018,3003,3003,"Medicaments; (not goods of heading no. 3002, 3005 or 3006) of two or more constituents mixed together for therapeutic or prophylactic use not in measured doses or in forms or packings for retail sale",699,India,False,4493811.306,,0.0
2018,3003,3003,"Medicaments; (not goods of heading no. 3002, 3005 or 3006) of two or more constituents mixed together for therapeutic or prophylactic use not in measured doses or in forms or packings for retail sale",705,Slovenia,False,735536.303,,0.0
2018,3003,3003,"Medicaments; (not goods of heading no. 3002, 3005 or 3006) of two or more constituents mixed together for therapeutic or prophylactic use not in measured doses or in forms or packings for retail sale",724,Spain,False,673104.75,,0.0
2018,3003,3003,"Medicaments; (not goods of heading no. 3002, 3005 or 3006) of two or more constituents mixed together for therapeutic or prophylactic use not in measured doses or in forms or packings for retail sale",757,Switzerland,False,432685.609,,0.0
2018,3003,3003,"Medicaments; (not goods of heading no. 3002, 3005 or 3006) of two or more constituents mixed together for therapeutic or prophylactic use not in measured doses or in forms or packings for retail sale",826,United Kingdom,False,430501.948,,0.0
2018,3003,3003,"Medicaments; (not goods of heading no. 3002, 3005 or 3006) of two or more constituents mixed together for therapeutic or prophylactic use not in measured doses or in forms or packings for retail sale",842,USA,False,1461180.595,,0.0
2019,3003,3003,"Medicaments; (not goods of heading no. 3002, 3005 or 3006) of two or more constituents mixed together for therapeutic or prophylactic use not in measured doses or in forms or packings for retail sale",0,World,True,26446655.159,,0.0
2019,3003,3003,"Medicaments; (not goods of heading no. 3002, 3005 or 3006) of two or more constituents mixed together for therapeutic or prophylactic use not in measured doses or in forms or packings for retail sale",40,Austria,False,208912.218,,0.0
2019,3003,3003,"Medicaments; (not goods of heading no. 3002, 3005 or 3006) of two or more constituents mixed together for therapeutic or prophylactic use not in measured doses or in forms or packings for retail sale",100,Bulgaria,False,37001.711,,0.0
2019,3003,3003,"Medicaments; (not goods of heading no. 3002, 3005 or 3006) of two or more constituents mixed together for therapeutic or prophylactic use not in measured doses or in forms or packings for retail sale",208,Denmark,False,339808.437,,0.0
2019,3003,3003,"Medicaments; (not goods of heading no. 3002, 3005 or 3006) of two or more constituents mixed together for therapeutic or prophylactic use not in measured doses or in forms or packings for retail sale",251,France,False,3549891.937,,0.0
2019,3003,3003,"Medicaments; (not goods of heading no. 3002, 3005 or 3006) of two or more constituents mixed together for therapeutic or prophylactic use not in measured doses or in forms or packings for retail sale",276,Germany,False,6030913.949,,0.0
2019,3003,3003,"Medicaments; (not goods of heading no. 3002, 3005 or 3006) of two or more constituents mixed together for therapeutic or prophylactic use not in measured doses or in forms or packings for retail sale",300,Greece,False,432120.702,,0.0
2019,3003,3003,"Medicaments; (not goods of heading no. 3002, 3005 or 3006) of two or more constituents mixed together for therapeutic or prophylactic use not in measured doses or in forms or packings for retail sale",372,Ireland,False,9041702.698,,0.0
2019,3003,3003,"Medicaments; (not goods of heading no. 3002, 3005 or 3006) of two or more constituents mixed together for therapeutic or prophylactic use not in measured doses or in forms or packings for retail sale",380,Italy,False,1018907.104,,0.0
2019,3003,3003,"Medicaments; (not goods of heading no. 3002, 3005 or 3006) of two or more constituents mixed together for therapeutic or prophylactic use not in measured doses or in forms or packings for retail sale",528,Netherlands,False,932.278,,0.0
2019,3003,3003,"Medicaments; (not goods of heading no. 3002, 3005 or 3006) of two or more constituents mixed together for therapeutic or prophylactic use not in measured doses or in forms or packings for retail sale",699,India,False,3099084.174,,0.0
2019,3003,3003,"Medicaments; (not goods of heading no. 3002, 3005 or 3006) of two or more constituents mixed together for therapeutic or prophylactic use not in measured doses or in forms or packings for retail sale",705,Slovenia,False,275739.75,,0.0
2019,3003,3003,"Medicaments; (not goods of heading no. 3002, 3005 or 3006) of two or more constituents mixed together for therapeutic or prophylactic use not in measured doses or in forms or packings for retail sale",826,United Kingdom,False,788270.022,,0.0
2019,3003,3003,"Medicaments; (not goods of heading no. 3002, 3005 or 3006) of two or more constituents mixed together for therapeutic or prophylactic use not in measured doses or in forms or packings for retail sale",842,USA,False,1623370.179,,0.0
2020,3003,3003,"Medicaments; (not goods of heading no. 3002, 3005 or 3006) of two or more constituents mixed together for therapeutic or prophylactic use not in measured doses or in forms or packings for retail sale",0,World,True,21799241.827,,0.0
2020,3003,3003,"Medicaments; (not goods of heading no. 3002, 3005 or 3006) of two or more constituents mixed together for therapeutic or prophylactic use not in measured doses or in forms or packings for retail sale",40,Austria,False,1126642.063,,0.0
2020,3003,3003,"Medicaments; (not goods of heading no. 3002, 3005 or 3006) of two or more constituents mixed together for therapeutic or prophylactic use not in measured doses or in forms or packings for retail sale",156,China,False,670634.742,,0.0
2020,3003,3003,"Medicaments; (not goods of heading no. 3002, 3005 or 3006) of two or more constituents mixed together for therapeutic or prophylactic use not in measured doses or in forms or packings for retail sale",251,France,False,3863800.504,,0.0
2020,3003,3003,"Medicaments; (not goods of heading no. 3002, 3005 or 3006) of two or more constituents mixed together for therapeutic or prophylactic use not in measured doses or in forms or packings for retail sale",276,Germany,False,3728333.99,,0.0
2020,3003,3003,"Medicaments; (not goods of heading no. 3002, 3005 or 3006) of two or more constituents mixed together for therapeutic or prophylactic use not in measured doses or in forms or packings for retail sale",300,Greece,False,104803.385,,0.0
2020,3003,3003,"Medicaments; (not goods of heading no. 3002, 3005 or 3006) of two or more constituents mixed together for therapeutic or prophylactic use not in measured doses or in forms or packings for retail sale",348,Hungary,False,72699.891,0.0,0.0
2020,3003,3003,"Medicaments; (not goods of heading no. 3002, 3005 or 3006) of two or more constituents mixed together for therapeutic or prophylactic use not in measured doses or in forms or packings for retail sale",372,Ireland,False,5820741.094,0.0,0.0
2020,3003,3003,"Medicaments; (not goods of heading no. 3002, 3005 or 3006) of two or more constituents mixed together for therapeutic or prophylactic use not in measured doses or in forms or packings for retail sale",380,Italy,False,515197.821,,0.0
2020,3003,3003,"Medicaments; (not goods of heading no. 3002, 3005 or 3006) of two or more constituents mixed together for therapeutic or prophylactic use not in measured doses or in forms or packings for retail sale",414,Kuwait,False,37.745,0.0,0.0
2020,3003,3003,"Medicaments; (not goods of heading no. 3002, 3005 or 3006) of two or more constituents mixed together for therapeutic or prophylactic use not in measured doses or in forms or packings for retail sale",528,Netherlands,False,238162.996,,0.0
2020,3003,3003,"Medicaments; (not goods of heading no. 3002, 3005 or 3006) of two or more constituents mixed together for therapeutic or prophylactic use not in measured doses or in forms or packings for retail sale",699,India,False,4105309.452,0.0,0.0
2020,3003,3003,"Medicaments; (not goods of heading no. 3002, 3005 or 3006) of two or more constituents mixed together for therapeutic or prophylactic use not in measured doses or in forms or packings for retail sale",705,Slovenia,False,906139.012,,0.0
2020,3003,3003,"Medicaments; (not goods of heading no. 3002, 3005 or 3006) of two or more constituents mixed together for therapeutic or prophylactic use not in measured doses or in forms or packings for retail sale",724,Spain,False,101499.93,,0.0
2020,3003,3003,"Medicaments; (not goods of heading no. 3002, 3005 or 3006) of two or more constituents mixed together for therapeutic or prophylactic use not in measured doses or in forms or packings for retail sale",757,Switzerland,False,79328.641,0.0,0.0
2020,3003,3003,"Medicaments; (not goods of heading no. 3002, 3005 or 3006) of two or more constituents mixed together for therapeutic or prophylactic use not in measured doses or in forms or packings for retail sale",842,USA,False,465910.562,0.0,0.0
2021,3003,3003,"Medicaments; (not goods of heading no. 3002, 3005 or 3006) of two or more constituents mixed together for therapeutic or prophylactic use not in measured doses or in forms or packings for retail sale",0,World,True,20829776.658,,0.0
2021,3003,3003,"Medicaments; (not goods of heading no. 3002, 3005 or 3006) of two or more constituents mixed together for therapeutic or prophylactic use not in measured doses or in forms or packings for retail sale",36,Australia,False,636238.813,,0.0
2021,3003,3003,"Medicaments; (not goods of heading no. 3002, 3005 or 3006) of two or more constituents mixed together for therapeutic or prophylactic use not in measured doses or in forms or packings for retail sale",40,Austria,False,1083264.156,,0.0
2021,3003,3003,"Medicaments; (not goods of heading no. 3002, 3005 or 3006) of two or more constituents mixed together for therapeutic or prophylactic use not in measured doses or in forms or packings for retail sale",124,Canada,False,262.078,0.0,0.0
2021,3003,3003,"Medicaments; (not goods of heading no. 3002, 3005 or 3006) of two or more constituents mixed together for therapeutic or prophylactic use not in measured doses or in forms or packings for retail sale",156,China,False,552972.778,,0.0
2021,3003,3003,"Medicaments; (not goods of heading no. 3002, 3005 or 3006) of two or more constituents mixed together for therapeutic or prophylactic use not in measured doses or in forms or packings for retail sale",251,France,False,3919857.547,,0.0
2021,3003,3003,"Medicaments; (not goods of heading no. 3002, 3005 or 3006) of two or more constituents mixed together for therapeutic or prophylactic use not in measured doses or in forms or packings for retail sale",276,Germany,False,928885.945,,0.0
2021,3003,3003,"Medicaments; (not goods of heading no. 3002, 3005 or 3006) of two or more constituents mixed together for therapeutic or prophylactic use not in measured doses or in forms or packings for retail sale",300,Greece,False,823431.653,,0.0
2021,3003,3003,"Medicaments; (not goods of heading no. 3002, 3005 or 3006) of two or more constituents mixed together for therapeutic or prophylactic use not in measured doses or in forms or packings for retail sale",348,Hungary,False,100.0,,0.0
2021,3003,3003,"Medicaments; (not goods of heading no. 3002, 3005 or 3006) of two or more constituents mixed together for therapeutic or prophylactic use not in measured doses or in forms or packings for retail sale",372,Ireland,False,636838.578,,0.0
2021,3003,3003,"Medicaments; (not goods of heading no. 3002, 3005 or 3006) of two or more constituents mixed together for therapeutic or prophylactic use not in measured doses or in forms or packings for retail sale",380,Italy,False,793922.352,,0.0
2021,3003,3003,"Medicaments; (not goods of heading no. 3002, 3005 or 3006) of two or more constituents mixed together for therapeutic or prophylactic use not in measured doses or in forms or packings for retail sale",400,Jordan,False,396093.303,,0.0
2021,3003,3003,"Medicaments; (not goods of heading no. 3002, 3005 or 3006) of two or more constituents mixed together for therapeutic or prophylactic use not in measured doses or in forms or packings for retail sale",528,Netherlands,False,332731.375,0.0,0.0
2021,3003,3003,"Medicaments; (not goods of heading no. 3002, 3005 or 3006) of two or more constituents mixed together for therapeutic or prophylactic use not in measured doses or in forms or packings for retail sale",586,Pakistan,False,570950.172,,0.0
2021,3003,3003,"Medicaments; (not goods of heading no. 3002, 3005 or 3006) of two or more constituents mixed together for therapeutic or prophylactic use not in measured doses or in forms or packings for retail sale",682,Saudi Arabia,False,22.2,,0.0
2021,3003,3003,"Medicaments; (not goods of heading no. 3002, 3005 or 3006) of two or more constituents mixed together for therapeutic or prophylactic use not in measured doses or in forms or packings for retail sale",699,India,False,4280180.401,,0.0
2021,3003,3003,"Medicaments; (not goods of heading no. 3002, 3005 or 3006) of two or more constituents mixed together for therapeutic or prophylactic use not in measured doses or in forms or packings for retail sale",705,Slovenia,False,292411.359,,0.0
2021,3003,3003,"Medicaments; (not goods of heading no. 3002, 3005 or 3006) of two or more constituents mixed together for therapeutic or prophylactic use not in measured doses or in forms or packings for retail sale",724,Spain,False,784279.25,,0.0
2021,3003,3003,"Medicaments; (not goods of heading no. 3002, 3005 or 3006) of two or more constituents mixed together for therapeutic or prophylactic use not in measured doses or in forms or packings for retail sale",826,United Kingdom,False,1085476.438,,0.0
2021,3003,3003,"Medicaments; (not goods of heading no. 3002, 3005 or 3006) of two or more constituents mixed together for therapeutic or prophylactic use not in measured doses or in forms or packings for retail sale",842,USA,False,3711858.26,0.0,0.0
2022,3003,3003,"Medicaments; (not goods of heading no. 3002, 3005 or 3006) of two or more constituents mixed together for therapeutic or prophylactic use not in measured doses or in forms or packings for retail sale",0,World,True,52710102.49,,0.0
2022,3003,3003,"Medicaments; (not goods of heading no. 3002, 3005 or 3006) of two or more constituents mixed together for therapeutic or prophylactic use not in measured doses or in forms or packings for retail sale",40,Austria,False,2587842.037,33257.422,33257.422
2022,3003,3003,"Medicaments; (not goods of heading no. 3002, 3005 or 3006) of two or more constituents mixed together for therapeutic or prophylactic use not in measured doses or in forms or packings for retail sale",100,Bulgaria,False,46211.734,,0.0
2022,3003,3003,"Medicaments; (not goods of heading no. 3002, 3005 or 3006) of two or more constituents mixed together for therapeutic or prophylactic use not in measured doses or in forms or packings for retail sale",124,Canada,False,77.5,,0.0
2022,3003,3003,"Medicaments; (not goods of heading no. 3002, 3005 or 3006) of two or more constituents mixed together for therapeutic or prophylactic use not in measured doses or in forms or packings for retail sale",156,China,False,3835866.598,34965.293,34965.293
2022,3003,3003,"Medicaments; (not goods of heading no. 3002, 3005 or 3006) of two or more constituents mixed together for therapeutic or prophylactic use not in measured doses or in forms or packings for retail sale",251,France,False,5120966.283,65810.35,65810.35
2022,3003,3003,"Medicaments; (not goods of heading no. 3002, 3005 or 3006) of two or more constituents mixed together for therapeutic or prophylactic use not in measured doses or in forms or packings for retail sale",276,Germany,False,4074351.621,43906.832,43906.832
2022,3003,3003,"Medicaments; (not goods of heading no. 3002, 3005 or 3006) of two or more constituents mixed together for therapeutic or prophylactic use not in measured doses or in forms or packings for retail sale",300,Greece,False,748714.676,,0.0
2022,3003,3003,"Medicaments; (not goods of heading no. 3002, 3005 or 3006) of two or more constituents mixed together for therapeutic or prophylactic use not in measured doses or in forms or packings for retail sale",348,Hungary,False,121597.84,852.012,852.012
2022,3003,3003,"Medicaments; (not goods of heading no. 3002, 3005 or 3006) of two or more constituents mixed together for therapeutic or prophylactic use not in measured doses or in forms or packings for retail sale",372,Ireland,False,5185485.633,,0.0
2022,3003,3003,"Medicaments; (not goods of heading no. 3002, 3005 or 3006) of two or more constituents mixed together for therapeutic or prophylactic use not in measured doses or in forms or packings for retail sale",380,Italy,False,189196.453,,0.0
2022,3003,3003,"Medicaments; (not goods of heading no. 3002, 3005 or 3006) of two or more constituents mixed together for therapeutic or prophylactic use not in measured doses or in forms or packings for retail sale",392,Japan,False,2039176.328,,0.0
2022,3003,3003,"Medicaments; (not goods of heading no. 3002, 3005 or 3006) of two or more constituents mixed together for therapeutic or prophylactic use not in measured doses or in forms or packings for retail sale",400,Jordan,False,484215.469,,0.0
2022,3003,3003,"Medicaments; (not goods of heading no. 3002, 3005 or 3006) of two or more constituents mixed together for therapeutic or prophylactic use not in measured doses or in forms or packings for retail sale",484,Mexico,False,282812.328,,0.0
2022,3003,3003,"Medicaments; (not goods of heading no. 3002, 3005 or 3006) of two or more constituents mixed together for therapeutic or prophylactic use not in measured doses or in forms or packings for retail sale",528,Netherlands,False,94400.648,,0.0
2022,3003,3003,"Medicaments; (not goods of heading no. 3002, 3005 or 3006) of two or more constituents mixed together for therapeutic or prophylactic use not in measured doses or in forms or packings for retail sale",586,Pakistan,False,6306232.724,,0.0
2022,3003,3003,"Medicaments; (not goods of heading no. 3002, 3005 or 3006) of two or more constituents mixed together for therapeutic or prophylactic use not in measured doses or in forms or packings for retail sale",682,Saudi Arabia,False,6.22,,0.0
2022,3003,3003,"Medicaments; (not goods of heading no. 3002, 3005 or 3006) of two or more constituents mixed together for therapeutic or prophylactic use not in measured doses or in forms or packings for retail sale",699,India,False,11558527.948,153056.465,153056.465
2022,3003,3003,"Medicaments; (not goods of heading no. 3002, 3005 or 3006) of two or more constituents mixed together for therapeutic or prophylactic use not in measured doses or in forms or packings for retail sale",705,Slovenia,False,430441.848,,0.0
2022,3003,3003,"Medicaments; (not goods of heading no. 3002, 3005 or 3006) of two or more constituents mixed together for therapeutic or prophylactic use not in measured doses or in forms or packings for retail sale",724,Spain,False,1054815.297,,0.0
2022,3003,3003,"Medicaments; (not goods of heading no. 3002, 3005 or 3006) of two or more constituents mixed together for therapeutic or prophylactic use not in measured doses or in forms or packings for retail sale",784,United Arab Emirates,False,26.669,,0.0
2022,3003,3003,"Medicaments; (not goods of heading no. 3002, 3005 or 3006) of two or more constituents mixed together for therapeutic or prophylactic use not in measured doses or in forms or packings for retail sale",826,United Kingdom,False,2537302.663,34075.139,34075.139
2022,3003,3003,"Medicaments; (not goods of heading no. 3002, 3005 or 3006) of two or more constituents mixed together for therapeutic or prophylactic use not in measured doses or in forms or packings for retail sale",842,USA,False,6011833.972,81276.626,81276.626
2023,3003,3003,"Medicaments; (not goods of heading no. 3002, 3005 or 3006) of two or more constituents mixed together for therapeutic or prophylactic use not in measured doses or in forms or packings for retail sale",0,World,True,35685459.37,,0.0
2023,3003,3003,"Medicaments; (not goods of heading no. 3002, 3005 or 3006) of two or more constituents mixed together for therapeutic or prophylactic use not in measured doses or in forms or packings for retail sale",40,Austria,False,1697097.0,,0.0
2023,3003,3003,"Medicaments; (not goods of heading no. 3002, 3005 or 3006) of two or more constituents mixed together for therapeutic or prophylactic use not in measured doses or in forms or packings for retail sale",156,China,False,348589.049,2217.008,2217.008
2023,3003,3003,"Medicaments; (not goods of heading no. 3002, 3005 or 3006) of two or more constituents mixed together for therapeutic or prophylactic use not in measured doses or in forms or packings for retail sale",251,France,False,7941547.246,74961.35,74961.35
2023,3003,3003,"Medicaments; (not goods of heading no. 3002, 3005 or 3006) of two or more constituents mixed together for therapeutic or prophylactic use not in measured doses or in forms or packings for retail sale",276,Germany,False,3121906.82,,0.0
2023,3003,3003,"Medicaments; (not goods of heading no. 3002, 3005 or 3006) of two or more constituents mixed together for therapeutic or prophylactic use not in measured doses or in forms or packings for retail sale",300,Greece,False,823266.09,,0.0
2023,3003,3003,"Medicaments; (not goods of heading no. 3002, 3005 or 3006) of two or more constituents mixed together for therapeutic or prophylactic use not in measured doses or in forms or packings for retail sale",348,Hungary,False,268984.18,2423.538,2423.538
2023,3003,3003,"Medicaments; (not goods of heading no. 3002, 3005 or 3006) of two or more constituents mixed together for therapeutic or prophylactic use not in measured doses or in forms or packings for retail sale",372,Ireland,False,3310131.0,,0.0
2023,3003,3003,"Medicaments; (not goods of heading no. 3002, 3005 or 3006) of two or more constituents mixed together for therapeutic or prophylactic use not in measured doses or in forms or packings for retail sale",380,Italy,False,458690.547,4532.748,4532.748
2023,3003,3003,"Medicaments; (not goods of heading no. 3002, 3005 or 3006) of two or more constituents mixed together for therapeutic or prophylactic use not in measured doses or in forms or packings for retail sale",392,Japan,False,2548538.663,,0.0
2023,3003,3003,"Medicaments; (not goods of heading no. 3002, 3005 or 3006) of two or more constituents mixed together for therapeutic or prophylactic use not in measured doses or in forms or packings for retail sale",400,Jordan,False,266149.516,,0.0
2023,3003,3003,"Medicaments; (not goods of heading no. 3002, 3005 or 3006) of two or more constituents mixed together for therapeutic or prophylactic use not in measured doses or in forms or packings for retail sale",410,Rep. of Korea,False,7949.335,,0.0
2023,3003,3003,"Medicaments; (not goods of heading no. 3002, 3005 or 3006) of two or more constituents mixed together for therapeutic or prophylactic use not in measured doses or in forms or packings for retail sale",484,Mexico,False,419990.516,,0.0
2023,3003,3003,"Medicaments; (not goods of heading no. 3002, 3005 or 3006) of two or more constituents mixed together for therapeutic or prophylactic use not in measured doses or in forms or packings for retail sale",512,Oman,False,64.602,,0.0
2023,3003,3003,"Medicaments; (not goods of heading no. 3002, 3005 or 3006) of two or more constituents mixed together for therapeutic or prophylactic use not in measured doses or in forms or packings for retail sale",528,Netherlands,False,2581258.551,,0.0
2023,3003,3003,"Medicaments; (not goods of heading no. 3002, 3005 or 3006) of two or more constituents mixed together for therapeutic or prophylactic use not in measured doses or in forms or packings for retail sale",586,Pakistan,False,5934933.514,,0.0
2023,3003,3003,"Medicaments; (not goods of heading no. 3002, 3005 or 3006) of two or more constituents mixed together for therapeutic or prophylactic use not in measured doses or in forms or packings for retail sale",699,India,False,2344907.324,26282.464,26282.464
2023,3003,3003,"Medicaments; (not goods of heading no. 3002, 3005 or 3006) of two or more constituents mixed together for therapeutic or prophylactic use not in measured doses or in forms or packings for retail sale",705,Slovenia,False,272761.758,,0.0
2023,3003,3003,"Medicaments; (not goods of heading no. 3002, 3005 or 3006) of two or more constituents mixed together for therapeutic or prophylactic use not in measured doses or in forms or packings for retail sale",757,Switzerland,False,77295.844,,0.0
2023,3003,3003,"Medicaments; (not goods of heading no. 3002, 3005 or 3006) of two or more constituents mixed together for therapeutic or prophylactic use not in measured doses or in forms or packings for retail sale",826,United Kingdom,False,205461.312,,0.0
2023,3003,3003,"Medicaments; (not goods of heading no. 3002, 3005 or 3006) of two or more constituents mixed together for therapeutic or prophylactic use not in measured doses or in forms or packings for retail sale",842,USA,False,3055916.813,,0.0
2023,3003,3003,"Medicaments; (not goods of heading no. 3002, 3005 or 3006) of two or more constituents mixed together for therapeutic or prophylactic use not in measured doses or in forms or packings for retail sale",899,"Areas, nes",False,19.69,,0.0
2024,3003,3003,"Medicaments; (not goods of heading no. 3002, 3005 or 3006) of two or more constituents mixed together for therapeutic or prophylactic use not in measured doses or in forms or packings for retail sale",0,World,True,47322361.57,,0.0
2024,3003,3003,"Medicaments; (not goods of heading no. 3002, 3005 or 3006) of two or more constituents mixed together for therapeutic or prophylactic use not in measured doses or in forms or packings for retail sale",40,Austria,False,1509149.351,15513.804,15513.804
2024,3003,3003,"Medicaments; (not goods of heading no. 3002, 3005 or 3006) of two or more constituents mixed together for therapeutic or prophylactic use not in measured doses or in forms or packings for retail sale",156,China,False,1317004.007,12007.37,12007.37
2024,3003,3003,"Medicaments; (not goods of heading no. 3002, 3005 or 3006) of two or more constituents mixed together for therapeutic or prophylactic use not in measured doses or in forms or packings for retail sale",251,France,False,5723909.987,,0.0
2024,3003,3003,"Medicaments; (not goods of heading no. 3002, 3005 or 3006) of two or more constituents mixed together for therapeutic or prophylactic use not in measured doses or in forms or packings for retail sale",276,Germany,False,5405379.153,52098.431,52098.431
2024,3003,3003,"Medicaments; (not goods of heading no. 3002, 3005 or 3006) of two or more constituents mixed together for therapeutic or prophylactic use not in measured doses or in forms or packings for retail sale",300,Greece,False,1059415.07,,0.0
2024,3003,3003,"Medicaments; (not goods of heading no. 3002, 3005 or 3006) of two or more constituents mixed together for therapeutic or prophylactic use not in measured doses or in forms or packings for retail sale",348,Hungary,False,235868.901,,0.0
2024,3003,3003,"Medicaments; (not goods of heading no. 3002, 3005 or 3006) of two or more constituents mixed together for therapeutic or prophylactic use not in measured doses or in forms or packings for retail sale",372,Ireland,False,3033204.508,,0.0
2024,3003,3003,"Medicaments; (not goods of heading no. 3002, 3005 or 3006) of two or more constituents mixed together for therapeutic or prophylactic use not in measured doses or in forms or packings for retail sale",380,Italy,False,128151.016,,0.0
2024,3003,3003,"Medicaments; (not goods of heading no. 3002, 3005 or 3006) of two or more constituents mixed together for therapeutic or prophylactic use not in measured doses or in forms or packings for retail sale",392,Japan,False,3528820.652,,0.0
2024,3003,3003,"Medicaments; (not goods of heading no. 3002, 3005 or 3006) of two or more constituents mixed together for therapeutic or prophylactic use not in measured doses or in forms or packings for retail sale",400,Jordan,False,9890.629,,0.0
2024,3003,3003,"Medicaments; (not goods of heading no. 3002, 3005 or 3006) of two or more constituents mixed together for therapeutic or prophylactic use not in measured doses or in forms or packings for retail sale",484,Mexico,False,828428.004,,0.0
2024,3003,3003,"Medicaments; (not goods of heading no. 3002, 3005 or 3006) of two or more constituents mixed together for therapeutic or prophylactic use not in measured doses or in forms or packings for retail sale",528,Netherlands,False,8622093.166,,0.0
2024,3003,3003,"Medicaments; (not goods of heading no. 3002, 3005 or 3006) of two or more constituents mixed together for therapeutic or prophylactic use not in measured doses or in forms or packings for retail sale",586,Pakistan,False,8335091.639,,0.0
2024,3003,3003,"Medicaments; (not goods of heading no. 3002, 3005 or 3006) of two or more constituents mixed together for therapeutic or prophylactic use not in measured doses or in forms or packings for retail sale",616,Poland,False,1132467.195,,0.0
2024,3003,3003,"Medicaments; (not goods of heading no. 3002, 3005 or 3006) of two or more constituents mixed together for therapeutic or prophylactic use not in measured doses or in forms or packings for retail sale",699,India,False,4562606.879,47132.904,47132.904
2024,3003,3003,"Medicaments; (not goods of heading no. 3002, 3005 or 3006) of two or more constituents mixed together for therapeutic or prophylactic use not in measured doses or in forms or packings for retail sale",724,Spain,False,520992.754,4608.175,4608.175
2024,3003,3003,"Medicaments; (not goods of heading no. 3002, 3005 or 3006) of two or more constituents mixed together for therapeutic or prophylactic use not in measured doses or in forms or packings for retail sale",757,Switzerland,False,243646.324,,0.0
2024,3003,3003,"Medicaments; (not goods of heading no. 3002, 3005 or 3006) of two or more constituents mixed together for therapeutic or prophylactic use not in measured doses or in forms or packings for retail sale",826,United Kingdom,False,251.129,,0.0
2024,3003,3003,"Medicaments; (not goods of heading no. 3002, 3005 or 3006) of two or more constituents mixed together for therapeutic or prophylactic use not in measured doses or in forms or packings for retail sale",842,USA,False,1125991.207,,0.0
2025,3003,3003,"Medicaments; (not goods of heading no. 3002, 3005 or 3006) of two or more constituents mixed together for therapeutic or prophylactic use not in measured doses or in forms or packings for retail sale",0,World,True,53823197.763,,0.0
2025,3003,3003,"Medicaments; (not goods of heading no. 3002, 3005 or 3006) of two or more constituents mixed together for therapeutic or prophylactic use not in measured doses or in forms or packings for retail sale",40,Austria,False,1767591.41,,0.0
2025,3003,3003,"Medicaments; (not goods of heading no. 3002, 3005 or 3006) of two or more constituents mixed together for therapeutic or prophylactic use not in measured doses or in forms or packings for retail sale",156,China,False,1775818.906,13249.163,13249.163
2025,3003,3003,"Medicaments; (not goods of heading no. 3002, 3005 or 3006) of two or more constituents mixed together for therapeutic or prophylactic use not in measured doses or in forms or packings for retail sale",251,France,False,9515079.799,,0.0
2025,3003,3003,"Medicaments; (not goods of heading no. 3002, 3005 or 3006) of two or more constituents mixed together for therapeutic or prophylactic use not in measured doses or in forms or packings for retail sale",276,Germany,False,9160129.001,87540.14,87540.14
2025,3003,3003,"Medicaments; (not goods of heading no. 3002, 3005 or 3006) of two or more constituents mixed together for therapeutic or prophylactic use not in measured doses or in forms or packings for retail sale",300,Greece,False,511545.982,,0.0
2025,3003,3003,"Medicaments; (not goods of heading no. 3002, 3005 or 3006) of two or more constituents mixed together for therapeutic or prophylactic use not in measured doses or in forms or packings for retail sale",372,Ireland,False,4561788.287,,0.0
2025,3003,3003,"Medicaments; (not goods of heading no. 3002, 3005 or 3006) of two or more constituents mixed together for therapeutic or prophylactic use not in measured doses or in forms or packings for retail sale",380,Italy,False,3195859.154,,0.0
2025,3003,3003,"Medicaments; (not goods of heading no. 3002, 3005 or 3006) of two or more constituents mixed together for therapeutic or prophylactic use not in measured doses or in forms or packings for retail sale",392,Japan,False,2829932.042,,0.0
2025,3003,3003,"Medicaments; (not goods of heading no. 3002, 3005 or 3006) of two or more constituents mixed together for therapeutic or prophylactic use not in measured doses or in forms or packings for retail sale",484,Mexico,False,651393.695,,0.0
2025,3003,3003,"Medicaments; (not goods of heading no. 3002, 3005 or 3006) of two or more constituents mixed together for therapeutic or prophylactic use not in measured doses or in forms or packings for retail sale",528,Netherlands,False,2259657.834,,0.0
2025,3003,3003,"Medicaments; (not goods of heading no. 3002, 3005 or 3006) of two or more constituents mixed together for therapeutic or prophylactic use not in measured doses or in forms or packings for retail sale",586,Pakistan,False,7283735.873,,0.0
2025,3003,3003,"Medicaments; (not goods of heading no. 3002, 3005 or 3006) of two or more constituents mixed together for therapeutic or prophylactic use not in measured doses or in forms or packings for retail sale",699,India,False,7419481.138,72792.573,72792.573
2025,3003,3003,"Medicaments; (not goods of heading no. 3002, 3005 or 3006) of two or more constituents mixed together for therapeutic or prophylactic use not in measured doses or in forms or packings for retail sale",724,Spain,False,112777.443,,0.0
2025,3003,3003,"Medicaments; (not goods of heading no. 3002, 3005 or 3006) of two or more constituents mixed together for therapeutic or prophylactic use not in measured doses or in forms or packings for retail sale",826,United Kingdom,False,21145.107,,0.0
2025,3003,3003,"Medicaments; (not goods of heading no. 3002, 3005 or 3006) of two or more constituents mixed together for therapeutic or prophylactic use not in measured doses or in forms or packings for retail sale",842,USA,False,2757262.094,,0.0
2015,3004,3004,"Medicaments; (not goods of heading no. 3002, 3005 or 3006) consisting of mixed or unmixed products for therapeutic or prophylactic use, put up in measured doses (incl. those in the form of transdermal admin. systems) or packed for retail sale",0,World,True,2007840381.915,0.0,0.0
2015,3004,3004,"Medicaments; (not goods of heading no. 3002, 3005 or 3006) consisting of mixed or unmixed products for therapeutic or prophylactic use, put up in measured doses (incl. those in the form of transdermal admin. systems) or packed for retail sale",36,Australia,False,62524.848,0.0,0.0
2015,3004,3004,"Medicaments; (not goods of heading no. 3002, 3005 or 3006) consisting of mixed or unmixed products for therapeutic or prophylactic use, put up in measured doses (incl. those in the form of transdermal admin. systems) or packed for retail sale",40,Austria,False,12061408.37,0.0,0.0
2015,3004,3004,"Medicaments; (not goods of heading no. 3002, 3005 or 3006) consisting of mixed or unmixed products for therapeutic or prophylactic use, put up in measured doses (incl. those in the form of transdermal admin. systems) or packed for retail sale",56,Belgium,False,44607331.404,338907.098,338907.098
2015,3004,3004,"Medicaments; (not goods of heading no. 3002, 3005 or 3006) consisting of mixed or unmixed products for therapeutic or prophylactic use, put up in measured doses (incl. those in the form of transdermal admin. systems) or packed for retail sale",76,Brazil,False,18371116.093,0.0,0.0
2015,3004,3004,"Medicaments; (not goods of heading no. 3002, 3005 or 3006) consisting of mixed or unmixed products for therapeutic or prophylactic use, put up in measured doses (incl. those in the form of transdermal admin. systems) or packed for retail sale",84,Belize,False,22003.973,0.0,0.0
2015,3004,3004,"Medicaments; (not goods of heading no. 3002, 3005 or 3006) consisting of mixed or unmixed products for therapeutic or prophylactic use, put up in measured doses (incl. those in the form of transdermal admin. systems) or packed for retail sale",100,Bulgaria,False,94879.361,508.776,508.776
2015,3004,3004,"Medicaments; (not goods of heading no. 3002, 3005 or 3006) consisting of mixed or unmixed products for therapeutic or prophylactic use, put up in measured doses (incl. those in the form of transdermal admin. systems) or packed for retail sale",124,Canada,False,7146443.24,57238.791,57238.791
2015,3004,3004,"Medicaments; (not goods of heading no. 3002, 3005 or 3006) consisting of mixed or unmixed products for therapeutic or prophylactic use, put up in measured doses (incl. those in the form of transdermal admin. systems) or packed for retail sale",156,China,False,16506813.51,168110.077,168110.077
2015,3004,3004,"Medicaments; (not goods of heading no. 3002, 3005 or 3006) consisting of mixed or unmixed products for therapeutic or prophylactic use, put up in measured doses (incl. those in the form of transdermal admin. systems) or packed for retail sale",208,Denmark,False,49593571.497,410663.434,410663.434
2015,3004,3004,"Medicaments; (not goods of heading no. 3002, 3005 or 3006) consisting of mixed or unmixed products for therapeutic or prophylactic use, put up in measured doses (incl. those in the form of transdermal admin. systems) or packed for retail sale",214,Dominican Rep.,False,657014.283,0.0,0.0
2015,3004,3004,"Medicaments; (not goods of heading no. 3002, 3005 or 3006) consisting of mixed or unmixed products for therapeutic or prophylactic use, put up in measured doses (incl. those in the form of transdermal admin. systems) or packed for retail sale",246,Finland,False,275056.641,1795.731,1795.731
2015,3004,3004,"Medicaments; (not goods of heading no. 3002, 3005 or 3006) consisting of mixed or unmixed products for therapeutic or prophylactic use, put up in measured doses (incl. those in the form of transdermal admin. systems) or packed for retail sale",251,France,False,216151641.582,1787948.377,1787948.377
2015,3004,3004,"Medicaments; (not goods of heading no. 3002, 3005 or 3006) consisting of mixed or unmixed products for therapeutic or prophylactic use, put up in measured doses (incl. those in the form of transdermal admin. systems) or packed for retail sale",276,Germany,False,839681957.009,7113031.867,7113031.867
2015,3004,3004,"Medicaments; (not goods of heading no. 3002, 3005 or 3006) consisting of mixed or unmixed products for therapeutic or prophylactic use, put up in measured doses (incl. those in the form of transdermal admin. systems) or packed for retail sale",300,Greece,False,143421.057,0.0,0.0
2015,3004,3004,"Medicaments; (not goods of heading no. 3002, 3005 or 3006) consisting of mixed or unmixed products for therapeutic or prophylactic use, put up in measured doses (incl. those in the form of transdermal admin. systems) or packed for retail sale",348,Hungary,False,102061.124,0.0,0.0
2015,3004,3004,"Medicaments; (not goods of heading no. 3002, 3005 or 3006) consisting of mixed or unmixed products for therapeutic or prophylactic use, put up in measured doses (incl. those in the form of transdermal admin. systems) or packed for retail sale",372,Ireland,False,47571384.716,426191.131,426191.131
2015,3004,3004,"Medicaments; (not goods of heading no. 3002, 3005 or 3006) consisting of mixed or unmixed products for therapeutic or prophylactic use, put up in measured doses (incl. those in the form of transdermal admin. systems) or packed for retail sale",376,Israel,False,1326.181,0.0,0.0
2015,3004,3004,"Medicaments; (not goods of heading no. 3002, 3005 or 3006) consisting of mixed or unmixed products for therapeutic or prophylactic use, put up in measured doses (incl. those in the form of transdermal admin. systems) or packed for retail sale",380,Italy,False,64956683.797,515165.871,515165.871
2015,3004,3004,"Medicaments; (not goods of heading no. 3002, 3005 or 3006) consisting of mixed or unmixed products for therapeutic or prophylactic use, put up in measured doses (incl. those in the form of transdermal admin. systems) or packed for retail sale",392,Japan,False,6612068.3,0.0,0.0
2015,3004,3004,"Medicaments; (not goods of heading no. 3002, 3005 or 3006) consisting of mixed or unmixed products for therapeutic or prophylactic use, put up in measured doses (incl. those in the form of transdermal admin. systems) or packed for retail sale",400,Jordan,False,10556087.02,0.0,0.0
2015,3004,3004,"Medicaments; (not goods of heading no. 3002, 3005 or 3006) consisting of mixed or unmixed products for therapeutic or prophylactic use, put up in measured doses (incl. those in the form of transdermal admin. systems) or packed for retail sale",410,Rep. of Korea,False,2579159.963,0.0,0.0
2015,3004,3004,"Medicaments; (not goods of heading no. 3002, 3005 or 3006) consisting of mixed or unmixed products for therapeutic or prophylactic use, put up in measured doses (incl. those in the form of transdermal admin. systems) or packed for retail sale",484,Mexico,False,214490.005,0.0,0.0
2015,3004,3004,"Medicaments; (not goods of heading no. 3002, 3005 or 3006) consisting of mixed or unmixed products for therapeutic or prophylactic use, put up in measured doses (incl. those in the form of transdermal admin. systems) or packed for retail sale",490,"Other Asia, nes",False,152344.905,0.0,0.0
2015,3004,3004,"Medicaments; (not goods of heading no. 3002, 3005 or 3006) consisting of mixed or unmixed products for therapeutic or prophylactic use, put up in measured doses (incl. those in the form of transdermal admin. systems) or packed for retail sale",528,Netherlands,False,32927922.695,258924.616,258924.616
2015,3004,3004,"Medicaments; (not goods of heading no. 3002, 3005 or 3006) consisting of mixed or unmixed products for therapeutic or prophylactic use, put up in measured doses (incl. those in the form of transdermal admin. systems) or packed for retail sale",554,New Zealand,False,145071.316,0.0,0.0
2015,3004,3004,"Medicaments; (not goods of heading no. 3002, 3005 or 3006) consisting of mixed or unmixed products for therapeutic or prophylactic use, put up in measured doses (incl. those in the form of transdermal admin. systems) or packed for retail sale",579,Norway,False,21746.378,0.0,0.0
2015,3004,3004,"Medicaments; (not goods of heading no. 3002, 3005 or 3006) consisting of mixed or unmixed products for therapeutic or prophylactic use, put up in measured doses (incl. those in the form of transdermal admin. systems) or packed for retail sale",586,Pakistan,False,955586.413,0.0,0.0
2015,3004,3004,"Medicaments; (not goods of heading no. 3002, 3005 or 3006) consisting of mixed or unmixed products for therapeutic or prophylactic use, put up in measured doses (incl. those in the form of transdermal admin. systems) or packed for retail sale",616,Poland,False,3309023.856,0.0,0.0
2015,3004,3004,"Medicaments; (not goods of heading no. 3002, 3005 or 3006) consisting of mixed or unmixed products for therapeutic or prophylactic use, put up in measured doses (incl. those in the form of transdermal admin. systems) or packed for retail sale",620,Portugal,False,91811.389,0.0,0.0
2015,3004,3004,"Medicaments; (not goods of heading no. 3002, 3005 or 3006) consisting of mixed or unmixed products for therapeutic or prophylactic use, put up in measured doses (incl. those in the form of transdermal admin. systems) or packed for retail sale",643,Russian Federation,False,115528.453,0.0,0.0
2015,3004,3004,"Medicaments; (not goods of heading no. 3002, 3005 or 3006) consisting of mixed or unmixed products for therapeutic or prophylactic use, put up in measured doses (incl. those in the form of transdermal admin. systems) or packed for retail sale",682,Saudi Arabia,False,71768850.663,723501.096,723501.096
2015,3004,3004,"Medicaments; (not goods of heading no. 3002, 3005 or 3006) consisting of mixed or unmixed products for therapeutic or prophylactic use, put up in measured doses (incl. those in the form of transdermal admin. systems) or packed for retail sale",699,India,False,9333150.574,83121.593,83121.593
2015,3004,3004,"Medicaments; (not goods of heading no. 3002, 3005 or 3006) consisting of mixed or unmixed products for therapeutic or prophylactic use, put up in measured doses (incl. those in the form of transdermal admin. systems) or packed for retail sale",703,Slovakia,False,15.042,0.0,0.0
2015,3004,3004,"Medicaments; (not goods of heading no. 3002, 3005 or 3006) consisting of mixed or unmixed products for therapeutic or prophylactic use, put up in measured doses (incl. those in the form of transdermal admin. systems) or packed for retail sale",705,Slovenia,False,14197.705,0.0,0.0
2015,3004,3004,"Medicaments; (not goods of heading no. 3002, 3005 or 3006) consisting of mixed or unmixed products for therapeutic or prophylactic use, put up in measured doses (incl. those in the form of transdermal admin. systems) or packed for retail sale",710,South Africa,False,90908.376,0.0,0.0
2015,3004,3004,"Medicaments; (not goods of heading no. 3002, 3005 or 3006) consisting of mixed or unmixed products for therapeutic or prophylactic use, put up in measured doses (incl. those in the form of transdermal admin. systems) or packed for retail sale",724,Spain,False,12877628.115,107552.879,107552.879
2015,3004,3004,"Medicaments; (not goods of heading no. 3002, 3005 or 3006) consisting of mixed or unmixed products for therapeutic or prophylactic use, put up in measured doses (incl. those in the form of transdermal admin. systems) or packed for retail sale",752,Sweden,False,3478916.873,28245.06,28245.06
2015,3004,3004,"Medicaments; (not goods of heading no. 3002, 3005 or 3006) consisting of mixed or unmixed products for therapeutic or prophylactic use, put up in measured doses (incl. those in the form of transdermal admin. systems) or packed for retail sale",757,Switzerland,False,337275161.077,2775213.531,2775213.531
2015,3004,3004,"Medicaments; (not goods of heading no. 3002, 3005 or 3006) consisting of mixed or unmixed products for therapeutic or prophylactic use, put up in measured doses (incl. those in the form of transdermal admin. systems) or packed for retail sale",764,Thailand,False,70705.161,0.0,0.0
2015,3004,3004,"Medicaments; (not goods of heading no. 3002, 3005 or 3006) consisting of mixed or unmixed products for therapeutic or prophylactic use, put up in measured doses (incl. those in the form of transdermal admin. systems) or packed for retail sale",784,United Arab Emirates,False,36871691.76,0.0,0.0
2015,3004,3004,"Medicaments; (not goods of heading no. 3002, 3005 or 3006) consisting of mixed or unmixed products for therapeutic or prophylactic use, put up in measured doses (incl. those in the form of transdermal admin. systems) or packed for retail sale",788,Tunisia,False,32485.675,0.0,0.0
2015,3004,3004,"Medicaments; (not goods of heading no. 3002, 3005 or 3006) consisting of mixed or unmixed products for therapeutic or prophylactic use, put up in measured doses (incl. those in the form of transdermal admin. systems) or packed for retail sale",792,Türkiye,False,151856.716,0.0,0.0
2015,3004,3004,"Medicaments; (not goods of heading no. 3002, 3005 or 3006) consisting of mixed or unmixed products for therapeutic or prophylactic use, put up in measured doses (incl. those in the form of transdermal admin. systems) or packed for retail sale",826,United Kingdom,False,108694790.966,1263271.111,1263271.111
2015,3004,3004,"Medicaments; (not goods of heading no. 3002, 3005 or 3006) consisting of mixed or unmixed products for therapeutic or prophylactic use, put up in measured doses (incl. those in the form of transdermal admin. systems) or packed for retail sale",842,USA,False,51492543.838,410134.98,410134.98
2016,3004,3004,"Medicaments; (not goods of heading no. 3002, 3005 or 3006) consisting of mixed or unmixed products for therapeutic or prophylactic use, put up in measured doses (incl. those in the form of transdermal admin. systems) or packed for retail sale",0,World,True,1974650321.137,0.0,0.0
2016,3004,3004,"Medicaments; (not goods of heading no. 3002, 3005 or 3006) consisting of mixed or unmixed products for therapeutic or prophylactic use, put up in measured doses (incl. those in the form of transdermal admin. systems) or packed for retail sale",36,Australia,False,356603.918,0.0,0.0
2016,3004,3004,"Medicaments; (not goods of heading no. 3002, 3005 or 3006) consisting of mixed or unmixed products for therapeutic or prophylactic use, put up in measured doses (incl. those in the form of transdermal admin. systems) or packed for retail sale",40,Austria,False,22136517.245,166446.565,166446.565
2016,3004,3004,"Medicaments; (not goods of heading no. 3002, 3005 or 3006) consisting of mixed or unmixed products for therapeutic or prophylactic use, put up in measured doses (incl. those in the form of transdermal admin. systems) or packed for retail sale",56,Belgium,False,70008162.747,519723.737,519723.737
2016,3004,3004,"Medicaments; (not goods of heading no. 3002, 3005 or 3006) consisting of mixed or unmixed products for therapeutic or prophylactic use, put up in measured doses (incl. those in the form of transdermal admin. systems) or packed for retail sale",76,Brazil,False,10345121.136,0.0,0.0
2016,3004,3004,"Medicaments; (not goods of heading no. 3002, 3005 or 3006) consisting of mixed or unmixed products for therapeutic or prophylactic use, put up in measured doses (incl. those in the form of transdermal admin. systems) or packed for retail sale",100,Bulgaria,False,73902.703,1051.638,1051.638
2016,3004,3004,"Medicaments; (not goods of heading no. 3002, 3005 or 3006) consisting of mixed or unmixed products for therapeutic or prophylactic use, put up in measured doses (incl. those in the form of transdermal admin. systems) or packed for retail sale",124,Canada,False,2714204.524,0.0,0.0
2016,3004,3004,"Medicaments; (not goods of heading no. 3002, 3005 or 3006) consisting of mixed or unmixed products for therapeutic or prophylactic use, put up in measured doses (incl. those in the form of transdermal admin. systems) or packed for retail sale",156,China,False,12514890.914,124111.621,124111.621
2016,3004,3004,"Medicaments; (not goods of heading no. 3002, 3005 or 3006) consisting of mixed or unmixed products for therapeutic or prophylactic use, put up in measured doses (incl. those in the form of transdermal admin. systems) or packed for retail sale",208,Denmark,False,38622302.027,0.0,0.0
2016,3004,3004,"Medicaments; (not goods of heading no. 3002, 3005 or 3006) consisting of mixed or unmixed products for therapeutic or prophylactic use, put up in measured doses (incl. those in the form of transdermal admin. systems) or packed for retail sale",246,Finland,False,378926.578,0.0,0.0
2016,3004,3004,"Medicaments; (not goods of heading no. 3002, 3005 or 3006) consisting of mixed or unmixed products for therapeutic or prophylactic use, put up in measured doses (incl. those in the form of transdermal admin. systems) or packed for retail sale",251,France,False,227356338.869,1837819.725,1837819.725
2016,3004,3004,"Medicaments; (not goods of heading no. 3002, 3005 or 3006) consisting of mixed or unmixed products for therapeutic or prophylactic use, put up in measured doses (incl. those in the form of transdermal admin. systems) or packed for retail sale",276,Germany,False,810845283.558,6664364.958,6664364.958
2016,3004,3004,"Medicaments; (not goods of heading no. 3002, 3005 or 3006) consisting of mixed or unmixed products for therapeutic or prophylactic use, put up in measured doses (incl. those in the form of transdermal admin. systems) or packed for retail sale",300,Greece,False,397255.597,0.0,0.0
2016,3004,3004,"Medicaments; (not goods of heading no. 3002, 3005 or 3006) consisting of mixed or unmixed products for therapeutic or prophylactic use, put up in measured doses (incl. those in the form of transdermal admin. systems) or packed for retail sale",348,Hungary,False,66253.975,0.0,0.0
2016,3004,3004,"Medicaments; (not goods of heading no. 3002, 3005 or 3006) consisting of mixed or unmixed products for therapeutic or prophylactic use, put up in measured doses (incl. those in the form of transdermal admin. systems) or packed for retail sale",360,Indonesia,False,19517.637,0.0,0.0
2016,3004,3004,"Medicaments; (not goods of heading no. 3002, 3005 or 3006) consisting of mixed or unmixed products for therapeutic or prophylactic use, put up in measured doses (incl. those in the form of transdermal admin. systems) or packed for retail sale",372,Ireland,False,7053145.648,0.0,0.0
2016,3004,3004,"Medicaments; (not goods of heading no. 3002, 3005 or 3006) consisting of mixed or unmixed products for therapeutic or prophylactic use, put up in measured doses (incl. those in the form of transdermal admin. systems) or packed for retail sale",380,Italy,False,55646970.764,443598.658,443598.658
2016,3004,3004,"Medicaments; (not goods of heading no. 3002, 3005 or 3006) consisting of mixed or unmixed products for therapeutic or prophylactic use, put up in measured doses (incl. those in the form of transdermal admin. systems) or packed for retail sale",392,Japan,False,9401966.88,70478.573,70478.573
2016,3004,3004,"Medicaments; (not goods of heading no. 3002, 3005 or 3006) consisting of mixed or unmixed products for therapeutic or prophylactic use, put up in measured doses (incl. those in the form of transdermal admin. systems) or packed for retail sale",400,Jordan,False,11314102.074,95844.445,95844.445
2016,3004,3004,"Medicaments; (not goods of heading no. 3002, 3005 or 3006) consisting of mixed or unmixed products for therapeutic or prophylactic use, put up in measured doses (incl. those in the form of transdermal admin. systems) or packed for retail sale",410,Rep. of Korea,False,4419554.686,0.0,0.0
2016,3004,3004,"Medicaments; (not goods of heading no. 3002, 3005 or 3006) consisting of mixed or unmixed products for therapeutic or prophylactic use, put up in measured doses (incl. those in the form of transdermal admin. systems) or packed for retail sale",484,Mexico,False,119296.732,0.0,0.0
2016,3004,3004,"Medicaments; (not goods of heading no. 3002, 3005 or 3006) consisting of mixed or unmixed products for therapeutic or prophylactic use, put up in measured doses (incl. those in the form of transdermal admin. systems) or packed for retail sale",490,"Other Asia, nes",False,167360.037,2355.072,2355.072
2016,3004,3004,"Medicaments; (not goods of heading no. 3002, 3005 or 3006) consisting of mixed or unmixed products for therapeutic or prophylactic use, put up in measured doses (incl. those in the form of transdermal admin. systems) or packed for retail sale",528,Netherlands,False,27480340.353,212418.604,212418.604
2016,3004,3004,"Medicaments; (not goods of heading no. 3002, 3005 or 3006) consisting of mixed or unmixed products for therapeutic or prophylactic use, put up in measured doses (incl. those in the form of transdermal admin. systems) or packed for retail sale",554,New Zealand,False,228257.663,0.0,0.0
2016,3004,3004,"Medicaments; (not goods of heading no. 3002, 3005 or 3006) consisting of mixed or unmixed products for therapeutic or prophylactic use, put up in measured doses (incl. those in the form of transdermal admin. systems) or packed for retail sale",586,Pakistan,False,100300.542,0.0,0.0
2016,3004,3004,"Medicaments; (not goods of heading no. 3002, 3005 or 3006) consisting of mixed or unmixed products for therapeutic or prophylactic use, put up in measured doses (incl. those in the form of transdermal admin. systems) or packed for retail sale",616,Poland,False,5730798.199,0.0,0.0
2016,3004,3004,"Medicaments; (not goods of heading no. 3002, 3005 or 3006) consisting of mixed or unmixed products for therapeutic or prophylactic use, put up in measured doses (incl. those in the form of transdermal admin. systems) or packed for retail sale",634,Qatar,False,1661.28,0.0,0.0
2016,3004,3004,"Medicaments; (not goods of heading no. 3002, 3005 or 3006) consisting of mixed or unmixed products for therapeutic or prophylactic use, put up in measured doses (incl. those in the form of transdermal admin. systems) or packed for retail sale",643,Russian Federation,False,221283.403,0.0,0.0
2016,3004,3004,"Medicaments; (not goods of heading no. 3002, 3005 or 3006) consisting of mixed or unmixed products for therapeutic or prophylactic use, put up in measured doses (incl. those in the form of transdermal admin. systems) or packed for retail sale",682,Saudi Arabia,False,58199986.217,510284.547,510284.547
2016,3004,3004,"Medicaments; (not goods of heading no. 3002, 3005 or 3006) consisting of mixed or unmixed products for therapeutic or prophylactic use, put up in measured doses (incl. those in the form of transdermal admin. systems) or packed for retail sale",699,India,False,13356224.636,115076.717,115076.717
2016,3004,3004,"Medicaments; (not goods of heading no. 3002, 3005 or 3006) consisting of mixed or unmixed products for therapeutic or prophylactic use, put up in measured doses (incl. those in the form of transdermal admin. systems) or packed for retail sale",705,Slovenia,False,84666.045,0.0,0.0
2016,3004,3004,"Medicaments; (not goods of heading no. 3002, 3005 or 3006) consisting of mixed or unmixed products for therapeutic or prophylactic use, put up in measured doses (incl. those in the form of transdermal admin. systems) or packed for retail sale",724,Spain,False,16038518.681,0.0,0.0
2016,3004,3004,"Medicaments; (not goods of heading no. 3002, 3005 or 3006) consisting of mixed or unmixed products for therapeutic or prophylactic use, put up in measured doses (incl. those in the form of transdermal admin. systems) or packed for retail sale",752,Sweden,False,1537894.413,0.0,0.0
2016,3004,3004,"Medicaments; (not goods of heading no. 3002, 3005 or 3006) consisting of mixed or unmixed products for therapeutic or prophylactic use, put up in measured doses (incl. those in the form of transdermal admin. systems) or packed for retail sale",757,Switzerland,False,404915016.536,3275010.603,3275010.603
2016,3004,3004,"Medicaments; (not goods of heading no. 3002, 3005 or 3006) consisting of mixed or unmixed products for therapeutic or prophylactic use, put up in measured doses (incl. those in the form of transdermal admin. systems) or packed for retail sale",764,Thailand,False,56164.311,0.0,0.0
2016,3004,3004,"Medicaments; (not goods of heading no. 3002, 3005 or 3006) consisting of mixed or unmixed products for therapeutic or prophylactic use, put up in measured doses (incl. those in the form of transdermal admin. systems) or packed for retail sale",784,United Arab Emirates,False,31264703.935,0.0,0.0
2016,3004,3004,"Medicaments; (not goods of heading no. 3002, 3005 or 3006) consisting of mixed or unmixed products for therapeutic or prophylactic use, put up in measured doses (incl. those in the form of transdermal admin. systems) or packed for retail sale",792,Türkiye,False,1556706.774,0.0,0.0
2016,3004,3004,"Medicaments; (not goods of heading no. 3002, 3005 or 3006) consisting of mixed or unmixed products for therapeutic or prophylactic use, put up in measured doses (incl. those in the form of transdermal admin. systems) or packed for retail sale",826,United Kingdom,False,68665707.45,717174.757,717174.757
2016,3004,3004,"Medicaments; (not goods of heading no. 3002, 3005 or 3006) consisting of mixed or unmixed products for therapeutic or prophylactic use, put up in measured doses (incl. those in the form of transdermal admin. systems) or packed for retail sale",842,USA,False,61169944.858,475875.715,475875.715
2016,3004,3004,"Medicaments; (not goods of heading no. 3002, 3005 or 3006) consisting of mixed or unmixed products for therapeutic or prophylactic use, put up in measured doses (incl. those in the form of transdermal admin. systems) or packed for retail sale",899,"Areas, nes",False,84467.592,0.0,0.0
2017,3004,3004,"Medicaments; (not goods of heading no. 3002, 3005 or 3006) consisting of mixed or unmixed products for therapeutic or prophylactic use, put up in measured doses (incl. those in the form of transdermal admin. systems) or packed for retail sale",0,World,True,1963962847.936,0.0,0.0
2017,3004,3004,"Medicaments; (not goods of heading no. 3002, 3005 or 3006) consisting of mixed or unmixed products for therapeutic or prophylactic use, put up in measured doses (incl. those in the form of transdermal admin. systems) or packed for retail sale",36,Australia,False,3314533.836,0.0,0.0
2017,3004,3004,"Medicaments; (not goods of heading no. 3002, 3005 or 3006) consisting of mixed or unmixed products for therapeutic or prophylactic use, put up in measured doses (incl. those in the form of transdermal admin. systems) or packed for retail sale",40,Austria,False,37190142.302,311989.235,311989.235
2017,3004,3004,"Medicaments; (not goods of heading no. 3002, 3005 or 3006) consisting of mixed or unmixed products for therapeutic or prophylactic use, put up in measured doses (incl. those in the form of transdermal admin. systems) or packed for retail sale",56,Belgium,False,68184868.953,592325.069,592325.069
2017,3004,3004,"Medicaments; (not goods of heading no. 3002, 3005 or 3006) consisting of mixed or unmixed products for therapeutic or prophylactic use, put up in measured doses (incl. those in the form of transdermal admin. systems) or packed for retail sale",76,Brazil,False,8422417.585,0.0,0.0
2017,3004,3004,"Medicaments; (not goods of heading no. 3002, 3005 or 3006) consisting of mixed or unmixed products for therapeutic or prophylactic use, put up in measured doses (incl. those in the form of transdermal admin. systems) or packed for retail sale",84,Belize,False,50305.141,0.0,0.0
2017,3004,3004,"Medicaments; (not goods of heading no. 3002, 3005 or 3006) consisting of mixed or unmixed products for therapeutic or prophylactic use, put up in measured doses (incl. those in the form of transdermal admin. systems) or packed for retail sale",100,Bulgaria,False,9815.746,205.696,205.696
2017,3004,3004,"Medicaments; (not goods of heading no. 3002, 3005 or 3006) consisting of mixed or unmixed products for therapeutic or prophylactic use, put up in measured doses (incl. those in the form of transdermal admin. systems) or packed for retail sale",124,Canada,False,5441948.4,42093.857,42093.857
2017,3004,3004,"Medicaments; (not goods of heading no. 3002, 3005 or 3006) consisting of mixed or unmixed products for therapeutic or prophylactic use, put up in measured doses (incl. those in the form of transdermal admin. systems) or packed for retail sale",156,China,False,16092210.616,139044.404,139044.404
2017,3004,3004,"Medicaments; (not goods of heading no. 3002, 3005 or 3006) consisting of mixed or unmixed products for therapeutic or prophylactic use, put up in measured doses (incl. those in the form of transdermal admin. systems) or packed for retail sale",191,Croatia,False,75314.505,0.0,0.0
2017,3004,3004,"Medicaments; (not goods of heading no. 3002, 3005 or 3006) consisting of mixed or unmixed products for therapeutic or prophylactic use, put up in measured doses (incl. those in the form of transdermal admin. systems) or packed for retail sale",203,Czechia,False,17614.745,0.0,0.0
2017,3004,3004,"Medicaments; (not goods of heading no. 3002, 3005 or 3006) consisting of mixed or unmixed products for therapeutic or prophylactic use, put up in measured doses (incl. those in the form of transdermal admin. systems) or packed for retail sale",208,Denmark,False,34919242.109,296408.948,296408.948
2017,3004,3004,"Medicaments; (not goods of heading no. 3002, 3005 or 3006) consisting of mixed or unmixed products for therapeutic or prophylactic use, put up in measured doses (incl. those in the form of transdermal admin. systems) or packed for retail sale",218,Ecuador,False,79861.642,0.0,0.0
2017,3004,3004,"Medicaments; (not goods of heading no. 3002, 3005 or 3006) consisting of mixed or unmixed products for therapeutic or prophylactic use, put up in measured doses (incl. those in the form of transdermal admin. systems) or packed for retail sale",246,Finland,False,932537.849,0.0,0.0
2017,3004,3004,"Medicaments; (not goods of heading no. 3002, 3005 or 3006) consisting of mixed or unmixed products for therapeutic or prophylactic use, put up in measured doses (incl. those in the form of transdermal admin. systems) or packed for retail sale",251,France,False,216022236.912,1758495.313,1758495.313
2017,3004,3004,"Medicaments; (not goods of heading no. 3002, 3005 or 3006) consisting of mixed or unmixed products for therapeutic or prophylactic use, put up in measured doses (incl. those in the form of transdermal admin. systems) or packed for retail sale",276,Germany,False,573398588.508,4486904.906,4486904.906
2017,3004,3004,"Medicaments; (not goods of heading no. 3002, 3005 or 3006) consisting of mixed or unmixed products for therapeutic or prophylactic use, put up in measured doses (incl. those in the form of transdermal admin. systems) or packed for retail sale",300,Greece,False,6603527.271,53977.113,53977.113
2017,3004,3004,"Medicaments; (not goods of heading no. 3002, 3005 or 3006) consisting of mixed or unmixed products for therapeutic or prophylactic use, put up in measured doses (incl. those in the form of transdermal admin. systems) or packed for retail sale",348,Hungary,False,37102.098,0.0,0.0
2017,3004,3004,"Medicaments; (not goods of heading no. 3002, 3005 or 3006) consisting of mixed or unmixed products for therapeutic or prophylactic use, put up in measured doses (incl. those in the form of transdermal admin. systems) or packed for retail sale",372,Ireland,False,20948796.27,164376.033,164376.033
2017,3004,3004,"Medicaments; (not goods of heading no. 3002, 3005 or 3006) consisting of mixed or unmixed products for therapeutic or prophylactic use, put up in measured doses (incl. those in the form of transdermal admin. systems) or packed for retail sale",380,Italy,False,110293379.98,893166.673,893166.673
2017,3004,3004,"Medicaments; (not goods of heading no. 3002, 3005 or 3006) consisting of mixed or unmixed products for therapeutic or prophylactic use, put up in measured doses (incl. those in the form of transdermal admin. systems) or packed for retail sale",392,Japan,False,24872384.657,0.0,0.0
2017,3004,3004,"Medicaments; (not goods of heading no. 3002, 3005 or 3006) consisting of mixed or unmixed products for therapeutic or prophylactic use, put up in measured doses (incl. those in the form of transdermal admin. systems) or packed for retail sale",400,Jordan,False,6514805.804,58721.87,58721.87
2017,3004,3004,"Medicaments; (not goods of heading no. 3002, 3005 or 3006) consisting of mixed or unmixed products for therapeutic or prophylactic use, put up in measured doses (incl. those in the form of transdermal admin. systems) or packed for retail sale",410,Rep. of Korea,False,30268527.243,260215.077,260215.077
2017,3004,3004,"Medicaments; (not goods of heading no. 3002, 3005 or 3006) consisting of mixed or unmixed products for therapeutic or prophylactic use, put up in measured doses (incl. those in the form of transdermal admin. systems) or packed for retail sale",414,Kuwait,False,28.684,0.0,0.0
2017,3004,3004,"Medicaments; (not goods of heading no. 3002, 3005 or 3006) consisting of mixed or unmixed products for therapeutic or prophylactic use, put up in measured doses (incl. those in the form of transdermal admin. systems) or packed for retail sale",458,Malaysia,False,404.91,0.0,0.0
2017,3004,3004,"Medicaments; (not goods of heading no. 3002, 3005 or 3006) consisting of mixed or unmixed products for therapeutic or prophylactic use, put up in measured doses (incl. those in the form of transdermal admin. systems) or packed for retail sale",484,Mexico,False,3574637.243,26695.358,26695.358
2017,3004,3004,"Medicaments; (not goods of heading no. 3002, 3005 or 3006) consisting of mixed or unmixed products for therapeutic or prophylactic use, put up in measured doses (incl. those in the form of transdermal admin. systems) or packed for retail sale",528,Netherlands,False,24966850.058,183015.972,183015.972
2017,3004,3004,"Medicaments; (not goods of heading no. 3002, 3005 or 3006) consisting of mixed or unmixed products for therapeutic or prophylactic use, put up in measured doses (incl. those in the form of transdermal admin. systems) or packed for retail sale",554,New Zealand,False,617667.87,0.0,0.0
2017,3004,3004,"Medicaments; (not goods of heading no. 3002, 3005 or 3006) consisting of mixed or unmixed products for therapeutic or prophylactic use, put up in measured doses (incl. those in the form of transdermal admin. systems) or packed for retail sale",579,Norway,False,2422922.183,0.0,0.0
2017,3004,3004,"Medicaments; (not goods of heading no. 3002, 3005 or 3006) consisting of mixed or unmixed products for therapeutic or prophylactic use, put up in measured doses (incl. those in the form of transdermal admin. systems) or packed for retail sale",586,Pakistan,False,171851.207,0.0,0.0
2017,3004,3004,"Medicaments; (not goods of heading no. 3002, 3005 or 3006) consisting of mixed or unmixed products for therapeutic or prophylactic use, put up in measured doses (incl. those in the form of transdermal admin. systems) or packed for retail sale",616,Poland,False,5983440.23,0.0,0.0
2017,3004,3004,"Medicaments; (not goods of heading no. 3002, 3005 or 3006) consisting of mixed or unmixed products for therapeutic or prophylactic use, put up in measured doses (incl. those in the form of transdermal admin. systems) or packed for retail sale",620,Portugal,False,1568324.232,0.0,0.0
2017,3004,3004,"Medicaments; (not goods of heading no. 3002, 3005 or 3006) consisting of mixed or unmixed products for therapeutic or prophylactic use, put up in measured doses (incl. those in the form of transdermal admin. systems) or packed for retail sale",634,Qatar,False,57.368,0.0,0.0
2017,3004,3004,"Medicaments; (not goods of heading no. 3002, 3005 or 3006) consisting of mixed or unmixed products for therapeutic or prophylactic use, put up in measured doses (incl. those in the form of transdermal admin. systems) or packed for retail sale",643,Russian Federation,False,199434.413,0.0,0.0
2017,3004,3004,"Medicaments; (not goods of heading no. 3002, 3005 or 3006) consisting of mixed or unmixed products for therapeutic or prophylactic use, put up in measured doses (incl. those in the form of transdermal admin. systems) or packed for retail sale",682,Saudi Arabia,False,37076102.052,322826.798,322826.798
2017,3004,3004,"Medicaments; (not goods of heading no. 3002, 3005 or 3006) consisting of mixed or unmixed products for therapeutic or prophylactic use, put up in measured doses (incl. those in the form of transdermal admin. systems) or packed for retail sale",699,India,False,18035281.034,155378.574,155378.574
2017,3004,3004,"Medicaments; (not goods of heading no. 3002, 3005 or 3006) consisting of mixed or unmixed products for therapeutic or prophylactic use, put up in measured doses (incl. those in the form of transdermal admin. systems) or packed for retail sale",702,Singapore,False,5660926.612,43491.203,43491.203
2017,3004,3004,"Medicaments; (not goods of heading no. 3002, 3005 or 3006) consisting of mixed or unmixed products for therapeutic or prophylactic use, put up in measured doses (incl. those in the form of transdermal admin. systems) or packed for retail sale",705,Slovenia,False,337781.518,5900.302,5900.302
2017,3004,3004,"Medicaments; (not goods of heading no. 3002, 3005 or 3006) consisting of mixed or unmixed products for therapeutic or prophylactic use, put up in measured doses (incl. those in the form of transdermal admin. systems) or packed for retail sale",724,Spain,False,31033924.86,245770.697,245770.697
2017,3004,3004,"Medicaments; (not goods of heading no. 3002, 3005 or 3006) consisting of mixed or unmixed products for therapeutic or prophylactic use, put up in measured doses (incl. those in the form of transdermal admin. systems) or packed for retail sale",752,Sweden,False,22381350.414,176660.365,176660.365
2017,3004,3004,"Medicaments; (not goods of heading no. 3002, 3005 or 3006) consisting of mixed or unmixed products for therapeutic or prophylactic use, put up in measured doses (incl. those in the form of transdermal admin. systems) or packed for retail sale",757,Switzerland,False,429136587.756,3387960.209,3387960.209
2017,3004,3004,"Medicaments; (not goods of heading no. 3002, 3005 or 3006) consisting of mixed or unmixed products for therapeutic or prophylactic use, put up in measured doses (incl. those in the form of transdermal admin. systems) or packed for retail sale",760,Syria,False,86.052,1.803,1.803
2017,3004,3004,"Medicaments; (not goods of heading no. 3002, 3005 or 3006) consisting of mixed or unmixed products for therapeutic or prophylactic use, put up in measured doses (incl. those in the form of transdermal admin. systems) or packed for retail sale",784,United Arab Emirates,False,29980413.466,0.0,0.0
2017,3004,3004,"Medicaments; (not goods of heading no. 3002, 3005 or 3006) consisting of mixed or unmixed products for therapeutic or prophylactic use, put up in measured doses (incl. those in the form of transdermal admin. systems) or packed for retail sale",792,Türkiye,False,391105.739,0.0,0.0
2017,3004,3004,"Medicaments; (not goods of heading no. 3002, 3005 or 3006) consisting of mixed or unmixed products for therapeutic or prophylactic use, put up in measured doses (incl. those in the form of transdermal admin. systems) or packed for retail sale",826,United Kingdom,False,69953179.852,624137.422,624137.422
2017,3004,3004,"Medicaments; (not goods of heading no. 3002, 3005 or 3006) consisting of mixed or unmixed products for therapeutic or prophylactic use, put up in measured doses (incl. those in the form of transdermal admin. systems) or packed for retail sale",842,USA,False,116780328.009,949667.74,949667.74
2018,3004,3004,"Medicaments; (not goods of heading no. 3002, 3005 or 3006) consisting of mixed or unmixed products for therapeutic or prophylactic use, put up in measured doses (incl. those in the form of transdermal admin. systems) or packed for retail sale",0,World,True,1990669851.143,,0.0
2018,3004,3004,"Medicaments; (not goods of heading no. 3002, 3005 or 3006) consisting of mixed or unmixed products for therapeutic or prophylactic use, put up in measured doses (incl. those in the form of transdermal admin. systems) or packed for retail sale",36,Australia,False,4114405.628,27645.484,27645.484
2018,3004,3004,"Medicaments; (not goods of heading no. 3002, 3005 or 3006) consisting of mixed or unmixed products for therapeutic or prophylactic use, put up in measured doses (incl. those in the form of transdermal admin. systems) or packed for retail sale",40,Austria,False,53730094.123,396971.801,396971.801
2018,3004,3004,"Medicaments; (not goods of heading no. 3002, 3005 or 3006) consisting of mixed or unmixed products for therapeutic or prophylactic use, put up in measured doses (incl. those in the form of transdermal admin. systems) or packed for retail sale",56,Belgium,False,50430575.759,361564.776,361564.776
2018,3004,3004,"Medicaments; (not goods of heading no. 3002, 3005 or 3006) consisting of mixed or unmixed products for therapeutic or prophylactic use, put up in measured doses (incl. those in the form of transdermal admin. systems) or packed for retail sale",76,Brazil,False,10756441.623,68470.991,68470.991
2018,3004,3004,"Medicaments; (not goods of heading no. 3002, 3005 or 3006) consisting of mixed or unmixed products for therapeutic or prophylactic use, put up in measured doses (incl. those in the form of transdermal admin. systems) or packed for retail sale",100,Bulgaria,False,261340.214,,0.0
2018,3004,3004,"Medicaments; (not goods of heading no. 3002, 3005 or 3006) consisting of mixed or unmixed products for therapeutic or prophylactic use, put up in measured doses (incl. those in the form of transdermal admin. systems) or packed for retail sale",124,Canada,False,16496114.121,116495.335,116495.335
2018,3004,3004,"Medicaments; (not goods of heading no. 3002, 3005 or 3006) consisting of mixed or unmixed products for therapeutic or prophylactic use, put up in measured doses (incl. those in the form of transdermal admin. systems) or packed for retail sale",156,China,False,25664164.405,181505.025,181505.025
2018,3004,3004,"Medicaments; (not goods of heading no. 3002, 3005 or 3006) consisting of mixed or unmixed products for therapeutic or prophylactic use, put up in measured doses (incl. those in the form of transdermal admin. systems) or packed for retail sale",191,Croatia,False,28639.625,,0.0
2018,3004,3004,"Medicaments; (not goods of heading no. 3002, 3005 or 3006) consisting of mixed or unmixed products for therapeutic or prophylactic use, put up in measured doses (incl. those in the form of transdermal admin. systems) or packed for retail sale",203,Czechia,False,191023.608,,0.0
2018,3004,3004,"Medicaments; (not goods of heading no. 3002, 3005 or 3006) consisting of mixed or unmixed products for therapeutic or prophylactic use, put up in measured doses (incl. those in the form of transdermal admin. systems) or packed for retail sale",208,Denmark,False,48991378.964,355635.454,355635.454
2018,3004,3004,"Medicaments; (not goods of heading no. 3002, 3005 or 3006) consisting of mixed or unmixed products for therapeutic or prophylactic use, put up in measured doses (incl. those in the form of transdermal admin. systems) or packed for retail sale",246,Finland,False,11365234.461,76740.162,76740.162
2018,3004,3004,"Medicaments; (not goods of heading no. 3002, 3005 or 3006) consisting of mixed or unmixed products for therapeutic or prophylactic use, put up in measured doses (incl. those in the form of transdermal admin. systems) or packed for retail sale",251,France,False,212816582.263,0.0,0.0
2018,3004,3004,"Medicaments; (not goods of heading no. 3002, 3005 or 3006) consisting of mixed or unmixed products for therapeutic or prophylactic use, put up in measured doses (incl. those in the form of transdermal admin. systems) or packed for retail sale",276,Germany,False,297078012.991,2090191.351,2090191.351
2018,3004,3004,"Medicaments; (not goods of heading no. 3002, 3005 or 3006) consisting of mixed or unmixed products for therapeutic or prophylactic use, put up in measured doses (incl. those in the form of transdermal admin. systems) or packed for retail sale",300,Greece,False,7559741.18,,0.0
2018,3004,3004,"Medicaments; (not goods of heading no. 3002, 3005 or 3006) consisting of mixed or unmixed products for therapeutic or prophylactic use, put up in measured doses (incl. those in the form of transdermal admin. systems) or packed for retail sale",348,Hungary,False,84323.348,,0.0
2018,3004,3004,"Medicaments; (not goods of heading no. 3002, 3005 or 3006) consisting of mixed or unmixed products for therapeutic or prophylactic use, put up in measured doses (incl. those in the form of transdermal admin. systems) or packed for retail sale",372,Ireland,False,37417613.853,264946.737,264946.737
2018,3004,3004,"Medicaments; (not goods of heading no. 3002, 3005 or 3006) consisting of mixed or unmixed products for therapeutic or prophylactic use, put up in measured doses (incl. those in the form of transdermal admin. systems) or packed for retail sale",380,Italy,False,109939337.86,831507.553,831507.553
2018,3004,3004,"Medicaments; (not goods of heading no. 3002, 3005 or 3006) consisting of mixed or unmixed products for therapeutic or prophylactic use, put up in measured doses (incl. those in the form of transdermal admin. systems) or packed for retail sale",392,Japan,False,27630523.841,,0.0
2018,3004,3004,"Medicaments; (not goods of heading no. 3002, 3005 or 3006) consisting of mixed or unmixed products for therapeutic or prophylactic use, put up in measured doses (incl. those in the form of transdermal admin. systems) or packed for retail sale",400,Jordan,False,13873515.631,,0.0
2018,3004,3004,"Medicaments; (not goods of heading no. 3002, 3005 or 3006) consisting of mixed or unmixed products for therapeutic or prophylactic use, put up in measured doses (incl. those in the form of transdermal admin. systems) or packed for retail sale",410,Rep. of Korea,False,5882510.339,,0.0
2018,3004,3004,"Medicaments; (not goods of heading no. 3002, 3005 or 3006) consisting of mixed or unmixed products for therapeutic or prophylactic use, put up in measured doses (incl. those in the form of transdermal admin. systems) or packed for retail sale",442,Luxembourg,False,235158.984,,0.0
2018,3004,3004,"Medicaments; (not goods of heading no. 3002, 3005 or 3006) consisting of mixed or unmixed products for therapeutic or prophylactic use, put up in measured doses (incl. those in the form of transdermal admin. systems) or packed for retail sale",484,Mexico,False,21985148.536,175102.456,175102.456
2018,3004,3004,"Medicaments; (not goods of heading no. 3002, 3005 or 3006) consisting of mixed or unmixed products for therapeutic or prophylactic use, put up in measured doses (incl. those in the form of transdermal admin. systems) or packed for retail sale",490,"Other Asia, nes",False,1463068.577,,0.0
2018,3004,3004,"Medicaments; (not goods of heading no. 3002, 3005 or 3006) consisting of mixed or unmixed products for therapeutic or prophylactic use, put up in measured doses (incl. those in the form of transdermal admin. systems) or packed for retail sale",528,Netherlands,False,40526062.605,268491.037,268491.037
2018,3004,3004,"Medicaments; (not goods of heading no. 3002, 3005 or 3006) consisting of mixed or unmixed products for therapeutic or prophylactic use, put up in measured doses (incl. those in the form of transdermal admin. systems) or packed for retail sale",554,New Zealand,False,297409.537,,0.0
2018,3004,3004,"Medicaments; (not goods of heading no. 3002, 3005 or 3006) consisting of mixed or unmixed products for therapeutic or prophylactic use, put up in measured doses (incl. those in the form of transdermal admin. systems) or packed for retail sale",579,Norway,False,2763477.887,,0.0
2018,3004,3004,"Medicaments; (not goods of heading no. 3002, 3005 or 3006) consisting of mixed or unmixed products for therapeutic or prophylactic use, put up in measured doses (incl. those in the form of transdermal admin. systems) or packed for retail sale",616,Poland,False,5241455.07,35240.47,35240.47
2018,3004,3004,"Medicaments; (not goods of heading no. 3002, 3005 or 3006) consisting of mixed or unmixed products for therapeutic or prophylactic use, put up in measured doses (incl. those in the form of transdermal admin. systems) or packed for retail sale",620,Portugal,False,4061628.148,,0.0
2018,3004,3004,"Medicaments; (not goods of heading no. 3002, 3005 or 3006) consisting of mixed or unmixed products for therapeutic or prophylactic use, put up in measured doses (incl. those in the form of transdermal admin. systems) or packed for retail sale",643,Russian Federation,False,288740.875,,0.0
2018,3004,3004,"Medicaments; (not goods of heading no. 3002, 3005 or 3006) consisting of mixed or unmixed products for therapeutic or prophylactic use, put up in measured doses (incl. those in the form of transdermal admin. systems) or packed for retail sale",682,Saudi Arabia,False,50990364.84,371673.348,371673.348
2018,3004,3004,"Medicaments; (not goods of heading no. 3002, 3005 or 3006) consisting of mixed or unmixed products for therapeutic or prophylactic use, put up in measured doses (incl. those in the form of transdermal admin. systems) or packed for retail sale",699,India,False,11525518.797,76301.914,76301.914
2018,3004,3004,"Medicaments; (not goods of heading no. 3002, 3005 or 3006) consisting of mixed or unmixed products for therapeutic or prophylactic use, put up in measured doses (incl. those in the form of transdermal admin. systems) or packed for retail sale",702,Singapore,False,32456624.963,218403.316,218403.316
2018,3004,3004,"Medicaments; (not goods of heading no. 3002, 3005 or 3006) consisting of mixed or unmixed products for therapeutic or prophylactic use, put up in measured doses (incl. those in the form of transdermal admin. systems) or packed for retail sale",705,Slovenia,False,545507.451,,0.0
2018,3004,3004,"Medicaments; (not goods of heading no. 3002, 3005 or 3006) consisting of mixed or unmixed products for therapeutic or prophylactic use, put up in measured doses (incl. those in the form of transdermal admin. systems) or packed for retail sale",724,Spain,False,61529303.388,424748.616,424748.616
2018,3004,3004,"Medicaments; (not goods of heading no. 3002, 3005 or 3006) consisting of mixed or unmixed products for therapeutic or prophylactic use, put up in measured doses (incl. those in the form of transdermal admin. systems) or packed for retail sale",752,Sweden,False,47976078.703,329399.158,329399.158
2018,3004,3004,"Medicaments; (not goods of heading no. 3002, 3005 or 3006) consisting of mixed or unmixed products for therapeutic or prophylactic use, put up in measured doses (incl. those in the form of transdermal admin. systems) or packed for retail sale",757,Switzerland,False,492276925.633,3493986.163,3493986.163
2018,3004,3004,"Medicaments; (not goods of heading no. 3002, 3005 or 3006) consisting of mixed or unmixed products for therapeutic or prophylactic use, put up in measured doses (incl. those in the form of transdermal admin. systems) or packed for retail sale",784,United Arab Emirates,False,20065290.241,134988.578,134988.578
2018,3004,3004,"Medicaments; (not goods of heading no. 3002, 3005 or 3006) consisting of mixed or unmixed products for therapeutic or prophylactic use, put up in measured doses (incl. those in the form of transdermal admin. systems) or packed for retail sale",792,Türkiye,False,2363630.724,,0.0
2018,3004,3004,"Medicaments; (not goods of heading no. 3002, 3005 or 3006) consisting of mixed or unmixed products for therapeutic or prophylactic use, put up in measured doses (incl. those in the form of transdermal admin. systems) or packed for retail sale",826,United Kingdom,False,81385097.288,656710.681,656710.681
2018,3004,3004,"Medicaments; (not goods of heading no. 3002, 3005 or 3006) consisting of mixed or unmixed products for therapeutic or prophylactic use, put up in measured doses (incl. those in the form of transdermal admin. systems) or packed for retail sale",842,USA,False,178381785.057,1296563.023,1296563.023
2019,3004,3004,"Medicaments; (not goods of heading no. 3002, 3005 or 3006) consisting of mixed or unmixed products for therapeutic or prophylactic use, put up in measured doses (incl. those in the form of transdermal admin. systems) or packed for retail sale",0,World,True,2136846783.424,,0.0
2019,3004,3004,"Medicaments; (not goods of heading no. 3002, 3005 or 3006) consisting of mixed or unmixed products for therapeutic or prophylactic use, put up in measured doses (incl. those in the form of transdermal admin. systems) or packed for retail sale",12,Algeria,False,30.618,0.226,0.226
2019,3004,3004,"Medicaments; (not goods of heading no. 3002, 3005 or 3006) consisting of mixed or unmixed products for therapeutic or prophylactic use, put up in measured doses (incl. those in the form of transdermal admin. systems) or packed for retail sale",36,Australia,False,4338014.108,0.0,0.0
2019,3004,3004,"Medicaments; (not goods of heading no. 3002, 3005 or 3006) consisting of mixed or unmixed products for therapeutic or prophylactic use, put up in measured doses (incl. those in the form of transdermal admin. systems) or packed for retail sale",40,Austria,False,41816789.55,489772.386,489772.386
2019,3004,3004,"Medicaments; (not goods of heading no. 3002, 3005 or 3006) consisting of mixed or unmixed products for therapeutic or prophylactic use, put up in measured doses (incl. those in the form of transdermal admin. systems) or packed for retail sale",56,Belgium,False,60184935.102,584400.965,584400.965
2019,3004,3004,"Medicaments; (not goods of heading no. 3002, 3005 or 3006) consisting of mixed or unmixed products for therapeutic or prophylactic use, put up in measured doses (incl. those in the form of transdermal admin. systems) or packed for retail sale",76,Brazil,False,10198772.679,76366.817,76366.817
2019,3004,3004,"Medicaments; (not goods of heading no. 3002, 3005 or 3006) consisting of mixed or unmixed products for therapeutic or prophylactic use, put up in measured doses (incl. those in the form of transdermal admin. systems) or packed for retail sale",100,Bulgaria,False,865724.934,,0.0
2019,3004,3004,"Medicaments; (not goods of heading no. 3002, 3005 or 3006) consisting of mixed or unmixed products for therapeutic or prophylactic use, put up in measured doses (incl. those in the form of transdermal admin. systems) or packed for retail sale",112,Belarus,False,165781.14,,0.0
2019,3004,3004,"Medicaments; (not goods of heading no. 3002, 3005 or 3006) consisting of mixed or unmixed products for therapeutic or prophylactic use, put up in measured doses (incl. those in the form of transdermal admin. systems) or packed for retail sale",124,Canada,False,14349163.713,112301.328,112301.328
2019,3004,3004,"Medicaments; (not goods of heading no. 3002, 3005 or 3006) consisting of mixed or unmixed products for therapeutic or prophylactic use, put up in measured doses (incl. those in the form of transdermal admin. systems) or packed for retail sale",156,China,False,35701844.157,0.0,0.0
2019,3004,3004,"Medicaments; (not goods of heading no. 3002, 3005 or 3006) consisting of mixed or unmixed products for therapeutic or prophylactic use, put up in measured doses (incl. those in the form of transdermal admin. systems) or packed for retail sale",170,Colombia,False,57803.349,,0.0
2019,3004,3004,"Medicaments; (not goods of heading no. 3002, 3005 or 3006) consisting of mixed or unmixed products for therapeutic or prophylactic use, put up in measured doses (incl. those in the form of transdermal admin. systems) or packed for retail sale",191,Croatia,False,179384.501,,0.0
2019,3004,3004,"Medicaments; (not goods of heading no. 3002, 3005 or 3006) consisting of mixed or unmixed products for therapeutic or prophylactic use, put up in measured doses (incl. those in the form of transdermal admin. systems) or packed for retail sale",196,Cyprus,False,63472.672,,0.0
2019,3004,3004,"Medicaments; (not goods of heading no. 3002, 3005 or 3006) consisting of mixed or unmixed products for therapeutic or prophylactic use, put up in measured doses (incl. those in the form of transdermal admin. systems) or packed for retail sale",203,Czechia,False,42508.801,498.573,498.573
2019,3004,3004,"Medicaments; (not goods of heading no. 3002, 3005 or 3006) consisting of mixed or unmixed products for therapeutic or prophylactic use, put up in measured doses (incl. those in the form of transdermal admin. systems) or packed for retail sale",208,Denmark,False,54919833.834,0.0,0.0
2019,3004,3004,"Medicaments; (not goods of heading no. 3002, 3005 or 3006) consisting of mixed or unmixed products for therapeutic or prophylactic use, put up in measured doses (incl. those in the form of transdermal admin. systems) or packed for retail sale",246,Finland,False,7799142.489,0.0,0.0
2019,3004,3004,"Medicaments; (not goods of heading no. 3002, 3005 or 3006) consisting of mixed or unmixed products for therapeutic or prophylactic use, put up in measured doses (incl. those in the form of transdermal admin. systems) or packed for retail sale",251,France,False,235077646.436,1950968.369,1950968.369
2019,3004,3004,"Medicaments; (not goods of heading no. 3002, 3005 or 3006) consisting of mixed or unmixed products for therapeutic or prophylactic use, put up in measured doses (incl. those in the form of transdermal admin. systems) or packed for retail sale",276,Germany,False,362970481.272,0.0,0.0
2019,3004,3004,"Medicaments; (not goods of heading no. 3002, 3005 or 3006) consisting of mixed or unmixed products for therapeutic or prophylactic use, put up in measured doses (incl. those in the form of transdermal admin. systems) or packed for retail sale",300,Greece,False,7476086.887,63421.755,63421.755
2019,3004,3004,"Medicaments; (not goods of heading no. 3002, 3005 or 3006) consisting of mixed or unmixed products for therapeutic or prophylactic use, put up in measured doses (incl. those in the form of transdermal admin. systems) or packed for retail sale",348,Hungary,False,272627.836,2968.696,2968.696
2019,3004,3004,"Medicaments; (not goods of heading no. 3002, 3005 or 3006) consisting of mixed or unmixed products for therapeutic or prophylactic use, put up in measured doses (incl. those in the form of transdermal admin. systems) or packed for retail sale",372,Ireland,False,42697279.628,0.0,0.0
2019,3004,3004,"Medicaments; (not goods of heading no. 3002, 3005 or 3006) consisting of mixed or unmixed products for therapeutic or prophylactic use, put up in measured doses (incl. those in the form of transdermal admin. systems) or packed for retail sale",380,Italy,False,118690164.027,0.0,0.0
2019,3004,3004,"Medicaments; (not goods of heading no. 3002, 3005 or 3006) consisting of mixed or unmixed products for therapeutic or prophylactic use, put up in measured doses (incl. those in the form of transdermal admin. systems) or packed for retail sale",392,Japan,False,16301480.306,131559.594,131559.594
2019,3004,3004,"Medicaments; (not goods of heading no. 3002, 3005 or 3006) consisting of mixed or unmixed products for therapeutic or prophylactic use, put up in measured doses (incl. those in the form of transdermal admin. systems) or packed for retail sale",400,Jordan,False,26663077.57,263449.501,263449.501
2019,3004,3004,"Medicaments; (not goods of heading no. 3002, 3005 or 3006) consisting of mixed or unmixed products for therapeutic or prophylactic use, put up in measured doses (incl. those in the form of transdermal admin. systems) or packed for retail sale",410,Rep. of Korea,False,7070937.352,94627.385,94627.385
2019,3004,3004,"Medicaments; (not goods of heading no. 3002, 3005 or 3006) consisting of mixed or unmixed products for therapeutic or prophylactic use, put up in measured doses (incl. those in the form of transdermal admin. systems) or packed for retail sale",470,Malta,False,1629.782,36.213,36.213
2019,3004,3004,"Medicaments; (not goods of heading no. 3002, 3005 or 3006) consisting of mixed or unmixed products for therapeutic or prophylactic use, put up in measured doses (incl. those in the form of transdermal admin. systems) or packed for retail sale",484,Mexico,False,2516351.016,,0.0
2019,3004,3004,"Medicaments; (not goods of heading no. 3002, 3005 or 3006) consisting of mixed or unmixed products for therapeutic or prophylactic use, put up in measured doses (incl. those in the form of transdermal admin. systems) or packed for retail sale",490,"Other Asia, nes",False,1897072.528,21990.972,21990.972
2019,3004,3004,"Medicaments; (not goods of heading no. 3002, 3005 or 3006) consisting of mixed or unmixed products for therapeutic or prophylactic use, put up in measured doses (incl. those in the form of transdermal admin. systems) or packed for retail sale",512,Oman,False,1697163.37,,0.0
2019,3004,3004,"Medicaments; (not goods of heading no. 3002, 3005 or 3006) consisting of mixed or unmixed products for therapeutic or prophylactic use, put up in measured doses (incl. those in the form of transdermal admin. systems) or packed for retail sale",528,Netherlands,False,41831167.686,0.0,0.0
2019,3004,3004,"Medicaments; (not goods of heading no. 3002, 3005 or 3006) consisting of mixed or unmixed products for therapeutic or prophylactic use, put up in measured doses (incl. those in the form of transdermal admin. systems) or packed for retail sale",554,New Zealand,False,409102.169,,0.0
2019,3004,3004,"Medicaments; (not goods of heading no. 3002, 3005 or 3006) consisting of mixed or unmixed products for therapeutic or prophylactic use, put up in measured doses (incl. those in the form of transdermal admin. systems) or packed for retail sale",568,"Other Europe, nes",False,31567.377,,0.0
2019,3004,3004,"Medicaments; (not goods of heading no. 3002, 3005 or 3006) consisting of mixed or unmixed products for therapeutic or prophylactic use, put up in measured doses (incl. those in the form of transdermal admin. systems) or packed for retail sale",579,Norway,False,1686742.194,,0.0
2019,3004,3004,"Medicaments; (not goods of heading no. 3002, 3005 or 3006) consisting of mixed or unmixed products for therapeutic or prophylactic use, put up in measured doses (incl. those in the form of transdermal admin. systems) or packed for retail sale",616,Poland,False,7552712.745,0.0,0.0
2019,3004,3004,"Medicaments; (not goods of heading no. 3002, 3005 or 3006) consisting of mixed or unmixed products for therapeutic or prophylactic use, put up in measured doses (incl. those in the form of transdermal admin. systems) or packed for retail sale",620,Portugal,False,2900637.365,22654.019,22654.019
2019,3004,3004,"Medicaments; (not goods of heading no. 3002, 3005 or 3006) consisting of mixed or unmixed products for therapeutic or prophylactic use, put up in measured doses (incl. those in the form of transdermal admin. systems) or packed for retail sale",634,Qatar,False,240.631,,0.0
2019,3004,3004,"Medicaments; (not goods of heading no. 3002, 3005 or 3006) consisting of mixed or unmixed products for therapeutic or prophylactic use, put up in measured doses (incl. those in the form of transdermal admin. systems) or packed for retail sale",643,Russian Federation,False,182875.015,,0.0
2019,3004,3004,"Medicaments; (not goods of heading no. 3002, 3005 or 3006) consisting of mixed or unmixed products for therapeutic or prophylactic use, put up in measured doses (incl. those in the form of transdermal admin. systems) or packed for retail sale",682,Saudi Arabia,False,35036044.742,334319.003,334319.003
2019,3004,3004,"Medicaments; (not goods of heading no. 3002, 3005 or 3006) consisting of mixed or unmixed products for therapeutic or prophylactic use, put up in measured doses (incl. those in the form of transdermal admin. systems) or packed for retail sale",699,India,False,9765202.084,90047.406,90047.406
2019,3004,3004,"Medicaments; (not goods of heading no. 3002, 3005 or 3006) consisting of mixed or unmixed products for therapeutic or prophylactic use, put up in measured doses (incl. those in the form of transdermal admin. systems) or packed for retail sale",702,Singapore,False,34186113.139,,0.0
2019,3004,3004,"Medicaments; (not goods of heading no. 3002, 3005 or 3006) consisting of mixed or unmixed products for therapeutic or prophylactic use, put up in measured doses (incl. those in the form of transdermal admin. systems) or packed for retail sale",703,Slovakia,False,511277.093,,0.0
2019,3004,3004,"Medicaments; (not goods of heading no. 3002, 3005 or 3006) consisting of mixed or unmixed products for therapeutic or prophylactic use, put up in measured doses (incl. those in the form of transdermal admin. systems) or packed for retail sale",705,Slovenia,False,5692066.041,44673.789,44673.789
2019,3004,3004,"Medicaments; (not goods of heading no. 3002, 3005 or 3006) consisting of mixed or unmixed products for therapeutic or prophylactic use, put up in measured doses (incl. those in the form of transdermal admin. systems) or packed for retail sale",724,Spain,False,56797433.845,469078.938,469078.938
2019,3004,3004,"Medicaments; (not goods of heading no. 3002, 3005 or 3006) consisting of mixed or unmixed products for therapeutic or prophylactic use, put up in measured doses (incl. those in the form of transdermal admin. systems) or packed for retail sale",748,Eswatini,False,3028616.312,,0.0
2019,3004,3004,"Medicaments; (not goods of heading no. 3002, 3005 or 3006) consisting of mixed or unmixed products for therapeutic or prophylactic use, put up in measured doses (incl. those in the form of transdermal admin. systems) or packed for retail sale",752,Sweden,False,73744296.999,594726.436,594726.436
2019,3004,3004,"Medicaments; (not goods of heading no. 3002, 3005 or 3006) consisting of mixed or unmixed products for therapeutic or prophylactic use, put up in measured doses (incl. those in the form of transdermal admin. systems) or packed for retail sale",757,Switzerland,False,534273663.916,4307968.623,4307968.623
2019,3004,3004,"Medicaments; (not goods of heading no. 3002, 3005 or 3006) consisting of mixed or unmixed products for therapeutic or prophylactic use, put up in measured doses (incl. those in the form of transdermal admin. systems) or packed for retail sale",760,Syria,False,6851006.0,,0.0
2019,3004,3004,"Medicaments; (not goods of heading no. 3002, 3005 or 3006) consisting of mixed or unmixed products for therapeutic or prophylactic use, put up in measured doses (incl. those in the form of transdermal admin. systems) or packed for retail sale",784,United Arab Emirates,False,18978917.794,148913.232,148913.232
2019,3004,3004,"Medicaments; (not goods of heading no. 3002, 3005 or 3006) consisting of mixed or unmixed products for therapeutic or prophylactic use, put up in measured doses (incl. those in the form of transdermal admin. systems) or packed for retail sale",792,Türkiye,False,3513944.175,,0.0
2019,3004,3004,"Medicaments; (not goods of heading no. 3002, 3005 or 3006) consisting of mixed or unmixed products for therapeutic or prophylactic use, put up in measured doses (incl. those in the form of transdermal admin. systems) or packed for retail sale",826,United Kingdom,False,81657892.471,0.0,0.0
2019,3004,3004,"Medicaments; (not goods of heading no. 3002, 3005 or 3006) consisting of mixed or unmixed products for therapeutic or prophylactic use, put up in measured doses (incl. those in the form of transdermal admin. systems) or packed for retail sale",842,USA,False,164102207.634,0.0,0.0
2019,3004,3004,"Medicaments; (not goods of heading no. 3002, 3005 or 3006) consisting of mixed or unmixed products for therapeutic or prophylactic use, put up in measured doses (incl. those in the form of transdermal admin. systems) or packed for retail sale",887,Yemen,False,115.966,2.577,2.577
2019,3004,3004,"Medicaments; (not goods of heading no. 3002, 3005 or 3006) consisting of mixed or unmixed products for therapeutic or prophylactic use, put up in measured doses (incl. those in the form of transdermal admin. systems) or packed for retail sale",899,"Areas, nes",False,97740.375,,0.0
2020,3004,3004,"Medicaments; (not goods of heading no. 3002, 3005 or 3006) consisting of mixed or unmixed products for therapeutic or prophylactic use, put up in measured doses (incl. those in the form of transdermal admin. systems) or packed for retail sale",0,World,True,2468358814.695,,0.0
2020,3004,3004,"Medicaments; (not goods of heading no. 3002, 3005 or 3006) consisting of mixed or unmixed products for therapeutic or prophylactic use, put up in measured doses (incl. those in the form of transdermal admin. systems) or packed for retail sale",12,Algeria,False,25.694,,0.0
2020,3004,3004,"Medicaments; (not goods of heading no. 3002, 3005 or 3006) consisting of mixed or unmixed products for therapeutic or prophylactic use, put up in measured doses (incl. those in the form of transdermal admin. systems) or packed for retail sale",31,Azerbaijan,False,151.745,,0.0
2020,3004,3004,"Medicaments; (not goods of heading no. 3002, 3005 or 3006) consisting of mixed or unmixed products for therapeutic or prophylactic use, put up in measured doses (incl. those in the form of transdermal admin. systems) or packed for retail sale",36,Australia,False,4632209.87,33521.766,33521.766
2020,3004,3004,"Medicaments; (not goods of heading no. 3002, 3005 or 3006) consisting of mixed or unmixed products for therapeutic or prophylactic use, put up in measured doses (incl. those in the form of transdermal admin. systems) or packed for retail sale",40,Austria,False,56317715.173,608902.197,608902.197
2020,3004,3004,"Medicaments; (not goods of heading no. 3002, 3005 or 3006) consisting of mixed or unmixed products for therapeutic or prophylactic use, put up in measured doses (incl. those in the form of transdermal admin. systems) or packed for retail sale",48,Bahrain,False,3363.787,0.0,0.0
2020,3004,3004,"Medicaments; (not goods of heading no. 3002, 3005 or 3006) consisting of mixed or unmixed products for therapeutic or prophylactic use, put up in measured doses (incl. those in the form of transdermal admin. systems) or packed for retail sale",56,Belgium,False,65610429.038,0.0,0.0
2020,3004,3004,"Medicaments; (not goods of heading no. 3002, 3005 or 3006) consisting of mixed or unmixed products for therapeutic or prophylactic use, put up in measured doses (incl. those in the form of transdermal admin. systems) or packed for retail sale",76,Brazil,False,22592894.877,207806.281,207806.281
2020,3004,3004,"Medicaments; (not goods of heading no. 3002, 3005 or 3006) consisting of mixed or unmixed products for therapeutic or prophylactic use, put up in measured doses (incl. those in the form of transdermal admin. systems) or packed for retail sale",100,Bulgaria,False,417501.191,3018.801,3018.801
2020,3004,3004,"Medicaments; (not goods of heading no. 3002, 3005 or 3006) consisting of mixed or unmixed products for therapeutic or prophylactic use, put up in measured doses (incl. those in the form of transdermal admin. systems) or packed for retail sale",112,Belarus,False,252679.094,,0.0
2020,3004,3004,"Medicaments; (not goods of heading no. 3002, 3005 or 3006) consisting of mixed or unmixed products for therapeutic or prophylactic use, put up in measured doses (incl. those in the form of transdermal admin. systems) or packed for retail sale",120,Cameroon,False,123.287,2.689,2.689
2020,3004,3004,"Medicaments; (not goods of heading no. 3002, 3005 or 3006) consisting of mixed or unmixed products for therapeutic or prophylactic use, put up in measured doses (incl. those in the form of transdermal admin. systems) or packed for retail sale",124,Canada,False,45797992.056,0.0,0.0
2020,3004,3004,"Medicaments; (not goods of heading no. 3002, 3005 or 3006) consisting of mixed or unmixed products for therapeutic or prophylactic use, put up in measured doses (incl. those in the form of transdermal admin. systems) or packed for retail sale",140,Central African Rep.,False,50.0,,0.0
2020,3004,3004,"Medicaments; (not goods of heading no. 3002, 3005 or 3006) consisting of mixed or unmixed products for therapeutic or prophylactic use, put up in measured doses (incl. those in the form of transdermal admin. systems) or packed for retail sale",148,Chad,False,306.0,,0.0
2020,3004,3004,"Medicaments; (not goods of heading no. 3002, 3005 or 3006) consisting of mixed or unmixed products for therapeutic or prophylactic use, put up in measured doses (incl. those in the form of transdermal admin. systems) or packed for retail sale",152,Chile,False,61.632,,0.0
2020,3004,3004,"Medicaments; (not goods of heading no. 3002, 3005 or 3006) consisting of mixed or unmixed products for therapeutic or prophylactic use, put up in measured doses (incl. those in the form of transdermal admin. systems) or packed for retail sale",156,China,False,37400685.863,461768.433,461768.433
2020,3004,3004,"Medicaments; (not goods of heading no. 3002, 3005 or 3006) consisting of mixed or unmixed products for therapeutic or prophylactic use, put up in measured doses (incl. those in the form of transdermal admin. systems) or packed for retail sale",178,Congo,False,73.868,0.512,0.512
2020,3004,3004,"Medicaments; (not goods of heading no. 3002, 3005 or 3006) consisting of mixed or unmixed products for therapeutic or prophylactic use, put up in measured doses (incl. those in the form of transdermal admin. systems) or packed for retail sale",180,Dem. Rep. of the Congo,False,10.455,,0.0
2020,3004,3004,"Medicaments; (not goods of heading no. 3002, 3005 or 3006) consisting of mixed or unmixed products for therapeutic or prophylactic use, put up in measured doses (incl. those in the form of transdermal admin. systems) or packed for retail sale",191,Croatia,False,202.912,1.745,1.745
2020,3004,3004,"Medicaments; (not goods of heading no. 3002, 3005 or 3006) consisting of mixed or unmixed products for therapeutic or prophylactic use, put up in measured doses (incl. those in the form of transdermal admin. systems) or packed for retail sale",196,Cyprus,False,298.676,,0.0
2020,3004,3004,"Medicaments; (not goods of heading no. 3002, 3005 or 3006) consisting of mixed or unmixed products for therapeutic or prophylactic use, put up in measured doses (incl. those in the form of transdermal admin. systems) or packed for retail sale",203,Czechia,False,462422.109,2835.143,2835.143
2020,3004,3004,"Medicaments; (not goods of heading no. 3002, 3005 or 3006) consisting of mixed or unmixed products for therapeutic or prophylactic use, put up in measured doses (incl. those in the form of transdermal admin. systems) or packed for retail sale",208,Denmark,False,84155393.394,0.0,0.0
2020,3004,3004,"Medicaments; (not goods of heading no. 3002, 3005 or 3006) consisting of mixed or unmixed products for therapeutic or prophylactic use, put up in measured doses (incl. those in the form of transdermal admin. systems) or packed for retail sale",232,Eritrea,False,318.357,2.207,2.207
2020,3004,3004,"Medicaments; (not goods of heading no. 3002, 3005 or 3006) consisting of mixed or unmixed products for therapeutic or prophylactic use, put up in measured doses (incl. those in the form of transdermal admin. systems) or packed for retail sale",233,Estonia,False,227800.0,4967.801,4967.801
2020,3004,3004,"Medicaments; (not goods of heading no. 3002, 3005 or 3006) consisting of mixed or unmixed products for therapeutic or prophylactic use, put up in measured doses (incl. those in the form of transdermal admin. systems) or packed for retail sale",246,Finland,False,3557943.642,0.0,0.0
2020,3004,3004,"Medicaments; (not goods of heading no. 3002, 3005 or 3006) consisting of mixed or unmixed products for therapeutic or prophylactic use, put up in measured doses (incl. those in the form of transdermal admin. systems) or packed for retail sale",251,France,False,260059122.582,0.0,0.0
2020,3004,3004,"Medicaments; (not goods of heading no. 3002, 3005 or 3006) consisting of mixed or unmixed products for therapeutic or prophylactic use, put up in measured doses (incl. those in the form of transdermal admin. systems) or packed for retail sale",276,Germany,False,386655856.598,0.0,0.0
2020,3004,3004,"Medicaments; (not goods of heading no. 3002, 3005 or 3006) consisting of mixed or unmixed products for therapeutic or prophylactic use, put up in measured doses (incl. those in the form of transdermal admin. systems) or packed for retail sale",288,Ghana,False,38.035,,0.0
2020,3004,3004,"Medicaments; (not goods of heading no. 3002, 3005 or 3006) consisting of mixed or unmixed products for therapeutic or prophylactic use, put up in measured doses (incl. those in the form of transdermal admin. systems) or packed for retail sale",300,Greece,False,5107737.656,80179.645,80179.645
2020,3004,3004,"Medicaments; (not goods of heading no. 3002, 3005 or 3006) consisting of mixed or unmixed products for therapeutic or prophylactic use, put up in measured doses (incl. those in the form of transdermal admin. systems) or packed for retail sale",344,"China, Hong Kong SAR",False,518.562,6.928,6.928
2020,3004,3004,"Medicaments; (not goods of heading no. 3002, 3005 or 3006) consisting of mixed or unmixed products for therapeutic or prophylactic use, put up in measured doses (incl. those in the form of transdermal admin. systems) or packed for retail sale",348,Hungary,False,39421.57,,0.0
2020,3004,3004,"Medicaments; (not goods of heading no. 3002, 3005 or 3006) consisting of mixed or unmixed products for therapeutic or prophylactic use, put up in measured doses (incl. those in the form of transdermal admin. systems) or packed for retail sale",352,Iceland,False,95.322,,0.0
2020,3004,3004,"Medicaments; (not goods of heading no. 3002, 3005 or 3006) consisting of mixed or unmixed products for therapeutic or prophylactic use, put up in measured doses (incl. those in the form of transdermal admin. systems) or packed for retail sale",360,Indonesia,False,130.956,2.155,2.155
2020,3004,3004,"Medicaments; (not goods of heading no. 3002, 3005 or 3006) consisting of mixed or unmixed products for therapeutic or prophylactic use, put up in measured doses (incl. those in the form of transdermal admin. systems) or packed for retail sale",368,Iraq,False,94.984,,0.0
2020,3004,3004,"Medicaments; (not goods of heading no. 3002, 3005 or 3006) consisting of mixed or unmixed products for therapeutic or prophylactic use, put up in measured doses (incl. those in the form of transdermal admin. systems) or packed for retail sale",372,Ireland,False,84299516.919,0.0,0.0
2020,3004,3004,"Medicaments; (not goods of heading no. 3002, 3005 or 3006) consisting of mixed or unmixed products for therapeutic or prophylactic use, put up in measured doses (incl. those in the form of transdermal admin. systems) or packed for retail sale",376,Israel,False,6.209,0.043,0.043
2020,3004,3004,"Medicaments; (not goods of heading no. 3002, 3005 or 3006) consisting of mixed or unmixed products for therapeutic or prophylactic use, put up in measured doses (incl. those in the form of transdermal admin. systems) or packed for retail sale",380,Italy,False,131167965.994,0.0,0.0
2020,3004,3004,"Medicaments; (not goods of heading no. 3002, 3005 or 3006) consisting of mixed or unmixed products for therapeutic or prophylactic use, put up in measured doses (incl. those in the form of transdermal admin. systems) or packed for retail sale",388,Jamaica,False,10.0,,0.0
2020,3004,3004,"Medicaments; (not goods of heading no. 3002, 3005 or 3006) consisting of mixed or unmixed products for therapeutic or prophylactic use, put up in measured doses (incl. those in the form of transdermal admin. systems) or packed for retail sale",392,Japan,False,37164983.316,425651.715,425651.715
2020,3004,3004,"Medicaments; (not goods of heading no. 3002, 3005 or 3006) consisting of mixed or unmixed products for therapeutic or prophylactic use, put up in measured doses (incl. those in the form of transdermal admin. systems) or packed for retail sale",400,Jordan,False,26217870.438,0.0,0.0
2020,3004,3004,"Medicaments; (not goods of heading no. 3002, 3005 or 3006) consisting of mixed or unmixed products for therapeutic or prophylactic use, put up in measured doses (incl. those in the form of transdermal admin. systems) or packed for retail sale",404,Kenya,False,199404.248,2501.952,2501.952
2020,3004,3004,"Medicaments; (not goods of heading no. 3002, 3005 or 3006) consisting of mixed or unmixed products for therapeutic or prophylactic use, put up in measured doses (incl. those in the form of transdermal admin. systems) or packed for retail sale",410,Rep. of Korea,False,5817423.723,83846.824,83846.824
2020,3004,3004,"Medicaments; (not goods of heading no. 3002, 3005 or 3006) consisting of mixed or unmixed products for therapeutic or prophylactic use, put up in measured doses (incl. those in the form of transdermal admin. systems) or packed for retail sale",414,Kuwait,False,2087.34,25.601,25.601
2020,3004,3004,"Medicaments; (not goods of heading no. 3002, 3005 or 3006) consisting of mixed or unmixed products for therapeutic or prophylactic use, put up in measured doses (incl. those in the form of transdermal admin. systems) or packed for retail sale",422,Lebanon,False,44779.747,341.964,341.964
2020,3004,3004,"Medicaments; (not goods of heading no. 3002, 3005 or 3006) consisting of mixed or unmixed products for therapeutic or prophylactic use, put up in measured doses (incl. those in the form of transdermal admin. systems) or packed for retail sale",442,Luxembourg,False,286.216,,0.0
2020,3004,3004,"Medicaments; (not goods of heading no. 3002, 3005 or 3006) consisting of mixed or unmixed products for therapeutic or prophylactic use, put up in measured doses (incl. those in the form of transdermal admin. systems) or packed for retail sale",454,Malawi,False,10.0,,0.0
2020,3004,3004,"Medicaments; (not goods of heading no. 3002, 3005 or 3006) consisting of mixed or unmixed products for therapeutic or prophylactic use, put up in measured doses (incl. those in the form of transdermal admin. systems) or packed for retail sale",458,Malaysia,False,1329.696,9.606,9.606
2020,3004,3004,"Medicaments; (not goods of heading no. 3002, 3005 or 3006) consisting of mixed or unmixed products for therapeutic or prophylactic use, put up in measured doses (incl. those in the form of transdermal admin. systems) or packed for retail sale",466,Mali,False,10.71,,0.0
2020,3004,3004,"Medicaments; (not goods of heading no. 3002, 3005 or 3006) consisting of mixed or unmixed products for therapeutic or prophylactic use, put up in measured doses (incl. those in the form of transdermal admin. systems) or packed for retail sale",470,Malta,False,855.46,0.0,0.0
2020,3004,3004,"Medicaments; (not goods of heading no. 3002, 3005 or 3006) consisting of mixed or unmixed products for therapeutic or prophylactic use, put up in measured doses (incl. those in the form of transdermal admin. systems) or packed for retail sale",504,Morocco,False,223.287,,0.0
2020,3004,3004,"Medicaments; (not goods of heading no. 3002, 3005 or 3006) consisting of mixed or unmixed products for therapeutic or prophylactic use, put up in measured doses (incl. those in the form of transdermal admin. systems) or packed for retail sale",512,Oman,False,1333.198,9.594,9.594
2020,3004,3004,"Medicaments; (not goods of heading no. 3002, 3005 or 3006) consisting of mixed or unmixed products for therapeutic or prophylactic use, put up in measured doses (incl. those in the form of transdermal admin. systems) or packed for retail sale",528,Netherlands,False,53574773.087,510390.898,510390.898
2020,3004,3004,"Medicaments; (not goods of heading no. 3002, 3005 or 3006) consisting of mixed or unmixed products for therapeutic or prophylactic use, put up in measured doses (incl. those in the form of transdermal admin. systems) or packed for retail sale",554,New Zealand,False,271998.762,,0.0
2020,3004,3004,"Medicaments; (not goods of heading no. 3002, 3005 or 3006) consisting of mixed or unmixed products for therapeutic or prophylactic use, put up in measured doses (incl. those in the form of transdermal admin. systems) or packed for retail sale",566,Nigeria,False,263.539,,0.0
2020,3004,3004,"Medicaments; (not goods of heading no. 3002, 3005 or 3006) consisting of mixed or unmixed products for therapeutic or prophylactic use, put up in measured doses (incl. those in the form of transdermal admin. systems) or packed for retail sale",568,"Other Europe, nes",False,14362810.177,103846.068,103846.068
2020,3004,3004,"Medicaments; (not goods of heading no. 3002, 3005 or 3006) consisting of mixed or unmixed products for therapeutic or prophylactic use, put up in measured doses (incl. those in the form of transdermal admin. systems) or packed for retail sale",579,Norway,False,3698901.942,26742.815,26742.815
2020,3004,3004,"Medicaments; (not goods of heading no. 3002, 3005 or 3006) consisting of mixed or unmixed products for therapeutic or prophylactic use, put up in measured doses (incl. those in the form of transdermal admin. systems) or packed for retail sale",586,Pakistan,False,154019.772,1113.575,1113.575
2020,3004,3004,"Medicaments; (not goods of heading no. 3002, 3005 or 3006) consisting of mixed or unmixed products for therapeutic or prophylactic use, put up in measured doses (incl. those in the form of transdermal admin. systems) or packed for retail sale",608,Philippines,False,154.114,3.019,3.019
2020,3004,3004,"Medicaments; (not goods of heading no. 3002, 3005 or 3006) consisting of mixed or unmixed products for therapeutic or prophylactic use, put up in measured doses (incl. those in the form of transdermal admin. systems) or packed for retail sale",616,Poland,False,12376110.682,85605.597,85605.597
2020,3004,3004,"Medicaments; (not goods of heading no. 3002, 3005 or 3006) consisting of mixed or unmixed products for therapeutic or prophylactic use, put up in measured doses (incl. those in the form of transdermal admin. systems) or packed for retail sale",620,Portugal,False,6889101.51,49806.855,49806.855
2020,3004,3004,"Medicaments; (not goods of heading no. 3002, 3005 or 3006) consisting of mixed or unmixed products for therapeutic or prophylactic use, put up in measured doses (incl. those in the form of transdermal admin. systems) or packed for retail sale",634,Qatar,False,3823.427,29.564,29.564
2020,3004,3004,"Medicaments; (not goods of heading no. 3002, 3005 or 3006) consisting of mixed or unmixed products for therapeutic or prophylactic use, put up in measured doses (incl. those in the form of transdermal admin. systems) or packed for retail sale",642,Romania,False,72579.53,,0.0
2020,3004,3004,"Medicaments; (not goods of heading no. 3002, 3005 or 3006) consisting of mixed or unmixed products for therapeutic or prophylactic use, put up in measured doses (incl. those in the form of transdermal admin. systems) or packed for retail sale",643,Russian Federation,False,416612.58,,0.0
2020,3004,3004,"Medicaments; (not goods of heading no. 3002, 3005 or 3006) consisting of mixed or unmixed products for therapeutic or prophylactic use, put up in measured doses (incl. those in the form of transdermal admin. systems) or packed for retail sale",682,Saudi Arabia,False,48784009.156,457827.009,457827.009
2020,3004,3004,"Medicaments; (not goods of heading no. 3002, 3005 or 3006) consisting of mixed or unmixed products for therapeutic or prophylactic use, put up in measured doses (incl. those in the form of transdermal admin. systems) or packed for retail sale",690,Seychelles,False,200.0,,0.0
2020,3004,3004,"Medicaments; (not goods of heading no. 3002, 3005 or 3006) consisting of mixed or unmixed products for therapeutic or prophylactic use, put up in measured doses (incl. those in the form of transdermal admin. systems) or packed for retail sale",699,India,False,12085583.258,103777.922,103777.922
2020,3004,3004,"Medicaments; (not goods of heading no. 3002, 3005 or 3006) consisting of mixed or unmixed products for therapeutic or prophylactic use, put up in measured doses (incl. those in the form of transdermal admin. systems) or packed for retail sale",702,Singapore,False,41741503.899,301858.389,301858.389
2020,3004,3004,"Medicaments; (not goods of heading no. 3002, 3005 or 3006) consisting of mixed or unmixed products for therapeutic or prophylactic use, put up in measured doses (incl. those in the form of transdermal admin. systems) or packed for retail sale",705,Slovenia,False,589730.911,,0.0
2020,3004,3004,"Medicaments; (not goods of heading no. 3002, 3005 or 3006) consisting of mixed or unmixed products for therapeutic or prophylactic use, put up in measured doses (incl. those in the form of transdermal admin. systems) or packed for retail sale",710,South Africa,False,2110803.376,,0.0
2020,3004,3004,"Medicaments; (not goods of heading no. 3002, 3005 or 3006) consisting of mixed or unmixed products for therapeutic or prophylactic use, put up in measured doses (incl. those in the form of transdermal admin. systems) or packed for retail sale",724,Spain,False,69580078.88,513438.892,513438.892
2020,3004,3004,"Medicaments; (not goods of heading no. 3002, 3005 or 3006) consisting of mixed or unmixed products for therapeutic or prophylactic use, put up in measured doses (incl. those in the form of transdermal admin. systems) or packed for retail sale",728,South Sudan,False,75.829,,0.0
2020,3004,3004,"Medicaments; (not goods of heading no. 3002, 3005 or 3006) consisting of mixed or unmixed products for therapeutic or prophylactic use, put up in measured doses (incl. those in the form of transdermal admin. systems) or packed for retail sale",729,Sudan,False,1370.669,10.269,10.269
2020,3004,3004,"Medicaments; (not goods of heading no. 3002, 3005 or 3006) consisting of mixed or unmixed products for therapeutic or prophylactic use, put up in measured doses (incl. those in the form of transdermal admin. systems) or packed for retail sale",748,Eswatini,False,145702.156,3177.433,3177.433
2020,3004,3004,"Medicaments; (not goods of heading no. 3002, 3005 or 3006) consisting of mixed or unmixed products for therapeutic or prophylactic use, put up in measured doses (incl. those in the form of transdermal admin. systems) or packed for retail sale",752,Sweden,False,78331550.47,567307.555,567307.555
2020,3004,3004,"Medicaments; (not goods of heading no. 3002, 3005 or 3006) consisting of mixed or unmixed products for therapeutic or prophylactic use, put up in measured doses (incl. those in the form of transdermal admin. systems) or packed for retail sale",757,Switzerland,False,598191051.199,0.0,0.0
2020,3004,3004,"Medicaments; (not goods of heading no. 3002, 3005 or 3006) consisting of mixed or unmixed products for therapeutic or prophylactic use, put up in measured doses (incl. those in the form of transdermal admin. systems) or packed for retail sale",760,Syria,False,86667.09,,0.0
2020,3004,3004,"Medicaments; (not goods of heading no. 3002, 3005 or 3006) consisting of mixed or unmixed products for therapeutic or prophylactic use, put up in measured doses (incl. those in the form of transdermal admin. systems) or packed for retail sale",764,Thailand,False,1207.247,18.284,18.284
2020,3004,3004,"Medicaments; (not goods of heading no. 3002, 3005 or 3006) consisting of mixed or unmixed products for therapeutic or prophylactic use, put up in measured doses (incl. those in the form of transdermal admin. systems) or packed for retail sale",784,United Arab Emirates,False,20687831.903,0.0,0.0
2020,3004,3004,"Medicaments; (not goods of heading no. 3002, 3005 or 3006) consisting of mixed or unmixed products for therapeutic or prophylactic use, put up in measured doses (incl. those in the form of transdermal admin. systems) or packed for retail sale",788,Tunisia,False,672.266,6.383,6.383
2020,3004,3004,"Medicaments; (not goods of heading no. 3002, 3005 or 3006) consisting of mixed or unmixed products for therapeutic or prophylactic use, put up in measured doses (incl. those in the form of transdermal admin. systems) or packed for retail sale",792,Türkiye,False,1782063.539,12898.414,12898.414
2020,3004,3004,"Medicaments; (not goods of heading no. 3002, 3005 or 3006) consisting of mixed or unmixed products for therapeutic or prophylactic use, put up in measured doses (incl. those in the form of transdermal admin. systems) or packed for retail sale",804,Ukraine,False,424.519,2.953,2.953
2020,3004,3004,"Medicaments; (not goods of heading no. 3002, 3005 or 3006) consisting of mixed or unmixed products for therapeutic or prophylactic use, put up in measured doses (incl. those in the form of transdermal admin. systems) or packed for retail sale",826,United Kingdom,False,74994410.097,0.0,0.0
2020,3004,3004,"Medicaments; (not goods of heading no. 3002, 3005 or 3006) consisting of mixed or unmixed products for therapeutic or prophylactic use, put up in measured doses (incl. those in the form of transdermal admin. systems) or packed for retail sale",834,United Rep. of Tanzania,False,31.774,,0.0
2020,3004,3004,"Medicaments; (not goods of heading no. 3002, 3005 or 3006) consisting of mixed or unmixed products for therapeutic or prophylactic use, put up in measured doses (incl. those in the form of transdermal admin. systems) or packed for retail sale",842,USA,False,169209328.299,0.0,0.0
2020,3004,3004,"Medicaments; (not goods of heading no. 3002, 3005 or 3006) consisting of mixed or unmixed products for therapeutic or prophylactic use, put up in measured doses (incl. those in the form of transdermal admin. systems) or packed for retail sale",860,Uzbekistan,False,31.678,,0.0
2020,3004,3004,"Medicaments; (not goods of heading no. 3002, 3005 or 3006) consisting of mixed or unmixed products for therapeutic or prophylactic use, put up in measured doses (incl. those in the form of transdermal admin. systems) or packed for retail sale",887,Yemen,False,190.762,,0.0
2020,3004,3004,"Medicaments; (not goods of heading no. 3002, 3005 or 3006) consisting of mixed or unmixed products for therapeutic or prophylactic use, put up in measured doses (incl. those in the form of transdermal admin. systems) or packed for retail sale",899,"Areas, nes",False,1381.11,20.855,20.855
2021,3004,3004,"Medicaments; (not goods of heading no. 3002, 3005 or 3006) consisting of mixed or unmixed products for therapeutic or prophylactic use, put up in measured doses (incl. those in the form of transdermal admin. systems) or packed for retail sale",0,World,True,3071628823.99,,0.0
2021,3004,3004,"Medicaments; (not goods of heading no. 3002, 3005 or 3006) consisting of mixed or unmixed products for therapeutic or prophylactic use, put up in measured doses (incl. those in the form of transdermal admin. systems) or packed for retail sale",12,Algeria,False,6.332,0.119,0.119
2021,3004,3004,"Medicaments; (not goods of heading no. 3002, 3005 or 3006) consisting of mixed or unmixed products for therapeutic or prophylactic use, put up in measured doses (incl. those in the form of transdermal admin. systems) or packed for retail sale",32,Argentina,False,5690.527,,0.0
2021,3004,3004,"Medicaments; (not goods of heading no. 3002, 3005 or 3006) consisting of mixed or unmixed products for therapeutic or prophylactic use, put up in measured doses (incl. those in the form of transdermal admin. systems) or packed for retail sale",36,Australia,False,10698762.806,67016.991,67016.991
2021,3004,3004,"Medicaments; (not goods of heading no. 3002, 3005 or 3006) consisting of mixed or unmixed products for therapeutic or prophylactic use, put up in measured doses (incl. those in the form of transdermal admin. systems) or packed for retail sale",40,Austria,False,60674539.94,597212.946,597212.946
2021,3004,3004,"Medicaments; (not goods of heading no. 3002, 3005 or 3006) consisting of mixed or unmixed products for therapeutic or prophylactic use, put up in measured doses (incl. those in the form of transdermal admin. systems) or packed for retail sale",48,Bahrain,False,986.681,6.484,6.484
2021,3004,3004,"Medicaments; (not goods of heading no. 3002, 3005 or 3006) consisting of mixed or unmixed products for therapeutic or prophylactic use, put up in measured doses (incl. those in the form of transdermal admin. systems) or packed for retail sale",50,Bangladesh,False,64.694,1.259,1.259
2021,3004,3004,"Medicaments; (not goods of heading no. 3002, 3005 or 3006) consisting of mixed or unmixed products for therapeutic or prophylactic use, put up in measured doses (incl. those in the form of transdermal admin. systems) or packed for retail sale",56,Belgium,False,62588743.641,485799.546,485799.546
2021,3004,3004,"Medicaments; (not goods of heading no. 3002, 3005 or 3006) consisting of mixed or unmixed products for therapeutic or prophylactic use, put up in measured doses (incl. those in the form of transdermal admin. systems) or packed for retail sale",76,Brazil,False,34398628.725,427237.709,427237.709
2021,3004,3004,"Medicaments; (not goods of heading no. 3002, 3005 or 3006) consisting of mixed or unmixed products for therapeutic or prophylactic use, put up in measured doses (incl. those in the form of transdermal admin. systems) or packed for retail sale",100,Bulgaria,False,286728.468,2395.442,2395.442
2021,3004,3004,"Medicaments; (not goods of heading no. 3002, 3005 or 3006) consisting of mixed or unmixed products for therapeutic or prophylactic use, put up in measured doses (incl. those in the form of transdermal admin. systems) or packed for retail sale",124,Canada,False,1536777.94,12194.266,12194.266
2021,3004,3004,"Medicaments; (not goods of heading no. 3002, 3005 or 3006) consisting of mixed or unmixed products for therapeutic or prophylactic use, put up in measured doses (incl. those in the form of transdermal admin. systems) or packed for retail sale",152,Chile,False,636.416,12.383,12.383
2021,3004,3004,"Medicaments; (not goods of heading no. 3002, 3005 or 3006) consisting of mixed or unmixed products for therapeutic or prophylactic use, put up in measured doses (incl. those in the form of transdermal admin. systems) or packed for retail sale",156,China,False,21341755.778,152524.757,152524.757
2021,3004,3004,"Medicaments; (not goods of heading no. 3002, 3005 or 3006) consisting of mixed or unmixed products for therapeutic or prophylactic use, put up in measured doses (incl. those in the form of transdermal admin. systems) or packed for retail sale",170,Colombia,False,20.0,,0.0
2021,3004,3004,"Medicaments; (not goods of heading no. 3002, 3005 or 3006) consisting of mixed or unmixed products for therapeutic or prophylactic use, put up in measured doses (incl. those in the form of transdermal admin. systems) or packed for retail sale",196,Cyprus,False,142934.091,2564.885,2564.885
2021,3004,3004,"Medicaments; (not goods of heading no. 3002, 3005 or 3006) consisting of mixed or unmixed products for therapeutic or prophylactic use, put up in measured doses (incl. those in the form of transdermal admin. systems) or packed for retail sale",203,Czechia,False,1408531.471,14968.239,14968.239
2021,3004,3004,"Medicaments; (not goods of heading no. 3002, 3005 or 3006) consisting of mixed or unmixed products for therapeutic or prophylactic use, put up in measured doses (incl. those in the form of transdermal admin. systems) or packed for retail sale",208,Denmark,False,113297339.87,817908.268,817908.268
2021,3004,3004,"Medicaments; (not goods of heading no. 3002, 3005 or 3006) consisting of mixed or unmixed products for therapeutic or prophylactic use, put up in measured doses (incl. those in the form of transdermal admin. systems) or packed for retail sale",231,Ethiopia,False,37.523,0.707,0.707
2021,3004,3004,"Medicaments; (not goods of heading no. 3002, 3005 or 3006) consisting of mixed or unmixed products for therapeutic or prophylactic use, put up in measured doses (incl. those in the form of transdermal admin. systems) or packed for retail sale",246,Finland,False,5644823.974,36584.455,36584.455
2021,3004,3004,"Medicaments; (not goods of heading no. 3002, 3005 or 3006) consisting of mixed or unmixed products for therapeutic or prophylactic use, put up in measured doses (incl. those in the form of transdermal admin. systems) or packed for retail sale",251,France,False,262125062.122,1934388.641,1934388.641
2021,3004,3004,"Medicaments; (not goods of heading no. 3002, 3005 or 3006) consisting of mixed or unmixed products for therapeutic or prophylactic use, put up in measured doses (incl. those in the form of transdermal admin. systems) or packed for retail sale",275,State of Palestine,False,1832235.757,,0.0
2021,3004,3004,"Medicaments; (not goods of heading no. 3002, 3005 or 3006) consisting of mixed or unmixed products for therapeutic or prophylactic use, put up in measured doses (incl. those in the form of transdermal admin. systems) or packed for retail sale",276,Germany,False,446280914.405,0.0,0.0
2021,3004,3004,"Medicaments; (not goods of heading no. 3002, 3005 or 3006) consisting of mixed or unmixed products for therapeutic or prophylactic use, put up in measured doses (incl. those in the form of transdermal admin. systems) or packed for retail sale",288,Ghana,False,6.353,0.12,0.12
2021,3004,3004,"Medicaments; (not goods of heading no. 3002, 3005 or 3006) consisting of mixed or unmixed products for therapeutic or prophylactic use, put up in measured doses (incl. those in the form of transdermal admin. systems) or packed for retail sale",300,Greece,False,8086375.604,95283.323,95283.323
2021,3004,3004,"Medicaments; (not goods of heading no. 3002, 3005 or 3006) consisting of mixed or unmixed products for therapeutic or prophylactic use, put up in measured doses (incl. those in the form of transdermal admin. systems) or packed for retail sale",344,"China, Hong Kong SAR",False,81.745,1.377,1.377
2021,3004,3004,"Medicaments; (not goods of heading no. 3002, 3005 or 3006) consisting of mixed or unmixed products for therapeutic or prophylactic use, put up in measured doses (incl. those in the form of transdermal admin. systems) or packed for retail sale",348,Hungary,False,716454.501,4490.374,4490.374
2021,3004,3004,"Medicaments; (not goods of heading no. 3002, 3005 or 3006) consisting of mixed or unmixed products for therapeutic or prophylactic use, put up in measured doses (incl. those in the form of transdermal admin. systems) or packed for retail sale",368,Iraq,False,471.358,3.184,3.184
2021,3004,3004,"Medicaments; (not goods of heading no. 3002, 3005 or 3006) consisting of mixed or unmixed products for therapeutic or prophylactic use, put up in measured doses (incl. those in the form of transdermal admin. systems) or packed for retail sale",372,Ireland,False,148762760.28,1116182.586,1116182.586
2021,3004,3004,"Medicaments; (not goods of heading no. 3002, 3005 or 3006) consisting of mixed or unmixed products for therapeutic or prophylactic use, put up in measured doses (incl. those in the form of transdermal admin. systems) or packed for retail sale",380,Italy,False,159756510.835,1195371.016,1195371.016
2021,3004,3004,"Medicaments; (not goods of heading no. 3002, 3005 or 3006) consisting of mixed or unmixed products for therapeutic or prophylactic use, put up in measured doses (incl. those in the form of transdermal admin. systems) or packed for retail sale",388,Jamaica,False,63.445,,0.0
2021,3004,3004,"Medicaments; (not goods of heading no. 3002, 3005 or 3006) consisting of mixed or unmixed products for therapeutic or prophylactic use, put up in measured doses (incl. those in the form of transdermal admin. systems) or packed for retail sale",392,Japan,False,74592954.546,475131.248,475131.248
2021,3004,3004,"Medicaments; (not goods of heading no. 3002, 3005 or 3006) consisting of mixed or unmixed products for therapeutic or prophylactic use, put up in measured doses (incl. those in the form of transdermal admin. systems) or packed for retail sale",398,Kazakhstan,False,6.339,0.119,0.119
2021,3004,3004,"Medicaments; (not goods of heading no. 3002, 3005 or 3006) consisting of mixed or unmixed products for therapeutic or prophylactic use, put up in measured doses (incl. those in the form of transdermal admin. systems) or packed for retail sale",400,Jordan,False,23898277.06,169377.368,169377.368
2021,3004,3004,"Medicaments; (not goods of heading no. 3002, 3005 or 3006) consisting of mixed or unmixed products for therapeutic or prophylactic use, put up in measured doses (incl. those in the form of transdermal admin. systems) or packed for retail sale",410,Rep. of Korea,False,10942492.598,98581.157,98581.157
2021,3004,3004,"Medicaments; (not goods of heading no. 3002, 3005 or 3006) consisting of mixed or unmixed products for therapeutic or prophylactic use, put up in measured doses (incl. those in the form of transdermal admin. systems) or packed for retail sale",414,Kuwait,False,660.272,7.177,7.177
2021,3004,3004,"Medicaments; (not goods of heading no. 3002, 3005 or 3006) consisting of mixed or unmixed products for therapeutic or prophylactic use, put up in measured doses (incl. those in the form of transdermal admin. systems) or packed for retail sale",422,Lebanon,False,88.786,1.674,1.674
2021,3004,3004,"Medicaments; (not goods of heading no. 3002, 3005 or 3006) consisting of mixed or unmixed products for therapeutic or prophylactic use, put up in measured doses (incl. those in the form of transdermal admin. systems) or packed for retail sale",428,Latvia,False,6.338,0.119,0.119
2021,3004,3004,"Medicaments; (not goods of heading no. 3002, 3005 or 3006) consisting of mixed or unmixed products for therapeutic or prophylactic use, put up in measured doses (incl. those in the form of transdermal admin. systems) or packed for retail sale",442,Luxembourg,False,12.677,0.239,0.239
2021,3004,3004,"Medicaments; (not goods of heading no. 3002, 3005 or 3006) consisting of mixed or unmixed products for therapeutic or prophylactic use, put up in measured doses (incl. those in the form of transdermal admin. systems) or packed for retail sale",458,Malaysia,False,200.054,,0.0
2021,3004,3004,"Medicaments; (not goods of heading no. 3002, 3005 or 3006) consisting of mixed or unmixed products for therapeutic or prophylactic use, put up in measured doses (incl. those in the form of transdermal admin. systems) or packed for retail sale",470,Malta,False,133.089,,0.0
2021,3004,3004,"Medicaments; (not goods of heading no. 3002, 3005 or 3006) consisting of mixed or unmixed products for therapeutic or prophylactic use, put up in measured doses (incl. those in the form of transdermal admin. systems) or packed for retail sale",490,"Other Asia, nes",False,245158.187,2346.735,2346.735
2021,3004,3004,"Medicaments; (not goods of heading no. 3002, 3005 or 3006) consisting of mixed or unmixed products for therapeutic or prophylactic use, put up in measured doses (incl. those in the form of transdermal admin. systems) or packed for retail sale",504,Morocco,False,128.137,0.807,0.807
2021,3004,3004,"Medicaments; (not goods of heading no. 3002, 3005 or 3006) consisting of mixed or unmixed products for therapeutic or prophylactic use, put up in measured doses (incl. those in the form of transdermal admin. systems) or packed for retail sale",512,Oman,False,25.373,0.319,0.319
2021,3004,3004,"Medicaments; (not goods of heading no. 3002, 3005 or 3006) consisting of mixed or unmixed products for therapeutic or prophylactic use, put up in measured doses (incl. those in the form of transdermal admin. systems) or packed for retail sale",524,Nepal,False,6.365,0.12,0.12
2021,3004,3004,"Medicaments; (not goods of heading no. 3002, 3005 or 3006) consisting of mixed or unmixed products for therapeutic or prophylactic use, put up in measured doses (incl. those in the form of transdermal admin. systems) or packed for retail sale",528,Netherlands,False,60692864.181,467624.999,467624.999
2021,3004,3004,"Medicaments; (not goods of heading no. 3002, 3005 or 3006) consisting of mixed or unmixed products for therapeutic or prophylactic use, put up in measured doses (incl. those in the form of transdermal admin. systems) or packed for retail sale",554,New Zealand,False,586659.1,,0.0
2021,3004,3004,"Medicaments; (not goods of heading no. 3002, 3005 or 3006) consisting of mixed or unmixed products for therapeutic or prophylactic use, put up in measured doses (incl. those in the form of transdermal admin. systems) or packed for retail sale",566,Nigeria,False,38.677,0.321,0.321
2021,3004,3004,"Medicaments; (not goods of heading no. 3002, 3005 or 3006) consisting of mixed or unmixed products for therapeutic or prophylactic use, put up in measured doses (incl. those in the form of transdermal admin. systems) or packed for retail sale",568,"Other Europe, nes",False,57277278.086,369571.411,369571.411
2021,3004,3004,"Medicaments; (not goods of heading no. 3002, 3005 or 3006) consisting of mixed or unmixed products for therapeutic or prophylactic use, put up in measured doses (incl. those in the form of transdermal admin. systems) or packed for retail sale",579,Norway,False,1914789.739,12506.346,12506.346
2021,3004,3004,"Medicaments; (not goods of heading no. 3002, 3005 or 3006) consisting of mixed or unmixed products for therapeutic or prophylactic use, put up in measured doses (incl. those in the form of transdermal admin. systems) or packed for retail sale",586,Pakistan,False,1413723.996,9156.51,9156.51
2021,3004,3004,"Medicaments; (not goods of heading no. 3002, 3005 or 3006) consisting of mixed or unmixed products for therapeutic or prophylactic use, put up in measured doses (incl. those in the form of transdermal admin. systems) or packed for retail sale",608,Philippines,False,1175.641,10.877,10.877
2021,3004,3004,"Medicaments; (not goods of heading no. 3002, 3005 or 3006) consisting of mixed or unmixed products for therapeutic or prophylactic use, put up in measured doses (incl. those in the form of transdermal admin. systems) or packed for retail sale",616,Poland,False,23120847.938,146433.515,146433.515
2021,3004,3004,"Medicaments; (not goods of heading no. 3002, 3005 or 3006) consisting of mixed or unmixed products for therapeutic or prophylactic use, put up in measured doses (incl. those in the form of transdermal admin. systems) or packed for retail sale",620,Portugal,False,6681821.674,55045.282,55045.282
2021,3004,3004,"Medicaments; (not goods of heading no. 3002, 3005 or 3006) consisting of mixed or unmixed products for therapeutic or prophylactic use, put up in measured doses (incl. those in the form of transdermal admin. systems) or packed for retail sale",634,Qatar,False,285.143,2.834,2.834
2021,3004,3004,"Medicaments; (not goods of heading no. 3002, 3005 or 3006) consisting of mixed or unmixed products for therapeutic or prophylactic use, put up in measured doses (incl. those in the form of transdermal admin. systems) or packed for retail sale",642,Romania,False,768063.699,4835.862,4835.862
2021,3004,3004,"Medicaments; (not goods of heading no. 3002, 3005 or 3006) consisting of mixed or unmixed products for therapeutic or prophylactic use, put up in measured doses (incl. those in the form of transdermal admin. systems) or packed for retail sale",643,Russian Federation,False,462.227,4.938,4.938
2021,3004,3004,"Medicaments; (not goods of heading no. 3002, 3005 or 3006) consisting of mixed or unmixed products for therapeutic or prophylactic use, put up in measured doses (incl. those in the form of transdermal admin. systems) or packed for retail sale",682,Saudi Arabia,False,40901146.268,0.0,0.0
2021,3004,3004,"Medicaments; (not goods of heading no. 3002, 3005 or 3006) consisting of mixed or unmixed products for therapeutic or prophylactic use, put up in measured doses (incl. those in the form of transdermal admin. systems) or packed for retail sale",699,India,False,18170182.231,154596.475,154596.475
2021,3004,3004,"Medicaments; (not goods of heading no. 3002, 3005 or 3006) consisting of mixed or unmixed products for therapeutic or prophylactic use, put up in measured doses (incl. those in the form of transdermal admin. systems) or packed for retail sale",702,Singapore,False,76586888.886,491892.705,491892.705
2021,3004,3004,"Medicaments; (not goods of heading no. 3002, 3005 or 3006) consisting of mixed or unmixed products for therapeutic or prophylactic use, put up in measured doses (incl. those in the form of transdermal admin. systems) or packed for retail sale",703,Slovakia,False,101.48,1.975,1.975
2021,3004,3004,"Medicaments; (not goods of heading no. 3002, 3005 or 3006) consisting of mixed or unmixed products for therapeutic or prophylactic use, put up in measured doses (incl. those in the form of transdermal admin. systems) or packed for retail sale",704,Viet Nam,False,3736.878,33.62,33.62
2021,3004,3004,"Medicaments; (not goods of heading no. 3002, 3005 or 3006) consisting of mixed or unmixed products for therapeutic or prophylactic use, put up in measured doses (incl. those in the form of transdermal admin. systems) or packed for retail sale",705,Slovenia,False,15411208.644,,0.0
2021,3004,3004,"Medicaments; (not goods of heading no. 3002, 3005 or 3006) consisting of mixed or unmixed products for therapeutic or prophylactic use, put up in measured doses (incl. those in the form of transdermal admin. systems) or packed for retail sale",710,South Africa,False,181279.594,,0.0
2021,3004,3004,"Medicaments; (not goods of heading no. 3002, 3005 or 3006) consisting of mixed or unmixed products for therapeutic or prophylactic use, put up in measured doses (incl. those in the form of transdermal admin. systems) or packed for retail sale",724,Spain,False,95716455.108,711076.44,711076.44
2021,3004,3004,"Medicaments; (not goods of heading no. 3002, 3005 or 3006) consisting of mixed or unmixed products for therapeutic or prophylactic use, put up in measured doses (incl. those in the form of transdermal admin. systems) or packed for retail sale",752,Sweden,False,100992613.948,673200.285,673200.285
2021,3004,3004,"Medicaments; (not goods of heading no. 3002, 3005 or 3006) consisting of mixed or unmixed products for therapeutic or prophylactic use, put up in measured doses (incl. those in the form of transdermal admin. systems) or packed for retail sale",757,Switzerland,False,710334329.737,4710832.202,4710832.202
2021,3004,3004,"Medicaments; (not goods of heading no. 3002, 3005 or 3006) consisting of mixed or unmixed products for therapeutic or prophylactic use, put up in measured doses (incl. those in the form of transdermal admin. systems) or packed for retail sale",760,Syria,False,12.662,0.239,0.239
2021,3004,3004,"Medicaments; (not goods of heading no. 3002, 3005 or 3006) consisting of mixed or unmixed products for therapeutic or prophylactic use, put up in measured doses (incl. those in the form of transdermal admin. systems) or packed for retail sale",764,Thailand,False,58.563,0.848,0.848
2021,3004,3004,"Medicaments; (not goods of heading no. 3002, 3005 or 3006) consisting of mixed or unmixed products for therapeutic or prophylactic use, put up in measured doses (incl. those in the form of transdermal admin. systems) or packed for retail sale",780,Trinidad and Tobago,False,389.64,2.461,2.461
2021,3004,3004,"Medicaments; (not goods of heading no. 3002, 3005 or 3006) consisting of mixed or unmixed products for therapeutic or prophylactic use, put up in measured doses (incl. those in the form of transdermal admin. systems) or packed for retail sale",784,United Arab Emirates,False,24328379.808,0.0,0.0
2021,3004,3004,"Medicaments; (not goods of heading no. 3002, 3005 or 3006) consisting of mixed or unmixed products for therapeutic or prophylactic use, put up in measured doses (incl. those in the form of transdermal admin. systems) or packed for retail sale",792,Türkiye,False,1527856.533,15148.168,15148.168
2021,3004,3004,"Medicaments; (not goods of heading no. 3002, 3005 or 3006) consisting of mixed or unmixed products for therapeutic or prophylactic use, put up in measured doses (incl. those in the form of transdermal admin. systems) or packed for retail sale",800,Uganda,False,9437.04,59.601,59.601
2021,3004,3004,"Medicaments; (not goods of heading no. 3002, 3005 or 3006) consisting of mixed or unmixed products for therapeutic or prophylactic use, put up in measured doses (incl. those in the form of transdermal admin. systems) or packed for retail sale",804,Ukraine,False,63.464,,0.0
2021,3004,3004,"Medicaments; (not goods of heading no. 3002, 3005 or 3006) consisting of mixed or unmixed products for therapeutic or prophylactic use, put up in measured doses (incl. those in the form of transdermal admin. systems) or packed for retail sale",826,United Kingdom,False,86793694.448,590112.254,590112.254
2021,3004,3004,"Medicaments; (not goods of heading no. 3002, 3005 or 3006) consisting of mixed or unmixed products for therapeutic or prophylactic use, put up in measured doses (incl. those in the form of transdermal admin. systems) or packed for retail sale",834,United Rep. of Tanzania,False,100.0,,0.0
2021,3004,3004,"Medicaments; (not goods of heading no. 3002, 3005 or 3006) consisting of mixed or unmixed products for therapeutic or prophylactic use, put up in measured doses (incl. those in the form of transdermal admin. systems) or packed for retail sale",842,USA,False,298944329.655,2359227.564,2359227.564
2021,3004,3004,"Medicaments; (not goods of heading no. 3002, 3005 or 3006) consisting of mixed or unmixed products for therapeutic or prophylactic use, put up in measured doses (incl. those in the form of transdermal admin. systems) or packed for retail sale",860,Uzbekistan,False,6.328,0.119,0.119
2021,3004,3004,"Medicaments; (not goods of heading no. 3002, 3005 or 3006) consisting of mixed or unmixed products for therapeutic or prophylactic use, put up in measured doses (incl. those in the form of transdermal admin. systems) or packed for retail sale",887,Yemen,False,12.677,0.239,0.239
2021,3004,3004,"Medicaments; (not goods of heading no. 3002, 3005 or 3006) consisting of mixed or unmixed products for therapeutic or prophylactic use, put up in measured doses (incl. those in the form of transdermal admin. systems) or packed for retail sale",899,"Areas, nes",False,435.196,5.677,5.677
2022,3004,3004,"Medicaments; (not goods of heading no. 3002, 3005 or 3006) consisting of mixed or unmixed products for therapeutic or prophylactic use, put up in measured doses (incl. those in the form of transdermal admin. systems) or packed for retail sale",0,World,True,3300908018.168,,0.0
2022,3004,3004,"Medicaments; (not goods of heading no. 3002, 3005 or 3006) consisting of mixed or unmixed products for therapeutic or prophylactic use, put up in measured doses (incl. those in the form of transdermal admin. systems) or packed for retail sale",12,Algeria,False,28.788,,0.0
2022,3004,3004,"Medicaments; (not goods of heading no. 3002, 3005 or 3006) consisting of mixed or unmixed products for therapeutic or prophylactic use, put up in measured doses (incl. those in the form of transdermal admin. systems) or packed for retail sale",36,Australia,False,7869500.033,50339.853,50339.853
2022,3004,3004,"Medicaments; (not goods of heading no. 3002, 3005 or 3006) consisting of mixed or unmixed products for therapeutic or prophylactic use, put up in measured doses (incl. those in the form of transdermal admin. systems) or packed for retail sale",40,Austria,False,103525738.711,1068507.126,1068507.126
2022,3004,3004,"Medicaments; (not goods of heading no. 3002, 3005 or 3006) consisting of mixed or unmixed products for therapeutic or prophylactic use, put up in measured doses (incl. those in the form of transdermal admin. systems) or packed for retail sale",48,Bahrain,False,2859.399,,0.0
2022,3004,3004,"Medicaments; (not goods of heading no. 3002, 3005 or 3006) consisting of mixed or unmixed products for therapeutic or prophylactic use, put up in measured doses (incl. those in the form of transdermal admin. systems) or packed for retail sale",50,Bangladesh,False,10.96,,0.0
2022,3004,3004,"Medicaments; (not goods of heading no. 3002, 3005 or 3006) consisting of mixed or unmixed products for therapeutic or prophylactic use, put up in measured doses (incl. those in the form of transdermal admin. systems) or packed for retail sale",56,Belgium,False,71874670.429,572956.208,572956.208
2022,3004,3004,"Medicaments; (not goods of heading no. 3002, 3005 or 3006) consisting of mixed or unmixed products for therapeutic or prophylactic use, put up in measured doses (incl. those in the form of transdermal admin. systems) or packed for retail sale",76,Brazil,False,46094271.746,487708.22,487708.22
2022,3004,3004,"Medicaments; (not goods of heading no. 3002, 3005 or 3006) consisting of mixed or unmixed products for therapeutic or prophylactic use, put up in measured doses (incl. those in the form of transdermal admin. systems) or packed for retail sale",100,Bulgaria,False,531159.227,,0.0
2022,3004,3004,"Medicaments; (not goods of heading no. 3002, 3005 or 3006) consisting of mixed or unmixed products for therapeutic or prophylactic use, put up in measured doses (incl. those in the form of transdermal admin. systems) or packed for retail sale",124,Canada,False,9688525.856,90175.696,90175.696
2022,3004,3004,"Medicaments; (not goods of heading no. 3002, 3005 or 3006) consisting of mixed or unmixed products for therapeutic or prophylactic use, put up in measured doses (incl. those in the form of transdermal admin. systems) or packed for retail sale",156,China,False,18985693.089,136015.113,136015.113
2022,3004,3004,"Medicaments; (not goods of heading no. 3002, 3005 or 3006) consisting of mixed or unmixed products for therapeutic or prophylactic use, put up in measured doses (incl. those in the form of transdermal admin. systems) or packed for retail sale",170,Colombia,False,101.0,,0.0
2022,3004,3004,"Medicaments; (not goods of heading no. 3002, 3005 or 3006) consisting of mixed or unmixed products for therapeutic or prophylactic use, put up in measured doses (incl. those in the form of transdermal admin. systems) or packed for retail sale",196,Cyprus,False,586992.9,12468.971,12468.971
2022,3004,3004,"Medicaments; (not goods of heading no. 3002, 3005 or 3006) consisting of mixed or unmixed products for therapeutic or prophylactic use, put up in measured doses (incl. those in the form of transdermal admin. systems) or packed for retail sale",203,Czechia,False,1698313.503,20444.78,20444.78
2022,3004,3004,"Medicaments; (not goods of heading no. 3002, 3005 or 3006) consisting of mixed or unmixed products for therapeutic or prophylactic use, put up in measured doses (incl. those in the form of transdermal admin. systems) or packed for retail sale",208,Denmark,False,97144209.086,881940.688,881940.688
2022,3004,3004,"Medicaments; (not goods of heading no. 3002, 3005 or 3006) consisting of mixed or unmixed products for therapeutic or prophylactic use, put up in measured doses (incl. those in the form of transdermal admin. systems) or packed for retail sale",246,Finland,False,9094928.537,99023.841,99023.841
2022,3004,3004,"Medicaments; (not goods of heading no. 3002, 3005 or 3006) consisting of mixed or unmixed products for therapeutic or prophylactic use, put up in measured doses (incl. those in the form of transdermal admin. systems) or packed for retail sale",251,France,False,250768514.572,1909696.467,1909696.467
2022,3004,3004,"Medicaments; (not goods of heading no. 3002, 3005 or 3006) consisting of mixed or unmixed products for therapeutic or prophylactic use, put up in measured doses (incl. those in the form of transdermal admin. systems) or packed for retail sale",268,Georgia,False,6512.564,138.344,138.344
2022,3004,3004,"Medicaments; (not goods of heading no. 3002, 3005 or 3006) consisting of mixed or unmixed products for therapeutic or prophylactic use, put up in measured doses (incl. those in the form of transdermal admin. systems) or packed for retail sale",276,Germany,False,504155775.284,3641831.566,3641831.566
2022,3004,3004,"Medicaments; (not goods of heading no. 3002, 3005 or 3006) consisting of mixed or unmixed products for therapeutic or prophylactic use, put up in measured doses (incl. those in the form of transdermal admin. systems) or packed for retail sale",300,Greece,False,9458600.515,139560.707,139560.707
2022,3004,3004,"Medicaments; (not goods of heading no. 3002, 3005 or 3006) consisting of mixed or unmixed products for therapeutic or prophylactic use, put up in measured doses (incl. those in the form of transdermal admin. systems) or packed for retail sale",344,"China, Hong Kong SAR",False,20.146,,0.0
2022,3004,3004,"Medicaments; (not goods of heading no. 3002, 3005 or 3006) consisting of mixed or unmixed products for therapeutic or prophylactic use, put up in measured doses (incl. those in the form of transdermal admin. systems) or packed for retail sale",348,Hungary,False,5945899.899,41650.977,41650.977
2022,3004,3004,"Medicaments; (not goods of heading no. 3002, 3005 or 3006) consisting of mixed or unmixed products for therapeutic or prophylactic use, put up in measured doses (incl. those in the form of transdermal admin. systems) or packed for retail sale",364,Iran,False,376713.0,8002.36,8002.36
2022,3004,3004,"Medicaments; (not goods of heading no. 3002, 3005 or 3006) consisting of mixed or unmixed products for therapeutic or prophylactic use, put up in measured doses (incl. those in the form of transdermal admin. systems) or packed for retail sale",372,Ireland,False,114718652.633,1214808.018,1214808.018
2022,3004,3004,"Medicaments; (not goods of heading no. 3002, 3005 or 3006) consisting of mixed or unmixed products for therapeutic or prophylactic use, put up in measured doses (incl. those in the form of transdermal admin. systems) or packed for retail sale",376,Israel,False,196.3,4.17,4.17
2022,3004,3004,"Medicaments; (not goods of heading no. 3002, 3005 or 3006) consisting of mixed or unmixed products for therapeutic or prophylactic use, put up in measured doses (incl. those in the form of transdermal admin. systems) or packed for retail sale",380,Italy,False,193743986.888,1628766.133,1628766.133
2022,3004,3004,"Medicaments; (not goods of heading no. 3002, 3005 or 3006) consisting of mixed or unmixed products for therapeutic or prophylactic use, put up in measured doses (incl. those in the form of transdermal admin. systems) or packed for retail sale",392,Japan,False,100721792.893,610791.896,610791.896
2022,3004,3004,"Medicaments; (not goods of heading no. 3002, 3005 or 3006) consisting of mixed or unmixed products for therapeutic or prophylactic use, put up in measured doses (incl. those in the form of transdermal admin. systems) or packed for retail sale",400,Jordan,False,23220559.126,205975.477,205975.477
2022,3004,3004,"Medicaments; (not goods of heading no. 3002, 3005 or 3006) consisting of mixed or unmixed products for therapeutic or prophylactic use, put up in measured doses (incl. those in the form of transdermal admin. systems) or packed for retail sale",410,Rep. of Korea,False,22547552.35,176290.745,176290.745
2022,3004,3004,"Medicaments; (not goods of heading no. 3002, 3005 or 3006) consisting of mixed or unmixed products for therapeutic or prophylactic use, put up in measured doses (incl. those in the form of transdermal admin. systems) or packed for retail sale",414,Kuwait,False,506.866,,0.0
2022,3004,3004,"Medicaments; (not goods of heading no. 3002, 3005 or 3006) consisting of mixed or unmixed products for therapeutic or prophylactic use, put up in measured doses (incl. those in the form of transdermal admin. systems) or packed for retail sale",422,Lebanon,False,12.675,,0.0
2022,3004,3004,"Medicaments; (not goods of heading no. 3002, 3005 or 3006) consisting of mixed or unmixed products for therapeutic or prophylactic use, put up in measured doses (incl. those in the form of transdermal admin. systems) or packed for retail sale",440,Lithuania,False,6.277,0.133,0.133
2022,3004,3004,"Medicaments; (not goods of heading no. 3002, 3005 or 3006) consisting of mixed or unmixed products for therapeutic or prophylactic use, put up in measured doses (incl. those in the form of transdermal admin. systems) or packed for retail sale",470,Malta,False,174613.551,3709.244,3709.244
2022,3004,3004,"Medicaments; (not goods of heading no. 3002, 3005 or 3006) consisting of mixed or unmixed products for therapeutic or prophylactic use, put up in measured doses (incl. those in the form of transdermal admin. systems) or packed for retail sale",490,"Other Asia, nes",False,20.521,,0.0
2022,3004,3004,"Medicaments; (not goods of heading no. 3002, 3005 or 3006) consisting of mixed or unmixed products for therapeutic or prophylactic use, put up in measured doses (incl. those in the form of transdermal admin. systems) or packed for retail sale",504,Morocco,False,10.94,,0.0
2022,3004,3004,"Medicaments; (not goods of heading no. 3002, 3005 or 3006) consisting of mixed or unmixed products for therapeutic or prophylactic use, put up in measured doses (incl. those in the form of transdermal admin. systems) or packed for retail sale",512,Oman,False,115.531,2.333,2.333
2022,3004,3004,"Medicaments; (not goods of heading no. 3002, 3005 or 3006) consisting of mixed or unmixed products for therapeutic or prophylactic use, put up in measured doses (incl. those in the form of transdermal admin. systems) or packed for retail sale",528,Netherlands,False,93571347.672,806763.642,806763.642
2022,3004,3004,"Medicaments; (not goods of heading no. 3002, 3005 or 3006) consisting of mixed or unmixed products for therapeutic or prophylactic use, put up in measured doses (incl. those in the form of transdermal admin. systems) or packed for retail sale",554,New Zealand,False,684991.821,4233.028,4233.028
2022,3004,3004,"Medicaments; (not goods of heading no. 3002, 3005 or 3006) consisting of mixed or unmixed products for therapeutic or prophylactic use, put up in measured doses (incl. those in the form of transdermal admin. systems) or packed for retail sale",562,Niger,False,71992.5,,0.0
2022,3004,3004,"Medicaments; (not goods of heading no. 3002, 3005 or 3006) consisting of mixed or unmixed products for therapeutic or prophylactic use, put up in measured doses (incl. those in the form of transdermal admin. systems) or packed for retail sale",566,Nigeria,False,6.338,,0.0
2022,3004,3004,"Medicaments; (not goods of heading no. 3002, 3005 or 3006) consisting of mixed or unmixed products for therapeutic or prophylactic use, put up in measured doses (incl. those in the form of transdermal admin. systems) or packed for retail sale",568,"Other Europe, nes",False,19586338.42,120271.216,120271.216
2022,3004,3004,"Medicaments; (not goods of heading no. 3002, 3005 or 3006) consisting of mixed or unmixed products for therapeutic or prophylactic use, put up in measured doses (incl. those in the form of transdermal admin. systems) or packed for retail sale",579,Norway,False,2396413.533,,0.0
2022,3004,3004,"Medicaments; (not goods of heading no. 3002, 3005 or 3006) consisting of mixed or unmixed products for therapeutic or prophylactic use, put up in measured doses (incl. those in the form of transdermal admin. systems) or packed for retail sale",586,Pakistan,False,366418.0,2621.097,2621.097
2022,3004,3004,"Medicaments; (not goods of heading no. 3002, 3005 or 3006) consisting of mixed or unmixed products for therapeutic or prophylactic use, put up in measured doses (incl. those in the form of transdermal admin. systems) or packed for retail sale",608,Philippines,False,456.96,,0.0
2022,3004,3004,"Medicaments; (not goods of heading no. 3002, 3005 or 3006) consisting of mixed or unmixed products for therapeutic or prophylactic use, put up in measured doses (incl. those in the form of transdermal admin. systems) or packed for retail sale",616,Poland,False,8685459.011,59807.35,59807.35
2022,3004,3004,"Medicaments; (not goods of heading no. 3002, 3005 or 3006) consisting of mixed or unmixed products for therapeutic or prophylactic use, put up in measured doses (incl. those in the form of transdermal admin. systems) or packed for retail sale",620,Portugal,False,8227794.728,54596.204,54596.204
2022,3004,3004,"Medicaments; (not goods of heading no. 3002, 3005 or 3006) consisting of mixed or unmixed products for therapeutic or prophylactic use, put up in measured doses (incl. those in the form of transdermal admin. systems) or packed for retail sale",634,Qatar,False,563.257,1.646,1.646
2022,3004,3004,"Medicaments; (not goods of heading no. 3002, 3005 or 3006) consisting of mixed or unmixed products for therapeutic or prophylactic use, put up in measured doses (incl. those in the form of transdermal admin. systems) or packed for retail sale",642,Romania,False,20972058.738,200899.861,200899.861
2022,3004,3004,"Medicaments; (not goods of heading no. 3002, 3005 or 3006) consisting of mixed or unmixed products for therapeutic or prophylactic use, put up in measured doses (incl. those in the form of transdermal admin. systems) or packed for retail sale",643,Russian Federation,False,32486.768,337.439,337.439
2022,3004,3004,"Medicaments; (not goods of heading no. 3002, 3005 or 3006) consisting of mixed or unmixed products for therapeutic or prophylactic use, put up in measured doses (incl. those in the form of transdermal admin. systems) or packed for retail sale",646,Rwanda,False,63.318,,0.0
2022,3004,3004,"Medicaments; (not goods of heading no. 3002, 3005 or 3006) consisting of mixed or unmixed products for therapeutic or prophylactic use, put up in measured doses (incl. those in the form of transdermal admin. systems) or packed for retail sale",682,Saudi Arabia,False,45287257.498,333573.99,333573.99
2022,3004,3004,"Medicaments; (not goods of heading no. 3002, 3005 or 3006) consisting of mixed or unmixed products for therapeutic or prophylactic use, put up in measured doses (incl. those in the form of transdermal admin. systems) or packed for retail sale",699,India,False,32150481.961,304131.416,304131.416
2022,3004,3004,"Medicaments; (not goods of heading no. 3002, 3005 or 3006) consisting of mixed or unmixed products for therapeutic or prophylactic use, put up in measured doses (incl. those in the form of transdermal admin. systems) or packed for retail sale",702,Singapore,False,117058658.521,1180531.485,1180531.485
2022,3004,3004,"Medicaments; (not goods of heading no. 3002, 3005 or 3006) consisting of mixed or unmixed products for therapeutic or prophylactic use, put up in measured doses (incl. those in the form of transdermal admin. systems) or packed for retail sale",703,Slovakia,False,88476.949,534.373,534.373
2022,3004,3004,"Medicaments; (not goods of heading no. 3002, 3005 or 3006) consisting of mixed or unmixed products for therapeutic or prophylactic use, put up in measured doses (incl. those in the form of transdermal admin. systems) or packed for retail sale",704,Viet Nam,False,830.824,,0.0
2022,3004,3004,"Medicaments; (not goods of heading no. 3002, 3005 or 3006) consisting of mixed or unmixed products for therapeutic or prophylactic use, put up in measured doses (incl. those in the form of transdermal admin. systems) or packed for retail sale",705,Slovenia,False,12152766.816,73344.883,73344.883
2022,3004,3004,"Medicaments; (not goods of heading no. 3002, 3005 or 3006) consisting of mixed or unmixed products for therapeutic or prophylactic use, put up in measured doses (incl. those in the form of transdermal admin. systems) or packed for retail sale",710,South Africa,False,76.382,,0.0
2022,3004,3004,"Medicaments; (not goods of heading no. 3002, 3005 or 3006) consisting of mixed or unmixed products for therapeutic or prophylactic use, put up in measured doses (incl. those in the form of transdermal admin. systems) or packed for retail sale",724,Spain,False,99283911.244,741281.559,741281.559
2022,3004,3004,"Medicaments; (not goods of heading no. 3002, 3005 or 3006) consisting of mixed or unmixed products for therapeutic or prophylactic use, put up in measured doses (incl. those in the form of transdermal admin. systems) or packed for retail sale",752,Sweden,False,143731896.361,984415.946,984415.946
2022,3004,3004,"Medicaments; (not goods of heading no. 3002, 3005 or 3006) consisting of mixed or unmixed products for therapeutic or prophylactic use, put up in measured doses (incl. those in the form of transdermal admin. systems) or packed for retail sale",757,Switzerland,False,686400489.107,5347161.085,5347161.085
2022,3004,3004,"Medicaments; (not goods of heading no. 3002, 3005 or 3006) consisting of mixed or unmixed products for therapeutic or prophylactic use, put up in measured doses (incl. those in the form of transdermal admin. systems) or packed for retail sale",760,Syria,False,21.533,0.29,0.29
2022,3004,3004,"Medicaments; (not goods of heading no. 3002, 3005 or 3006) consisting of mixed or unmixed products for therapeutic or prophylactic use, put up in measured doses (incl. those in the form of transdermal admin. systems) or packed for retail sale",784,United Arab Emirates,False,23211145.382,146552.882,146552.882
2022,3004,3004,"Medicaments; (not goods of heading no. 3002, 3005 or 3006) consisting of mixed or unmixed products for therapeutic or prophylactic use, put up in measured doses (incl. those in the form of transdermal admin. systems) or packed for retail sale",788,Tunisia,False,24271.396,515.587,515.587
2022,3004,3004,"Medicaments; (not goods of heading no. 3002, 3005 or 3006) consisting of mixed or unmixed products for therapeutic or prophylactic use, put up in measured doses (incl. those in the form of transdermal admin. systems) or packed for retail sale",792,Türkiye,False,2376925.819,18946.045,18946.045
2022,3004,3004,"Medicaments; (not goods of heading no. 3002, 3005 or 3006) consisting of mixed or unmixed products for therapeutic or prophylactic use, put up in measured doses (incl. those in the form of transdermal admin. systems) or packed for retail sale",826,United Kingdom,False,83735155.084,627103.055,627103.055
2022,3004,3004,"Medicaments; (not goods of heading no. 3002, 3005 or 3006) consisting of mixed or unmixed products for therapeutic or prophylactic use, put up in measured doses (incl. those in the form of transdermal admin. systems) or packed for retail sale",842,USA,False,307834899.446,2699619.143,2699619.143
2022,3004,3004,"Medicaments; (not goods of heading no. 3002, 3005 or 3006) consisting of mixed or unmixed products for therapeutic or prophylactic use, put up in measured doses (incl. those in the form of transdermal admin. systems) or packed for retail sale",899,"Areas, nes",False,37296.986,230.032,230.032
2023,3004,3004,"Medicaments; (not goods of heading no. 3002, 3005 or 3006) consisting of mixed or unmixed products for therapeutic or prophylactic use, put up in measured doses (incl. those in the form of transdermal admin. systems) or packed for retail sale",0,World,True,3249894169.379,,0.0
2023,3004,3004,"Medicaments; (not goods of heading no. 3002, 3005 or 3006) consisting of mixed or unmixed products for therapeutic or prophylactic use, put up in measured doses (incl. those in the form of transdermal admin. systems) or packed for retail sale",36,Australia,False,5759143.807,42119.277,42119.277
2023,3004,3004,"Medicaments; (not goods of heading no. 3002, 3005 or 3006) consisting of mixed or unmixed products for therapeutic or prophylactic use, put up in measured doses (incl. those in the form of transdermal admin. systems) or packed for retail sale",40,Austria,False,117880189.149,1587555.595,1587555.595
2023,3004,3004,"Medicaments; (not goods of heading no. 3002, 3005 or 3006) consisting of mixed or unmixed products for therapeutic or prophylactic use, put up in measured doses (incl. those in the form of transdermal admin. systems) or packed for retail sale",50,Bangladesh,False,63.995,,0.0
2023,3004,3004,"Medicaments; (not goods of heading no. 3002, 3005 or 3006) consisting of mixed or unmixed products for therapeutic or prophylactic use, put up in measured doses (incl. those in the form of transdermal admin. systems) or packed for retail sale",56,Belgium,False,70402026.519,616791.948,616791.948
2023,3004,3004,"Medicaments; (not goods of heading no. 3002, 3005 or 3006) consisting of mixed or unmixed products for therapeutic or prophylactic use, put up in measured doses (incl. those in the form of transdermal admin. systems) or packed for retail sale",76,Brazil,False,52167526.415,808812.591,808812.591
2023,3004,3004,"Medicaments; (not goods of heading no. 3002, 3005 or 3006) consisting of mixed or unmixed products for therapeutic or prophylactic use, put up in measured doses (incl. those in the form of transdermal admin. systems) or packed for retail sale",100,Bulgaria,False,916077.126,8769.127,8769.127
2023,3004,3004,"Medicaments; (not goods of heading no. 3002, 3005 or 3006) consisting of mixed or unmixed products for therapeutic or prophylactic use, put up in measured doses (incl. those in the form of transdermal admin. systems) or packed for retail sale",124,Canada,False,12564033.841,95883.405,95883.405
2023,3004,3004,"Medicaments; (not goods of heading no. 3002, 3005 or 3006) consisting of mixed or unmixed products for therapeutic or prophylactic use, put up in measured doses (incl. those in the form of transdermal admin. systems) or packed for retail sale",152,Chile,False,180862.641,,0.0
2023,3004,3004,"Medicaments; (not goods of heading no. 3002, 3005 or 3006) consisting of mixed or unmixed products for therapeutic or prophylactic use, put up in measured doses (incl. those in the form of transdermal admin. systems) or packed for retail sale",156,China,False,9668903.731,64508.489,64508.489
2023,3004,3004,"Medicaments; (not goods of heading no. 3002, 3005 or 3006) consisting of mixed or unmixed products for therapeutic or prophylactic use, put up in measured doses (incl. those in the form of transdermal admin. systems) or packed for retail sale",196,Cyprus,False,1088281.604,21163.365,21163.365
2023,3004,3004,"Medicaments; (not goods of heading no. 3002, 3005 or 3006) consisting of mixed or unmixed products for therapeutic or prophylactic use, put up in measured doses (incl. those in the form of transdermal admin. systems) or packed for retail sale",203,Czechia,False,1843219.228,12451.308,12451.308
2023,3004,3004,"Medicaments; (not goods of heading no. 3002, 3005 or 3006) consisting of mixed or unmixed products for therapeutic or prophylactic use, put up in measured doses (incl. those in the form of transdermal admin. systems) or packed for retail sale",208,Denmark,False,83895682.482,669011.876,669011.876
2023,3004,3004,"Medicaments; (not goods of heading no. 3002, 3005 or 3006) consisting of mixed or unmixed products for therapeutic or prophylactic use, put up in measured doses (incl. those in the form of transdermal admin. systems) or packed for retail sale",233,Estonia,False,2355859.43,47255.64,47255.64
2023,3004,3004,"Medicaments; (not goods of heading no. 3002, 3005 or 3006) consisting of mixed or unmixed products for therapeutic or prophylactic use, put up in measured doses (incl. those in the form of transdermal admin. systems) or packed for retail sale",246,Finland,False,4330952.272,45796.199,45796.199
2023,3004,3004,"Medicaments; (not goods of heading no. 3002, 3005 or 3006) consisting of mixed or unmixed products for therapeutic or prophylactic use, put up in measured doses (incl. those in the form of transdermal admin. systems) or packed for retail sale",251,France,False,257111785.489,2042355.389,2042355.389
2023,3004,3004,"Medicaments; (not goods of heading no. 3002, 3005 or 3006) consisting of mixed or unmixed products for therapeutic or prophylactic use, put up in measured doses (incl. those in the form of transdermal admin. systems) or packed for retail sale",268,Georgia,False,13928.97,,0.0
2023,3004,3004,"Medicaments; (not goods of heading no. 3002, 3005 or 3006) consisting of mixed or unmixed products for therapeutic or prophylactic use, put up in measured doses (incl. those in the form of transdermal admin. systems) or packed for retail sale",276,Germany,False,530754768.306,4490992.03,4490992.03
2023,3004,3004,"Medicaments; (not goods of heading no. 3002, 3005 or 3006) consisting of mixed or unmixed products for therapeutic or prophylactic use, put up in measured doses (incl. those in the form of transdermal admin. systems) or packed for retail sale",300,Greece,False,6425536.528,61506.614,61506.614
2023,3004,3004,"Medicaments; (not goods of heading no. 3002, 3005 or 3006) consisting of mixed or unmixed products for therapeutic or prophylactic use, put up in measured doses (incl. those in the form of transdermal admin. systems) or packed for retail sale",348,Hungary,False,4701041.206,36152.298,36152.298
2023,3004,3004,"Medicaments; (not goods of heading no. 3002, 3005 or 3006) consisting of mixed or unmixed products for therapeutic or prophylactic use, put up in measured doses (incl. those in the form of transdermal admin. systems) or packed for retail sale",372,Ireland,False,121297869.324,1072197.395,1072197.395
2023,3004,3004,"Medicaments; (not goods of heading no. 3002, 3005 or 3006) consisting of mixed or unmixed products for therapeutic or prophylactic use, put up in measured doses (incl. those in the form of transdermal admin. systems) or packed for retail sale",380,Italy,False,235354355.394,2703454.218,2703454.218
2023,3004,3004,"Medicaments; (not goods of heading no. 3002, 3005 or 3006) consisting of mixed or unmixed products for therapeutic or prophylactic use, put up in measured doses (incl. those in the form of transdermal admin. systems) or packed for retail sale",392,Japan,False,148366664.087,995848.218,995848.218
2023,3004,3004,"Medicaments; (not goods of heading no. 3002, 3005 or 3006) consisting of mixed or unmixed products for therapeutic or prophylactic use, put up in measured doses (incl. those in the form of transdermal admin. systems) or packed for retail sale",400,Jordan,False,20293229.496,134522.01,134522.01
2023,3004,3004,"Medicaments; (not goods of heading no. 3002, 3005 or 3006) consisting of mixed or unmixed products for therapeutic or prophylactic use, put up in measured doses (incl. those in the form of transdermal admin. systems) or packed for retail sale",410,Rep. of Korea,False,8527739.132,,0.0
2023,3004,3004,"Medicaments; (not goods of heading no. 3002, 3005 or 3006) consisting of mixed or unmixed products for therapeutic or prophylactic use, put up in measured doses (incl. those in the form of transdermal admin. systems) or packed for retail sale",422,Lebanon,False,170.395,,0.0
2023,3004,3004,"Medicaments; (not goods of heading no. 3002, 3005 or 3006) consisting of mixed or unmixed products for therapeutic or prophylactic use, put up in measured doses (incl. those in the form of transdermal admin. systems) or packed for retail sale",446,"China, Macao SAR",False,9.884,0.198,0.198
2023,3004,3004,"Medicaments; (not goods of heading no. 3002, 3005 or 3006) consisting of mixed or unmixed products for therapeutic or prophylactic use, put up in measured doses (incl. those in the form of transdermal admin. systems) or packed for retail sale",458,Malaysia,False,18.099,,0.0
2023,3004,3004,"Medicaments; (not goods of heading no. 3002, 3005 or 3006) consisting of mixed or unmixed products for therapeutic or prophylactic use, put up in measured doses (incl. those in the form of transdermal admin. systems) or packed for retail sale",470,Malta,False,43650.727,279.499,279.499
2023,3004,3004,"Medicaments; (not goods of heading no. 3002, 3005 or 3006) consisting of mixed or unmixed products for therapeutic or prophylactic use, put up in measured doses (incl. those in the form of transdermal admin. systems) or packed for retail sale",490,"Other Asia, nes",False,142039.266,,0.0
2023,3004,3004,"Medicaments; (not goods of heading no. 3002, 3005 or 3006) consisting of mixed or unmixed products for therapeutic or prophylactic use, put up in measured doses (incl. those in the form of transdermal admin. systems) or packed for retail sale",504,Morocco,False,151.652,2.343,2.343
2023,3004,3004,"Medicaments; (not goods of heading no. 3002, 3005 or 3006) consisting of mixed or unmixed products for therapeutic or prophylactic use, put up in measured doses (incl. those in the form of transdermal admin. systems) or packed for retail sale",512,Oman,False,27.476,,0.0
2023,3004,3004,"Medicaments; (not goods of heading no. 3002, 3005 or 3006) consisting of mixed or unmixed products for therapeutic or prophylactic use, put up in measured doses (incl. those in the form of transdermal admin. systems) or packed for retail sale",528,Netherlands,False,37088197.579,400740.895,400740.895
2023,3004,3004,"Medicaments; (not goods of heading no. 3002, 3005 or 3006) consisting of mixed or unmixed products for therapeutic or prophylactic use, put up in measured doses (incl. those in the form of transdermal admin. systems) or packed for retail sale",554,New Zealand,False,157755.777,,0.0
2023,3004,3004,"Medicaments; (not goods of heading no. 3002, 3005 or 3006) consisting of mixed or unmixed products for therapeutic or prophylactic use, put up in measured doses (incl. those in the form of transdermal admin. systems) or packed for retail sale",562,Niger,False,93005.148,,0.0
2023,3004,3004,"Medicaments; (not goods of heading no. 3002, 3005 or 3006) consisting of mixed or unmixed products for therapeutic or prophylactic use, put up in measured doses (incl. those in the form of transdermal admin. systems) or packed for retail sale",568,"Other Europe, nes",False,10153952.914,68109.115,68109.115
2023,3004,3004,"Medicaments; (not goods of heading no. 3002, 3005 or 3006) consisting of mixed or unmixed products for therapeutic or prophylactic use, put up in measured doses (incl. those in the form of transdermal admin. systems) or packed for retail sale",579,Norway,False,3123917.066,23769.982,23769.982
2023,3004,3004,"Medicaments; (not goods of heading no. 3002, 3005 or 3006) consisting of mixed or unmixed products for therapeutic or prophylactic use, put up in measured doses (incl. those in the form of transdermal admin. systems) or packed for retail sale",608,Philippines,False,311.747,2.197,2.197
2023,3004,3004,"Medicaments; (not goods of heading no. 3002, 3005 or 3006) consisting of mixed or unmixed products for therapeutic or prophylactic use, put up in measured doses (incl. those in the form of transdermal admin. systems) or packed for retail sale",616,Poland,False,3923199.548,28454.157,28454.157
2023,3004,3004,"Medicaments; (not goods of heading no. 3002, 3005 or 3006) consisting of mixed or unmixed products for therapeutic or prophylactic use, put up in measured doses (incl. those in the form of transdermal admin. systems) or packed for retail sale",620,Portugal,False,5086420.711,,0.0
2023,3004,3004,"Medicaments; (not goods of heading no. 3002, 3005 or 3006) consisting of mixed or unmixed products for therapeutic or prophylactic use, put up in measured doses (incl. those in the form of transdermal admin. systems) or packed for retail sale",634,Qatar,False,32.73,,0.0
2023,3004,3004,"Medicaments; (not goods of heading no. 3002, 3005 or 3006) consisting of mixed or unmixed products for therapeutic or prophylactic use, put up in measured doses (incl. those in the form of transdermal admin. systems) or packed for retail sale",642,Romania,False,7464993.868,149640.385,149640.385
2023,3004,3004,"Medicaments; (not goods of heading no. 3002, 3005 or 3006) consisting of mixed or unmixed products for therapeutic or prophylactic use, put up in measured doses (incl. those in the form of transdermal admin. systems) or packed for retail sale",682,Saudi Arabia,False,29906615.114,257929.639,257929.639
2023,3004,3004,"Medicaments; (not goods of heading no. 3002, 3005 or 3006) consisting of mixed or unmixed products for therapeutic or prophylactic use, put up in measured doses (incl. those in the form of transdermal admin. systems) or packed for retail sale",688,Serbia,False,96883.102,,0.0
2023,3004,3004,"Medicaments; (not goods of heading no. 3002, 3005 or 3006) consisting of mixed or unmixed products for therapeutic or prophylactic use, put up in measured doses (incl. those in the form of transdermal admin. systems) or packed for retail sale",699,India,False,23392129.713,265845.889,265845.889
2023,3004,3004,"Medicaments; (not goods of heading no. 3002, 3005 or 3006) consisting of mixed or unmixed products for therapeutic or prophylactic use, put up in measured doses (incl. those in the form of transdermal admin. systems) or packed for retail sale",702,Singapore,False,29308388.078,444334.451,444334.451
2023,3004,3004,"Medicaments; (not goods of heading no. 3002, 3005 or 3006) consisting of mixed or unmixed products for therapeutic or prophylactic use, put up in measured doses (incl. those in the form of transdermal admin. systems) or packed for retail sale",705,Slovenia,False,24052935.589,470996.058,470996.058
2023,3004,3004,"Medicaments; (not goods of heading no. 3002, 3005 or 3006) consisting of mixed or unmixed products for therapeutic or prophylactic use, put up in measured doses (incl. those in the form of transdermal admin. systems) or packed for retail sale",710,South Africa,False,502288.541,3329.762,3329.762
2023,3004,3004,"Medicaments; (not goods of heading no. 3002, 3005 or 3006) consisting of mixed or unmixed products for therapeutic or prophylactic use, put up in measured doses (incl. those in the form of transdermal admin. systems) or packed for retail sale",724,Spain,False,114656013.97,1444601.432,1444601.432
2023,3004,3004,"Medicaments; (not goods of heading no. 3002, 3005 or 3006) consisting of mixed or unmixed products for therapeutic or prophylactic use, put up in measured doses (incl. those in the form of transdermal admin. systems) or packed for retail sale",729,Sudan,False,64.635,0.404,0.404
2023,3004,3004,"Medicaments; (not goods of heading no. 3002, 3005 or 3006) consisting of mixed or unmixed products for therapeutic or prophylactic use, put up in measured doses (incl. those in the form of transdermal admin. systems) or packed for retail sale",748,Eswatini,False,1556816.125,,0.0
2023,3004,3004,"Medicaments; (not goods of heading no. 3002, 3005 or 3006) consisting of mixed or unmixed products for therapeutic or prophylactic use, put up in measured doses (incl. those in the form of transdermal admin. systems) or packed for retail sale",752,Sweden,False,150757537.367,1000717.721,1000717.721
2023,3004,3004,"Medicaments; (not goods of heading no. 3002, 3005 or 3006) consisting of mixed or unmixed products for therapeutic or prophylactic use, put up in measured doses (incl. those in the form of transdermal admin. systems) or packed for retail sale",757,Switzerland,False,667875439.772,7928036.151,7928036.151
2023,3004,3004,"Medicaments; (not goods of heading no. 3002, 3005 or 3006) consisting of mixed or unmixed products for therapeutic or prophylactic use, put up in measured doses (incl. those in the form of transdermal admin. systems) or packed for retail sale",784,United Arab Emirates,False,7225084.696,47906.709,47906.709
2023,3004,3004,"Medicaments; (not goods of heading no. 3002, 3005 or 3006) consisting of mixed or unmixed products for therapeutic or prophylactic use, put up in measured doses (incl. those in the form of transdermal admin. systems) or packed for retail sale",788,Tunisia,False,102.455,,0.0
2023,3004,3004,"Medicaments; (not goods of heading no. 3002, 3005 or 3006) consisting of mixed or unmixed products for therapeutic or prophylactic use, put up in measured doses (incl. those in the form of transdermal admin. systems) or packed for retail sale",792,Türkiye,False,38219626.188,641617.009,641617.009
2023,3004,3004,"Medicaments; (not goods of heading no. 3002, 3005 or 3006) consisting of mixed or unmixed products for therapeutic or prophylactic use, put up in measured doses (incl. those in the form of transdermal admin. systems) or packed for retail sale",800,Uganda,False,155.202,,0.0
2023,3004,3004,"Medicaments; (not goods of heading no. 3002, 3005 or 3006) consisting of mixed or unmixed products for therapeutic or prophylactic use, put up in measured doses (incl. those in the form of transdermal admin. systems) or packed for retail sale",826,United Kingdom,False,56734577.169,421195.701,421195.701
2023,3004,3004,"Medicaments; (not goods of heading no. 3002, 3005 or 3006) consisting of mixed or unmixed products for therapeutic or prophylactic use, put up in measured doses (incl. those in the form of transdermal admin. systems) or packed for retail sale",834,United Rep. of Tanzania,False,29304.539,587.813,587.813
2023,3004,3004,"Medicaments; (not goods of heading no. 3002, 3005 or 3006) consisting of mixed or unmixed products for therapeutic or prophylactic use, put up in measured doses (incl. those in the form of transdermal admin. systems) or packed for retail sale",842,USA,False,342198013.421,4355986.025,4355986.025
2023,3004,3004,"Medicaments; (not goods of heading no. 3002, 3005 or 3006) consisting of mixed or unmixed products for therapeutic or prophylactic use, put up in measured doses (incl. those in the form of transdermal admin. systems) or packed for retail sale",899,"Areas, nes",False,204598.944,,0.0
2024,3004,3004,"Medicaments; (not goods of heading no. 3002, 3005 or 3006) consisting of mixed or unmixed products for therapeutic or prophylactic use, put up in measured doses (incl. those in the form of transdermal admin. systems) or packed for retail sale",0,World,True,3073010544.721,,0.0
2024,3004,3004,"Medicaments; (not goods of heading no. 3002, 3005 or 3006) consisting of mixed or unmixed products for therapeutic or prophylactic use, put up in measured doses (incl. those in the form of transdermal admin. systems) or packed for retail sale",36,Australia,False,5348612.723,29622.728,29622.728
2024,3004,3004,"Medicaments; (not goods of heading no. 3002, 3005 or 3006) consisting of mixed or unmixed products for therapeutic or prophylactic use, put up in measured doses (incl. those in the form of transdermal admin. systems) or packed for retail sale",40,Austria,False,80603375.011,765784.215,765784.215
2024,3004,3004,"Medicaments; (not goods of heading no. 3002, 3005 or 3006) consisting of mixed or unmixed products for therapeutic or prophylactic use, put up in measured doses (incl. those in the form of transdermal admin. systems) or packed for retail sale",56,Belgium,False,54851346.613,372600.596,372600.596
2024,3004,3004,"Medicaments; (not goods of heading no. 3002, 3005 or 3006) consisting of mixed or unmixed products for therapeutic or prophylactic use, put up in measured doses (incl. those in the form of transdermal admin. systems) or packed for retail sale",76,Brazil,False,26725971.104,270314.051,270314.051
2024,3004,3004,"Medicaments; (not goods of heading no. 3002, 3005 or 3006) consisting of mixed or unmixed products for therapeutic or prophylactic use, put up in measured doses (incl. those in the form of transdermal admin. systems) or packed for retail sale",100,Bulgaria,False,608405.553,,0.0
2024,3004,3004,"Medicaments; (not goods of heading no. 3002, 3005 or 3006) consisting of mixed or unmixed products for therapeutic or prophylactic use, put up in measured doses (incl. those in the form of transdermal admin. systems) or packed for retail sale",124,Canada,False,10623796.55,92216.738,92216.738
2024,3004,3004,"Medicaments; (not goods of heading no. 3002, 3005 or 3006) consisting of mixed or unmixed products for therapeutic or prophylactic use, put up in measured doses (incl. those in the form of transdermal admin. systems) or packed for retail sale",156,China,False,22899364.596,129589.974,129589.974
2024,3004,3004,"Medicaments; (not goods of heading no. 3002, 3005 or 3006) consisting of mixed or unmixed products for therapeutic or prophylactic use, put up in measured doses (incl. those in the form of transdermal admin. systems) or packed for retail sale",191,Croatia,False,154997.556,2048.033,2048.033
2024,3004,3004,"Medicaments; (not goods of heading no. 3002, 3005 or 3006) consisting of mixed or unmixed products for therapeutic or prophylactic use, put up in measured doses (incl. those in the form of transdermal admin. systems) or packed for retail sale",192,Cuba,False,281150.313,,0.0
2024,3004,3004,"Medicaments; (not goods of heading no. 3002, 3005 or 3006) consisting of mixed or unmixed products for therapeutic or prophylactic use, put up in measured doses (incl. those in the form of transdermal admin. systems) or packed for retail sale",196,Cyprus,False,1245418.072,11009.715,11009.715
2024,3004,3004,"Medicaments; (not goods of heading no. 3002, 3005 or 3006) consisting of mixed or unmixed products for therapeutic or prophylactic use, put up in measured doses (incl. those in the form of transdermal admin. systems) or packed for retail sale",203,Czechia,False,1240651.112,6887.685,6887.685
2024,3004,3004,"Medicaments; (not goods of heading no. 3002, 3005 or 3006) consisting of mixed or unmixed products for therapeutic or prophylactic use, put up in measured doses (incl. those in the form of transdermal admin. systems) or packed for retail sale",208,Denmark,False,93476695.089,770630.103,770630.103
2024,3004,3004,"Medicaments; (not goods of heading no. 3002, 3005 or 3006) consisting of mixed or unmixed products for therapeutic or prophylactic use, put up in measured doses (incl. those in the form of transdermal admin. systems) or packed for retail sale",246,Finland,False,6740404.138,88835.704,88835.704
2024,3004,3004,"Medicaments; (not goods of heading no. 3002, 3005 or 3006) consisting of mixed or unmixed products for therapeutic or prophylactic use, put up in measured doses (incl. those in the form of transdermal admin. systems) or packed for retail sale",251,France,False,254459252.251,1682941.015,1682941.015
2024,3004,3004,"Medicaments; (not goods of heading no. 3002, 3005 or 3006) consisting of mixed or unmixed products for therapeutic or prophylactic use, put up in measured doses (incl. those in the form of transdermal admin. systems) or packed for retail sale",276,Germany,False,517724059.935,3338555.072,3338555.072
2024,3004,3004,"Medicaments; (not goods of heading no. 3002, 3005 or 3006) consisting of mixed or unmixed products for therapeutic or prophylactic use, put up in measured doses (incl. those in the form of transdermal admin. systems) or packed for retail sale",300,Greece,False,7957771.151,44067.676,44067.676
2024,3004,3004,"Medicaments; (not goods of heading no. 3002, 3005 or 3006) consisting of mixed or unmixed products for therapeutic or prophylactic use, put up in measured doses (incl. those in the form of transdermal admin. systems) or packed for retail sale",348,Hungary,False,5674868.399,,0.0
2024,3004,3004,"Medicaments; (not goods of heading no. 3002, 3005 or 3006) consisting of mixed or unmixed products for therapeutic or prophylactic use, put up in measured doses (incl. those in the form of transdermal admin. systems) or packed for retail sale",352,Iceland,False,303664.63,,0.0
2024,3004,3004,"Medicaments; (not goods of heading no. 3002, 3005 or 3006) consisting of mixed or unmixed products for therapeutic or prophylactic use, put up in measured doses (incl. those in the form of transdermal admin. systems) or packed for retail sale",364,Iran,False,404121.88,5495.321,5495.321
2024,3004,3004,"Medicaments; (not goods of heading no. 3002, 3005 or 3006) consisting of mixed or unmixed products for therapeutic or prophylactic use, put up in measured doses (incl. those in the form of transdermal admin. systems) or packed for retail sale",368,Iraq,False,96.157,0.727,0.727
2024,3004,3004,"Medicaments; (not goods of heading no. 3002, 3005 or 3006) consisting of mixed or unmixed products for therapeutic or prophylactic use, put up in measured doses (incl. those in the form of transdermal admin. systems) or packed for retail sale",372,Ireland,False,155622024.724,1184900.529,1184900.529
2024,3004,3004,"Medicaments; (not goods of heading no. 3002, 3005 or 3006) consisting of mixed or unmixed products for therapeutic or prophylactic use, put up in measured doses (incl. those in the form of transdermal admin. systems) or packed for retail sale",380,Italy,False,192390169.341,1376437.123,1376437.123
2024,3004,3004,"Medicaments; (not goods of heading no. 3002, 3005 or 3006) consisting of mixed or unmixed products for therapeutic or prophylactic use, put up in measured doses (incl. those in the form of transdermal admin. systems) or packed for retail sale",392,Japan,False,79169476.69,446748.241,446748.241
2024,3004,3004,"Medicaments; (not goods of heading no. 3002, 3005 or 3006) consisting of mixed or unmixed products for therapeutic or prophylactic use, put up in measured doses (incl. those in the form of transdermal admin. systems) or packed for retail sale",400,Jordan,False,28630918.063,158546.629,158546.629
2024,3004,3004,"Medicaments; (not goods of heading no. 3002, 3005 or 3006) consisting of mixed or unmixed products for therapeutic or prophylactic use, put up in measured doses (incl. those in the form of transdermal admin. systems) or packed for retail sale",410,Rep. of Korea,False,13224560.0,76617.735,76617.735
2024,3004,3004,"Medicaments; (not goods of heading no. 3002, 3005 or 3006) consisting of mixed or unmixed products for therapeutic or prophylactic use, put up in measured doses (incl. those in the form of transdermal admin. systems) or packed for retail sale",440,Lithuania,False,13504.149,,0.0
2024,3004,3004,"Medicaments; (not goods of heading no. 3002, 3005 or 3006) consisting of mixed or unmixed products for therapeutic or prophylactic use, put up in measured doses (incl. those in the form of transdermal admin. systems) or packed for retail sale",458,Malaysia,False,518028.724,6195.698,6195.698
2024,3004,3004,"Medicaments; (not goods of heading no. 3002, 3005 or 3006) consisting of mixed or unmixed products for therapeutic or prophylactic use, put up in measured doses (incl. those in the form of transdermal admin. systems) or packed for retail sale",470,Malta,False,431451.113,2826.545,2826.545
2024,3004,3004,"Medicaments; (not goods of heading no. 3002, 3005 or 3006) consisting of mixed or unmixed products for therapeutic or prophylactic use, put up in measured doses (incl. those in the form of transdermal admin. systems) or packed for retail sale",490,"Other Asia, nes",False,565643.738,,0.0
2024,3004,3004,"Medicaments; (not goods of heading no. 3002, 3005 or 3006) consisting of mixed or unmixed products for therapeutic or prophylactic use, put up in measured doses (incl. those in the form of transdermal admin. systems) or packed for retail sale",504,Morocco,False,113.413,,0.0
2024,3004,3004,"Medicaments; (not goods of heading no. 3002, 3005 or 3006) consisting of mixed or unmixed products for therapeutic or prophylactic use, put up in measured doses (incl. those in the form of transdermal admin. systems) or packed for retail sale",512,Oman,False,30.659,,0.0
2024,3004,3004,"Medicaments; (not goods of heading no. 3002, 3005 or 3006) consisting of mixed or unmixed products for therapeutic or prophylactic use, put up in measured doses (incl. those in the form of transdermal admin. systems) or packed for retail sale",528,Netherlands,False,34623080.194,287930.767,287930.767
2024,3004,3004,"Medicaments; (not goods of heading no. 3002, 3005 or 3006) consisting of mixed or unmixed products for therapeutic or prophylactic use, put up in measured doses (incl. those in the form of transdermal admin. systems) or packed for retail sale",554,New Zealand,False,173242.355,,0.0
2024,3004,3004,"Medicaments; (not goods of heading no. 3002, 3005 or 3006) consisting of mixed or unmixed products for therapeutic or prophylactic use, put up in measured doses (incl. those in the form of transdermal admin. systems) or packed for retail sale",568,"Other Europe, nes",False,37978108.804,497009.837,497009.837
2024,3004,3004,"Medicaments; (not goods of heading no. 3002, 3005 or 3006) consisting of mixed or unmixed products for therapeutic or prophylactic use, put up in measured doses (incl. those in the form of transdermal admin. systems) or packed for retail sale",579,Norway,False,3299579.084,23222.614,23222.614
2024,3004,3004,"Medicaments; (not goods of heading no. 3002, 3005 or 3006) consisting of mixed or unmixed products for therapeutic or prophylactic use, put up in measured doses (incl. those in the form of transdermal admin. systems) or packed for retail sale",616,Poland,False,8081926.382,40367.907,40367.907
2024,3004,3004,"Medicaments; (not goods of heading no. 3002, 3005 or 3006) consisting of mixed or unmixed products for therapeutic or prophylactic use, put up in measured doses (incl. those in the form of transdermal admin. systems) or packed for retail sale",620,Portugal,False,4509783.661,,0.0
2024,3004,3004,"Medicaments; (not goods of heading no. 3002, 3005 or 3006) consisting of mixed or unmixed products for therapeutic or prophylactic use, put up in measured doses (incl. those in the form of transdermal admin. systems) or packed for retail sale",642,Romania,False,5777502.629,41969.316,41969.316
2024,3004,3004,"Medicaments; (not goods of heading no. 3002, 3005 or 3006) consisting of mixed or unmixed products for therapeutic or prophylactic use, put up in measured doses (incl. those in the form of transdermal admin. systems) or packed for retail sale",643,Russian Federation,False,90732.803,,0.0
2024,3004,3004,"Medicaments; (not goods of heading no. 3002, 3005 or 3006) consisting of mixed or unmixed products for therapeutic or prophylactic use, put up in measured doses (incl. those in the form of transdermal admin. systems) or packed for retail sale",682,Saudi Arabia,False,15679207.275,122964.39,122964.39
2024,3004,3004,"Medicaments; (not goods of heading no. 3002, 3005 or 3006) consisting of mixed or unmixed products for therapeutic or prophylactic use, put up in measured doses (incl. those in the form of transdermal admin. systems) or packed for retail sale",699,India,False,30310715.569,210313.721,210313.721
2024,3004,3004,"Medicaments; (not goods of heading no. 3002, 3005 or 3006) consisting of mixed or unmixed products for therapeutic or prophylactic use, put up in measured doses (incl. those in the form of transdermal admin. systems) or packed for retail sale",702,Singapore,False,83520334.625,771386.87,771386.87
2024,3004,3004,"Medicaments; (not goods of heading no. 3002, 3005 or 3006) consisting of mixed or unmixed products for therapeutic or prophylactic use, put up in measured doses (incl. those in the form of transdermal admin. systems) or packed for retail sale",705,Slovenia,False,50195527.459,380570.062,380570.062
2024,3004,3004,"Medicaments; (not goods of heading no. 3002, 3005 or 3006) consisting of mixed or unmixed products for therapeutic or prophylactic use, put up in measured doses (incl. those in the form of transdermal admin. systems) or packed for retail sale",710,South Africa,False,345339.781,,0.0
2024,3004,3004,"Medicaments; (not goods of heading no. 3002, 3005 or 3006) consisting of mixed or unmixed products for therapeutic or prophylactic use, put up in measured doses (incl. those in the form of transdermal admin. systems) or packed for retail sale",724,Spain,False,80403638.192,668124.186,668124.186
2024,3004,3004,"Medicaments; (not goods of heading no. 3002, 3005 or 3006) consisting of mixed or unmixed products for therapeutic or prophylactic use, put up in measured doses (incl. those in the form of transdermal admin. systems) or packed for retail sale",729,Sudan,False,12.174,,0.0
2024,3004,3004,"Medicaments; (not goods of heading no. 3002, 3005 or 3006) consisting of mixed or unmixed products for therapeutic or prophylactic use, put up in measured doses (incl. those in the form of transdermal admin. systems) or packed for retail sale",752,Sweden,False,159453737.265,940661.045,940661.045
2024,3004,3004,"Medicaments; (not goods of heading no. 3002, 3005 or 3006) consisting of mixed or unmixed products for therapeutic or prophylactic use, put up in measured doses (incl. those in the form of transdermal admin. systems) or packed for retail sale",757,Switzerland,False,577395981.792,4410199.406,4410199.406
2024,3004,3004,"Medicaments; (not goods of heading no. 3002, 3005 or 3006) consisting of mixed or unmixed products for therapeutic or prophylactic use, put up in measured doses (incl. those in the form of transdermal admin. systems) or packed for retail sale",760,Syria,False,317.368,,0.0
2024,3004,3004,"Medicaments; (not goods of heading no. 3002, 3005 or 3006) consisting of mixed or unmixed products for therapeutic or prophylactic use, put up in measured doses (incl. those in the form of transdermal admin. systems) or packed for retail sale",764,Thailand,False,2679160.054,,0.0
2024,3004,3004,"Medicaments; (not goods of heading no. 3002, 3005 or 3006) consisting of mixed or unmixed products for therapeutic or prophylactic use, put up in measured doses (incl. those in the form of transdermal admin. systems) or packed for retail sale",784,United Arab Emirates,False,5155555.06,28549.84,28549.84
2024,3004,3004,"Medicaments; (not goods of heading no. 3002, 3005 or 3006) consisting of mixed or unmixed products for therapeutic or prophylactic use, put up in measured doses (incl. those in the form of transdermal admin. systems) or packed for retail sale",788,Tunisia,False,137.108,,0.0
2024,3004,3004,"Medicaments; (not goods of heading no. 3002, 3005 or 3006) consisting of mixed or unmixed products for therapeutic or prophylactic use, put up in measured doses (incl. those in the form of transdermal admin. systems) or packed for retail sale",792,Türkiye,False,40696215.908,321436.491,321436.491
2024,3004,3004,"Medicaments; (not goods of heading no. 3002, 3005 or 3006) consisting of mixed or unmixed products for therapeutic or prophylactic use, put up in measured doses (incl. those in the form of transdermal admin. systems) or packed for retail sale",800,Uganda,False,76.108,1.399,1.399
2024,3004,3004,"Medicaments; (not goods of heading no. 3002, 3005 or 3006) consisting of mixed or unmixed products for therapeutic or prophylactic use, put up in measured doses (incl. those in the form of transdermal admin. systems) or packed for retail sale",826,United Kingdom,False,61698155.667,376050.673,376050.673
2024,3004,3004,"Medicaments; (not goods of heading no. 3002, 3005 or 3006) consisting of mixed or unmixed products for therapeutic or prophylactic use, put up in measured doses (incl. those in the form of transdermal admin. systems) or packed for retail sale",842,USA,False,308914928.204,3099984.743,3099984.743
2024,3004,3004,"Medicaments; (not goods of heading no. 3002, 3005 or 3006) consisting of mixed or unmixed products for therapeutic or prophylactic use, put up in measured doses (incl. those in the form of transdermal admin. systems) or packed for retail sale",899,"Areas, nes",False,137605.755,,0.0
2025,3004,3004,"Medicaments; (not goods of heading no. 3002, 3005 or 3006) consisting of mixed or unmixed products for therapeutic or prophylactic use, put up in measured doses (incl. those in the form of transdermal admin. systems) or packed for retail sale",0,World,True,2457092458.194,,0.0
2025,3004,3004,"Medicaments; (not goods of heading no. 3002, 3005 or 3006) consisting of mixed or unmixed products for therapeutic or prophylactic use, put up in measured doses (incl. those in the form of transdermal admin. systems) or packed for retail sale",8,Albania,False,5763.097,,0.0
2025,3004,3004,"Medicaments; (not goods of heading no. 3002, 3005 or 3006) consisting of mixed or unmixed products for therapeutic or prophylactic use, put up in measured doses (incl. those in the form of transdermal admin. systems) or packed for retail sale",36,Australia,False,2668583.986,14840.959,14840.959
2025,3004,3004,"Medicaments; (not goods of heading no. 3002, 3005 or 3006) consisting of mixed or unmixed products for therapeutic or prophylactic use, put up in measured doses (incl. those in the form of transdermal admin. systems) or packed for retail sale",40,Austria,False,87494368.657,628312.62,628312.62
2025,3004,3004,"Medicaments; (not goods of heading no. 3002, 3005 or 3006) consisting of mixed or unmixed products for therapeutic or prophylactic use, put up in measured doses (incl. those in the form of transdermal admin. systems) or packed for retail sale",56,Belgium,False,54116179.767,346421.278,346421.278
2025,3004,3004,"Medicaments; (not goods of heading no. 3002, 3005 or 3006) consisting of mixed or unmixed products for therapeutic or prophylactic use, put up in measured doses (incl. those in the form of transdermal admin. systems) or packed for retail sale",70,Bosnia Herzegovina,False,265.267,,0.0
2025,3004,3004,"Medicaments; (not goods of heading no. 3002, 3005 or 3006) consisting of mixed or unmixed products for therapeutic or prophylactic use, put up in measured doses (incl. those in the form of transdermal admin. systems) or packed for retail sale",76,Brazil,False,40291035.648,385515.743,385515.743
2025,3004,3004,"Medicaments; (not goods of heading no. 3002, 3005 or 3006) consisting of mixed or unmixed products for therapeutic or prophylactic use, put up in measured doses (incl. those in the form of transdermal admin. systems) or packed for retail sale",100,Bulgaria,False,1638011.426,,0.0
2025,3004,3004,"Medicaments; (not goods of heading no. 3002, 3005 or 3006) consisting of mixed or unmixed products for therapeutic or prophylactic use, put up in measured doses (incl. those in the form of transdermal admin. systems) or packed for retail sale",108,Burundi,False,11.2,,0.0
2025,3004,3004,"Medicaments; (not goods of heading no. 3002, 3005 or 3006) consisting of mixed or unmixed products for therapeutic or prophylactic use, put up in measured doses (incl. those in the form of transdermal admin. systems) or packed for retail sale",124,Canada,False,4021659.331,30731.109,30731.109
2025,3004,3004,"Medicaments; (not goods of heading no. 3002, 3005 or 3006) consisting of mixed or unmixed products for therapeutic or prophylactic use, put up in measured doses (incl. those in the form of transdermal admin. systems) or packed for retail sale",140,Central African Rep.,False,204.0,,0.0
2025,3004,3004,"Medicaments; (not goods of heading no. 3002, 3005 or 3006) consisting of mixed or unmixed products for therapeutic or prophylactic use, put up in measured doses (incl. those in the form of transdermal admin. systems) or packed for retail sale",152,Chile,False,48299.638,,0.0
2025,3004,3004,"Medicaments; (not goods of heading no. 3002, 3005 or 3006) consisting of mixed or unmixed products for therapeutic or prophylactic use, put up in measured doses (incl. those in the form of transdermal admin. systems) or packed for retail sale",156,China,False,13516133.23,80832.451,80832.451
2025,3004,3004,"Medicaments; (not goods of heading no. 3002, 3005 or 3006) consisting of mixed or unmixed products for therapeutic or prophylactic use, put up in measured doses (incl. those in the form of transdermal admin. systems) or packed for retail sale",191,Croatia,False,95638.006,975.43,975.43
2025,3004,3004,"Medicaments; (not goods of heading no. 3002, 3005 or 3006) consisting of mixed or unmixed products for therapeutic or prophylactic use, put up in measured doses (incl. those in the form of transdermal admin. systems) or packed for retail sale",196,Cyprus,False,1995015.74,,0.0
2025,3004,3004,"Medicaments; (not goods of heading no. 3002, 3005 or 3006) consisting of mixed or unmixed products for therapeutic or prophylactic use, put up in measured doses (incl. those in the form of transdermal admin. systems) or packed for retail sale",203,Czechia,False,1316424.227,,0.0
2025,3004,3004,"Medicaments; (not goods of heading no. 3002, 3005 or 3006) consisting of mixed or unmixed products for therapeutic or prophylactic use, put up in measured doses (incl. those in the form of transdermal admin. systems) or packed for retail sale",208,Denmark,False,115263330.848,1177932.889,1177932.889
2025,3004,3004,"Medicaments; (not goods of heading no. 3002, 3005 or 3006) consisting of mixed or unmixed products for therapeutic or prophylactic use, put up in measured doses (incl. those in the form of transdermal admin. systems) or packed for retail sale",246,Finland,False,1953608.23,20743.888,20743.888
2025,3004,3004,"Medicaments; (not goods of heading no. 3002, 3005 or 3006) consisting of mixed or unmixed products for therapeutic or prophylactic use, put up in measured doses (incl. those in the form of transdermal admin. systems) or packed for retail sale",251,France,False,223870283.069,1562313.041,1562313.041
2025,3004,3004,"Medicaments; (not goods of heading no. 3002, 3005 or 3006) consisting of mixed or unmixed products for therapeutic or prophylactic use, put up in measured doses (incl. those in the form of transdermal admin. systems) or packed for retail sale",276,Germany,False,431346944.732,2476289.125,2476289.125
2025,3004,3004,"Medicaments; (not goods of heading no. 3002, 3005 or 3006) consisting of mixed or unmixed products for therapeutic or prophylactic use, put up in measured doses (incl. those in the form of transdermal admin. systems) or packed for retail sale",300,Greece,False,8875862.16,50904.202,50904.202
2025,3004,3004,"Medicaments; (not goods of heading no. 3002, 3005 or 3006) consisting of mixed or unmixed products for therapeutic or prophylactic use, put up in measured doses (incl. those in the form of transdermal admin. systems) or packed for retail sale",348,Hungary,False,2959259.53,,0.0
2025,3004,3004,"Medicaments; (not goods of heading no. 3002, 3005 or 3006) consisting of mixed or unmixed products for therapeutic or prophylactic use, put up in measured doses (incl. those in the form of transdermal admin. systems) or packed for retail sale",364,Iran,False,25.552,,0.0
2025,3004,3004,"Medicaments; (not goods of heading no. 3002, 3005 or 3006) consisting of mixed or unmixed products for therapeutic or prophylactic use, put up in measured doses (incl. those in the form of transdermal admin. systems) or packed for retail sale",368,Iraq,False,4776.869,,0.0
2025,3004,3004,"Medicaments; (not goods of heading no. 3002, 3005 or 3006) consisting of mixed or unmixed products for therapeutic or prophylactic use, put up in measured doses (incl. those in the form of transdermal admin. systems) or packed for retail sale",372,Ireland,False,156764059.625,1426787.516,1426787.516
2025,3004,3004,"Medicaments; (not goods of heading no. 3002, 3005 or 3006) consisting of mixed or unmixed products for therapeutic or prophylactic use, put up in measured doses (incl. those in the form of transdermal admin. systems) or packed for retail sale",380,Italy,False,212200297.385,1232387.33,1232387.33
2025,3004,3004,"Medicaments; (not goods of heading no. 3002, 3005 or 3006) consisting of mixed or unmixed products for therapeutic or prophylactic use, put up in measured doses (incl. those in the form of transdermal admin. systems) or packed for retail sale",392,Japan,False,50015070.724,290558.255,290558.255
2025,3004,3004,"Medicaments; (not goods of heading no. 3002, 3005 or 3006) consisting of mixed or unmixed products for therapeutic or prophylactic use, put up in measured doses (incl. those in the form of transdermal admin. systems) or packed for retail sale",400,Jordan,False,21149610.817,117711.253,117711.253
2025,3004,3004,"Medicaments; (not goods of heading no. 3002, 3005 or 3006) consisting of mixed or unmixed products for therapeutic or prophylactic use, put up in measured doses (incl. those in the form of transdermal admin. systems) or packed for retail sale",410,Rep. of Korea,False,14816548.172,,0.0
2025,3004,3004,"Medicaments; (not goods of heading no. 3002, 3005 or 3006) consisting of mixed or unmixed products for therapeutic or prophylactic use, put up in measured doses (incl. those in the form of transdermal admin. systems) or packed for retail sale",414,Kuwait,False,522.465,,0.0
2025,3004,3004,"Medicaments; (not goods of heading no. 3002, 3005 or 3006) consisting of mixed or unmixed products for therapeutic or prophylactic use, put up in measured doses (incl. those in the form of transdermal admin. systems) or packed for retail sale",490,"Other Asia, nes",False,251745.495,,0.0
2025,3004,3004,"Medicaments; (not goods of heading no. 3002, 3005 or 3006) consisting of mixed or unmixed products for therapeutic or prophylactic use, put up in measured doses (incl. those in the form of transdermal admin. systems) or packed for retail sale",504,Morocco,False,93.443,0.607,0.607
2025,3004,3004,"Medicaments; (not goods of heading no. 3002, 3005 or 3006) consisting of mixed or unmixed products for therapeutic or prophylactic use, put up in measured doses (incl. those in the form of transdermal admin. systems) or packed for retail sale",528,Netherlands,False,35125968.044,226562.742,226562.742
2025,3004,3004,"Medicaments; (not goods of heading no. 3002, 3005 or 3006) consisting of mixed or unmixed products for therapeutic or prophylactic use, put up in measured doses (incl. those in the form of transdermal admin. systems) or packed for retail sale",554,New Zealand,False,275948.189,,0.0
2025,3004,3004,"Medicaments; (not goods of heading no. 3002, 3005 or 3006) consisting of mixed or unmixed products for therapeutic or prophylactic use, put up in measured doses (incl. those in the form of transdermal admin. systems) or packed for retail sale",568,"Other Europe, nes",False,35825486.557,432677.295,432677.295
2025,3004,3004,"Medicaments; (not goods of heading no. 3002, 3005 or 3006) consisting of mixed or unmixed products for therapeutic or prophylactic use, put up in measured doses (incl. those in the form of transdermal admin. systems) or packed for retail sale",579,Norway,False,224936.702,,0.0
2025,3004,3004,"Medicaments; (not goods of heading no. 3002, 3005 or 3006) consisting of mixed or unmixed products for therapeutic or prophylactic use, put up in measured doses (incl. those in the form of transdermal admin. systems) or packed for retail sale",586,Pakistan,False,220.351,2.179,2.179
2025,3004,3004,"Medicaments; (not goods of heading no. 3002, 3005 or 3006) consisting of mixed or unmixed products for therapeutic or prophylactic use, put up in measured doses (incl. those in the form of transdermal admin. systems) or packed for retail sale",616,Poland,False,7189202.798,,0.0
2025,3004,3004,"Medicaments; (not goods of heading no. 3002, 3005 or 3006) consisting of mixed or unmixed products for therapeutic or prophylactic use, put up in measured doses (incl. those in the form of transdermal admin. systems) or packed for retail sale",620,Portugal,False,5994779.742,33337.383,33337.383
2025,3004,3004,"Medicaments; (not goods of heading no. 3002, 3005 or 3006) consisting of mixed or unmixed products for therapeutic or prophylactic use, put up in measured doses (incl. those in the form of transdermal admin. systems) or packed for retail sale",642,Romania,False,5424944.071,30833.172,30833.172
2025,3004,3004,"Medicaments; (not goods of heading no. 3002, 3005 or 3006) consisting of mixed or unmixed products for therapeutic or prophylactic use, put up in measured doses (incl. those in the form of transdermal admin. systems) or packed for retail sale",643,Russian Federation,False,3028665.905,36296.343,36296.343
2025,3004,3004,"Medicaments; (not goods of heading no. 3002, 3005 or 3006) consisting of mixed or unmixed products for therapeutic or prophylactic use, put up in measured doses (incl. those in the form of transdermal admin. systems) or packed for retail sale",674,San Marino,False,87783.583,,0.0
2025,3004,3004,"Medicaments; (not goods of heading no. 3002, 3005 or 3006) consisting of mixed or unmixed products for therapeutic or prophylactic use, put up in measured doses (incl. those in the form of transdermal admin. systems) or packed for retail sale",682,Saudi Arabia,False,19382058.569,155728.911,155728.911
2025,3004,3004,"Medicaments; (not goods of heading no. 3002, 3005 or 3006) consisting of mixed or unmixed products for therapeutic or prophylactic use, put up in measured doses (incl. those in the form of transdermal admin. systems) or packed for retail sale",699,India,False,20932250.54,152393.535,152393.535
2025,3004,3004,"Medicaments; (not goods of heading no. 3002, 3005 or 3006) consisting of mixed or unmixed products for therapeutic or prophylactic use, put up in measured doses (incl. those in the form of transdermal admin. systems) or packed for retail sale",702,Singapore,False,26174401.475,222727.07,222727.07
2025,3004,3004,"Medicaments; (not goods of heading no. 3002, 3005 or 3006) consisting of mixed or unmixed products for therapeutic or prophylactic use, put up in measured doses (incl. those in the form of transdermal admin. systems) or packed for retail sale",705,Slovenia,False,49229494.889,,0.0
2025,3004,3004,"Medicaments; (not goods of heading no. 3002, 3005 or 3006) consisting of mixed or unmixed products for therapeutic or prophylactic use, put up in measured doses (incl. those in the form of transdermal admin. systems) or packed for retail sale",724,Spain,False,52558082.099,301092.578,301092.578
2025,3004,3004,"Medicaments; (not goods of heading no. 3002, 3005 or 3006) consisting of mixed or unmixed products for therapeutic or prophylactic use, put up in measured doses (incl. those in the form of transdermal admin. systems) or packed for retail sale",729,Sudan,False,104.913,,0.0
2025,3004,3004,"Medicaments; (not goods of heading no. 3002, 3005 or 3006) consisting of mixed or unmixed products for therapeutic or prophylactic use, put up in measured doses (incl. those in the form of transdermal admin. systems) or packed for retail sale",748,Eswatini,False,4875.345,,0.0
2025,3004,3004,"Medicaments; (not goods of heading no. 3002, 3005 or 3006) consisting of mixed or unmixed products for therapeutic or prophylactic use, put up in measured doses (incl. those in the form of transdermal admin. systems) or packed for retail sale",752,Sweden,False,125194767.928,708268.957,708268.957
2025,3004,3004,"Medicaments; (not goods of heading no. 3002, 3005 or 3006) consisting of mixed or unmixed products for therapeutic or prophylactic use, put up in measured doses (incl. those in the form of transdermal admin. systems) or packed for retail sale",757,Switzerland,False,236212324.534,1447627.113,1447627.113
2025,3004,3004,"Medicaments; (not goods of heading no. 3002, 3005 or 3006) consisting of mixed or unmixed products for therapeutic or prophylactic use, put up in measured doses (incl. those in the form of transdermal admin. systems) or packed for retail sale",764,Thailand,False,10.044,,0.0
2025,3004,3004,"Medicaments; (not goods of heading no. 3002, 3005 or 3006) consisting of mixed or unmixed products for therapeutic or prophylactic use, put up in measured doses (incl. those in the form of transdermal admin. systems) or packed for retail sale",784,United Arab Emirates,False,13157896.651,73166.137,73166.137
2025,3004,3004,"Medicaments; (not goods of heading no. 3002, 3005 or 3006) consisting of mixed or unmixed products for therapeutic or prophylactic use, put up in measured doses (incl. those in the form of transdermal admin. systems) or packed for retail sale",788,Tunisia,False,101.395,1.364,1.364
2025,3004,3004,"Medicaments; (not goods of heading no. 3002, 3005 or 3006) consisting of mixed or unmixed products for therapeutic or prophylactic use, put up in measured doses (incl. those in the form of transdermal admin. systems) or packed for retail sale",792,Türkiye,False,20684811.057,,0.0
2025,3004,3004,"Medicaments; (not goods of heading no. 3002, 3005 or 3006) consisting of mixed or unmixed products for therapeutic or prophylactic use, put up in measured doses (incl. those in the form of transdermal admin. systems) or packed for retail sale",826,United Kingdom,False,48657920.215,237600.526,237600.526
2025,3004,3004,"Medicaments; (not goods of heading no. 3002, 3005 or 3006) consisting of mixed or unmixed products for therapeutic or prophylactic use, put up in measured doses (incl. those in the form of transdermal admin. systems) or packed for retail sale",842,USA,False,305045646.382,1915730.618,1915730.618
2025,3004,3004,"Medicaments; (not goods of heading no. 3002, 3005 or 3006) consisting of mixed or unmixed products for therapeutic or prophylactic use, put up in measured doses (incl. those in the form of transdermal admin. systems) or packed for retail sale",899,"Areas, nes",False,143.876,1.917,1.917
2015,3301,3301,"Oils; essential (concretes, absolutes); concentrates thereof in fats, fixed oils, waxes or the like (obtained by enfleurage or maceration); aqueous distillates, solutions and terpenic by-products thereof; resinoids; extracted oleoresins",0,World,True,11618260.778,462091.375,462091.375
2015,3301,3301,"Oils; essential (concretes, absolutes); concentrates thereof in fats, fixed oils, waxes or the like (obtained by enfleurage or maceration); aqueous distillates, solutions and terpenic by-products thereof; resinoids; extracted oleoresins",36,Australia,False,985.811,81.471,81.471
2015,3301,3301,"Oils; essential (concretes, absolutes); concentrates thereof in fats, fixed oils, waxes or the like (obtained by enfleurage or maceration); aqueous distillates, solutions and terpenic by-products thereof; resinoids; extracted oleoresins",76,Brazil,False,504014.069,48337.649,48337.649
2015,3301,3301,"Oils; essential (concretes, absolutes); concentrates thereof in fats, fixed oils, waxes or the like (obtained by enfleurage or maceration); aqueous distillates, solutions and terpenic by-products thereof; resinoids; extracted oleoresins",124,Canada,False,291801.3,9740.433,9740.433
2015,3301,3301,"Oils; essential (concretes, absolutes); concentrates thereof in fats, fixed oils, waxes or the like (obtained by enfleurage or maceration); aqueous distillates, solutions and terpenic by-products thereof; resinoids; extracted oleoresins",144,Sri Lanka,False,11429.085,185.436,185.436
2015,3301,3301,"Oils; essential (concretes, absolutes); concentrates thereof in fats, fixed oils, waxes or the like (obtained by enfleurage or maceration); aqueous distillates, solutions and terpenic by-products thereof; resinoids; extracted oleoresins",156,China,False,971529.659,36219.104,36219.104
2015,3301,3301,"Oils; essential (concretes, absolutes); concentrates thereof in fats, fixed oils, waxes or the like (obtained by enfleurage or maceration); aqueous distillates, solutions and terpenic by-products thereof; resinoids; extracted oleoresins",251,France,False,491060.434,21921.599,21921.599
2015,3301,3301,"Oils; essential (concretes, absolutes); concentrates thereof in fats, fixed oils, waxes or the like (obtained by enfleurage or maceration); aqueous distillates, solutions and terpenic by-products thereof; resinoids; extracted oleoresins",276,Germany,False,1022359.918,39047.632,39047.632
2015,3301,3301,"Oils; essential (concretes, absolutes); concentrates thereof in fats, fixed oils, waxes or the like (obtained by enfleurage or maceration); aqueous distillates, solutions and terpenic by-products thereof; resinoids; extracted oleoresins",300,Greece,False,1670.268,217.297,217.297
2015,3301,3301,"Oils; essential (concretes, absolutes); concentrates thereof in fats, fixed oils, waxes or the like (obtained by enfleurage or maceration); aqueous distillates, solutions and terpenic by-products thereof; resinoids; extracted oleoresins",360,Indonesia,False,188721.327,3061.996,3061.996
2015,3301,3301,"Oils; essential (concretes, absolutes); concentrates thereof in fats, fixed oils, waxes or the like (obtained by enfleurage or maceration); aqueous distillates, solutions and terpenic by-products thereof; resinoids; extracted oleoresins",380,Italy,False,117331.333,3467.296,3467.296
2015,3301,3301,"Oils; essential (concretes, absolutes); concentrates thereof in fats, fixed oils, waxes or the like (obtained by enfleurage or maceration); aqueous distillates, solutions and terpenic by-products thereof; resinoids; extracted oleoresins",388,Jamaica,False,1970.983,31.979,31.979
2015,3301,3301,"Oils; essential (concretes, absolutes); concentrates thereof in fats, fixed oils, waxes or the like (obtained by enfleurage or maceration); aqueous distillates, solutions and terpenic by-products thereof; resinoids; extracted oleoresins",422,Lebanon,False,142657.159,5680.341,5680.341
2015,3301,3301,"Oils; essential (concretes, absolutes); concentrates thereof in fats, fixed oils, waxes or the like (obtained by enfleurage or maceration); aqueous distillates, solutions and terpenic by-products thereof; resinoids; extracted oleoresins",484,Mexico,False,57081.212,1185.377,1185.377
2015,3301,3301,"Oils; essential (concretes, absolutes); concentrates thereof in fats, fixed oils, waxes or the like (obtained by enfleurage or maceration); aqueous distillates, solutions and terpenic by-products thereof; resinoids; extracted oleoresins",504,Morocco,False,11664.123,304.121,304.121
2015,3301,3301,"Oils; essential (concretes, absolutes); concentrates thereof in fats, fixed oils, waxes or the like (obtained by enfleurage or maceration); aqueous distillates, solutions and terpenic by-products thereof; resinoids; extracted oleoresins",528,Netherlands,False,240949.707,17751.939,17751.939
2015,3301,3301,"Oils; essential (concretes, absolutes); concentrates thereof in fats, fixed oils, waxes or the like (obtained by enfleurage or maceration); aqueous distillates, solutions and terpenic by-products thereof; resinoids; extracted oleoresins",600,Paraguay,False,24397.691,397.525,397.525
2015,3301,3301,"Oils; essential (concretes, absolutes); concentrates thereof in fats, fixed oils, waxes or the like (obtained by enfleurage or maceration); aqueous distillates, solutions and terpenic by-products thereof; resinoids; extracted oleoresins",699,India,False,3961152.284,144968.275,144968.275
2015,3301,3301,"Oils; essential (concretes, absolutes); concentrates thereof in fats, fixed oils, waxes or the like (obtained by enfleurage or maceration); aqueous distillates, solutions and terpenic by-products thereof; resinoids; extracted oleoresins",710,South Africa,False,82402.454,5836.039,5836.039
2015,3301,3301,"Oils; essential (concretes, absolutes); concentrates thereof in fats, fixed oils, waxes or the like (obtained by enfleurage or maceration); aqueous distillates, solutions and terpenic by-products thereof; resinoids; extracted oleoresins",724,Spain,False,274350.665,7657.468,7657.468
2015,3301,3301,"Oils; essential (concretes, absolutes); concentrates thereof in fats, fixed oils, waxes or the like (obtained by enfleurage or maceration); aqueous distillates, solutions and terpenic by-products thereof; resinoids; extracted oleoresins",784,United Arab Emirates,False,601.567,23.953,23.953
2015,3301,3301,"Oils; essential (concretes, absolutes); concentrates thereof in fats, fixed oils, waxes or the like (obtained by enfleurage or maceration); aqueous distillates, solutions and terpenic by-products thereof; resinoids; extracted oleoresins",792,Türkiye,False,8800.398,662.356,662.356
2015,3301,3301,"Oils; essential (concretes, absolutes); concentrates thereof in fats, fixed oils, waxes or the like (obtained by enfleurage or maceration); aqueous distillates, solutions and terpenic by-products thereof; resinoids; extracted oleoresins",826,United Kingdom,False,884424.023,24678.818,24678.818
2015,3301,3301,"Oils; essential (concretes, absolutes); concentrates thereof in fats, fixed oils, waxes or the like (obtained by enfleurage or maceration); aqueous distillates, solutions and terpenic by-products thereof; resinoids; extracted oleoresins",842,USA,False,2326905.307,90633.271,90633.271
2016,3301,3301,"Oils; essential (concretes, absolutes); concentrates thereof in fats, fixed oils, waxes or the like (obtained by enfleurage or maceration); aqueous distillates, solutions and terpenic by-products thereof; resinoids; extracted oleoresins",0,World,True,13853733.443,524853.8,524853.8
2016,3301,3301,"Oils; essential (concretes, absolutes); concentrates thereof in fats, fixed oils, waxes or the like (obtained by enfleurage or maceration); aqueous distillates, solutions and terpenic by-products thereof; resinoids; extracted oleoresins",36,Australia,False,496.725,19.414,19.414
2016,3301,3301,"Oils; essential (concretes, absolutes); concentrates thereof in fats, fixed oils, waxes or the like (obtained by enfleurage or maceration); aqueous distillates, solutions and terpenic by-products thereof; resinoids; extracted oleoresins",40,Austria,False,10237.77,190.516,190.516
2016,3301,3301,"Oils; essential (concretes, absolutes); concentrates thereof in fats, fixed oils, waxes or the like (obtained by enfleurage or maceration); aqueous distillates, solutions and terpenic by-products thereof; resinoids; extracted oleoresins",56,Belgium,False,14891.598,582.022,582.022
2016,3301,3301,"Oils; essential (concretes, absolutes); concentrates thereof in fats, fixed oils, waxes or the like (obtained by enfleurage or maceration); aqueous distillates, solutions and terpenic by-products thereof; resinoids; extracted oleoresins",76,Brazil,False,685086.185,66589.397,66589.397
2016,3301,3301,"Oils; essential (concretes, absolutes); concentrates thereof in fats, fixed oils, waxes or the like (obtained by enfleurage or maceration); aqueous distillates, solutions and terpenic by-products thereof; resinoids; extracted oleoresins",124,Canada,False,213574.007,6645.342,6645.342
2016,3301,3301,"Oils; essential (concretes, absolutes); concentrates thereof in fats, fixed oils, waxes or the like (obtained by enfleurage or maceration); aqueous distillates, solutions and terpenic by-products thereof; resinoids; extracted oleoresins",144,Sri Lanka,False,419016.641,13928.344,13928.344
2016,3301,3301,"Oils; essential (concretes, absolutes); concentrates thereof in fats, fixed oils, waxes or the like (obtained by enfleurage or maceration); aqueous distillates, solutions and terpenic by-products thereof; resinoids; extracted oleoresins",156,China,False,1470964.18,51469.135,51469.135
2016,3301,3301,"Oils; essential (concretes, absolutes); concentrates thereof in fats, fixed oils, waxes or the like (obtained by enfleurage or maceration); aqueous distillates, solutions and terpenic by-products thereof; resinoids; extracted oleoresins",251,France,False,1151859.899,29022.483,29022.483
2016,3301,3301,"Oils; essential (concretes, absolutes); concentrates thereof in fats, fixed oils, waxes or the like (obtained by enfleurage or maceration); aqueous distillates, solutions and terpenic by-products thereof; resinoids; extracted oleoresins",276,Germany,False,888310.145,41250.433,41250.433
2016,3301,3301,"Oils; essential (concretes, absolutes); concentrates thereof in fats, fixed oils, waxes or the like (obtained by enfleurage or maceration); aqueous distillates, solutions and terpenic by-products thereof; resinoids; extracted oleoresins",332,Haiti,False,995.717,38.917,38.917
2016,3301,3301,"Oils; essential (concretes, absolutes); concentrates thereof in fats, fixed oils, waxes or the like (obtained by enfleurage or maceration); aqueous distillates, solutions and terpenic by-products thereof; resinoids; extracted oleoresins",344,"China, Hong Kong SAR",False,5093.277,85.434,85.434
2016,3301,3301,"Oils; essential (concretes, absolutes); concentrates thereof in fats, fixed oils, waxes or the like (obtained by enfleurage or maceration); aqueous distillates, solutions and terpenic by-products thereof; resinoids; extracted oleoresins",348,Hungary,False,3249.467,127.002,127.002
2016,3301,3301,"Oils; essential (concretes, absolutes); concentrates thereof in fats, fixed oils, waxes or the like (obtained by enfleurage or maceration); aqueous distillates, solutions and terpenic by-products thereof; resinoids; extracted oleoresins",360,Indonesia,False,274465.216,7475.985,7475.985
2016,3301,3301,"Oils; essential (concretes, absolutes); concentrates thereof in fats, fixed oils, waxes or the like (obtained by enfleurage or maceration); aqueous distillates, solutions and terpenic by-products thereof; resinoids; extracted oleoresins",372,Ireland,False,12626.417,493.49,493.49
2016,3301,3301,"Oils; essential (concretes, absolutes); concentrates thereof in fats, fixed oils, waxes or the like (obtained by enfleurage or maceration); aqueous distillates, solutions and terpenic by-products thereof; resinoids; extracted oleoresins",376,Israel,False,8951.588,349.863,349.863
2016,3301,3301,"Oils; essential (concretes, absolutes); concentrates thereof in fats, fixed oils, waxes or the like (obtained by enfleurage or maceration); aqueous distillates, solutions and terpenic by-products thereof; resinoids; extracted oleoresins",380,Italy,False,581880.435,12361.773,12361.773
2016,3301,3301,"Oils; essential (concretes, absolutes); concentrates thereof in fats, fixed oils, waxes or the like (obtained by enfleurage or maceration); aqueous distillates, solutions and terpenic by-products thereof; resinoids; extracted oleoresins",388,Jamaica,False,3354.997,56.276,56.276
2016,3301,3301,"Oils; essential (concretes, absolutes); concentrates thereof in fats, fixed oils, waxes or the like (obtained by enfleurage or maceration); aqueous distillates, solutions and terpenic by-products thereof; resinoids; extracted oleoresins",400,Jordan,False,1316.709,145.232,145.232
2016,3301,3301,"Oils; essential (concretes, absolutes); concentrates thereof in fats, fixed oils, waxes or the like (obtained by enfleurage or maceration); aqueous distillates, solutions and terpenic by-products thereof; resinoids; extracted oleoresins",422,Lebanon,False,182610.891,7137.15,7137.15
2016,3301,3301,"Oils; essential (concretes, absolutes); concentrates thereof in fats, fixed oils, waxes or the like (obtained by enfleurage or maceration); aqueous distillates, solutions and terpenic by-products thereof; resinoids; extracted oleoresins",484,Mexico,False,64253.502,3669.007,3669.007
2016,3301,3301,"Oils; essential (concretes, absolutes); concentrates thereof in fats, fixed oils, waxes or the like (obtained by enfleurage or maceration); aqueous distillates, solutions and terpenic by-products thereof; resinoids; extracted oleoresins",490,"Other Asia, nes",False,11733.828,196.821,196.821
2016,3301,3301,"Oils; essential (concretes, absolutes); concentrates thereof in fats, fixed oils, waxes or the like (obtained by enfleurage or maceration); aqueous distillates, solutions and terpenic by-products thereof; resinoids; extracted oleoresins",504,Morocco,False,15393.821,411.889,411.889
2016,3301,3301,"Oils; essential (concretes, absolutes); concentrates thereof in fats, fixed oils, waxes or the like (obtained by enfleurage or maceration); aqueous distillates, solutions and terpenic by-products thereof; resinoids; extracted oleoresins",528,Netherlands,False,34979.204,2183.557,2183.557
2016,3301,3301,"Oils; essential (concretes, absolutes); concentrates thereof in fats, fixed oils, waxes or the like (obtained by enfleurage or maceration); aqueous distillates, solutions and terpenic by-products thereof; resinoids; extracted oleoresins",600,Paraguay,False,1315.926,51.432,51.432
2016,3301,3301,"Oils; essential (concretes, absolutes); concentrates thereof in fats, fixed oils, waxes or the like (obtained by enfleurage or maceration); aqueous distillates, solutions and terpenic by-products thereof; resinoids; extracted oleoresins",682,Saudi Arabia,False,10581.544,264.953,264.953
2016,3301,3301,"Oils; essential (concretes, absolutes); concentrates thereof in fats, fixed oils, waxes or the like (obtained by enfleurage or maceration); aqueous distillates, solutions and terpenic by-products thereof; resinoids; extracted oleoresins",699,India,False,3414113.527,127449.903,127449.903
2016,3301,3301,"Oils; essential (concretes, absolutes); concentrates thereof in fats, fixed oils, waxes or the like (obtained by enfleurage or maceration); aqueous distillates, solutions and terpenic by-products thereof; resinoids; extracted oleoresins",704,Viet Nam,False,1236.612,31.362,31.362
2016,3301,3301,"Oils; essential (concretes, absolutes); concentrates thereof in fats, fixed oils, waxes or the like (obtained by enfleurage or maceration); aqueous distillates, solutions and terpenic by-products thereof; resinoids; extracted oleoresins",710,South Africa,False,81414.294,5435.251,5435.251
2016,3301,3301,"Oils; essential (concretes, absolutes); concentrates thereof in fats, fixed oils, waxes or the like (obtained by enfleurage or maceration); aqueous distillates, solutions and terpenic by-products thereof; resinoids; extracted oleoresins",716,Zimbabwe,False,24326.106,408.042,408.042
2016,3301,3301,"Oils; essential (concretes, absolutes); concentrates thereof in fats, fixed oils, waxes or the like (obtained by enfleurage or maceration); aqueous distillates, solutions and terpenic by-products thereof; resinoids; extracted oleoresins",724,Spain,False,370236.026,10460.046,10460.046
2016,3301,3301,"Oils; essential (concretes, absolutes); concentrates thereof in fats, fixed oils, waxes or the like (obtained by enfleurage or maceration); aqueous distillates, solutions and terpenic by-products thereof; resinoids; extracted oleoresins",752,Sweden,False,1038899.882,30832.634,30832.634
2016,3301,3301,"Oils; essential (concretes, absolutes); concentrates thereof in fats, fixed oils, waxes or the like (obtained by enfleurage or maceration); aqueous distillates, solutions and terpenic by-products thereof; resinoids; extracted oleoresins",757,Switzerland,False,119770.509,4214.051,4214.051
2016,3301,3301,"Oils; essential (concretes, absolutes); concentrates thereof in fats, fixed oils, waxes or the like (obtained by enfleurage or maceration); aqueous distillates, solutions and terpenic by-products thereof; resinoids; extracted oleoresins",784,United Arab Emirates,False,71955.507,2812.303,2812.303
2016,3301,3301,"Oils; essential (concretes, absolutes); concentrates thereof in fats, fixed oils, waxes or the like (obtained by enfleurage or maceration); aqueous distillates, solutions and terpenic by-products thereof; resinoids; extracted oleoresins",792,Türkiye,False,10690.709,179.324,179.324
2016,3301,3301,"Oils; essential (concretes, absolutes); concentrates thereof in fats, fixed oils, waxes or the like (obtained by enfleurage or maceration); aqueous distillates, solutions and terpenic by-products thereof; resinoids; extracted oleoresins",826,United Kingdom,False,749608.693,16120.216,16120.216
2016,3301,3301,"Oils; essential (concretes, absolutes); concentrates thereof in fats, fixed oils, waxes or the like (obtained by enfleurage or maceration); aqueous distillates, solutions and terpenic by-products thereof; resinoids; extracted oleoresins",842,USA,False,1904241.891,82164.799,82164.799
2017,3301,3301,"Oils; essential (concretes, absolutes); concentrates thereof in fats, fixed oils, waxes or the like (obtained by enfleurage or maceration); aqueous distillates, solutions and terpenic by-products thereof; resinoids; extracted oleoresins",0,World,True,12634541.642,0.0,0.0
2017,3301,3301,"Oils; essential (concretes, absolutes); concentrates thereof in fats, fixed oils, waxes or the like (obtained by enfleurage or maceration); aqueous distillates, solutions and terpenic by-products thereof; resinoids; extracted oleoresins",36,Australia,False,10556.923,200.071,200.071
2017,3301,3301,"Oils; essential (concretes, absolutes); concentrates thereof in fats, fixed oils, waxes or the like (obtained by enfleurage or maceration); aqueous distillates, solutions and terpenic by-products thereof; resinoids; extracted oleoresins",40,Austria,False,12305.479,253.635,253.635
2017,3301,3301,"Oils; essential (concretes, absolutes); concentrates thereof in fats, fixed oils, waxes or the like (obtained by enfleurage or maceration); aqueous distillates, solutions and terpenic by-products thereof; resinoids; extracted oleoresins",56,Belgium,False,16072.419,1342.131,1342.131
2017,3301,3301,"Oils; essential (concretes, absolutes); concentrates thereof in fats, fixed oils, waxes or the like (obtained by enfleurage or maceration); aqueous distillates, solutions and terpenic by-products thereof; resinoids; extracted oleoresins",76,Brazil,False,274945.071,22243.26,22243.26
2017,3301,3301,"Oils; essential (concretes, absolutes); concentrates thereof in fats, fixed oils, waxes or the like (obtained by enfleurage or maceration); aqueous distillates, solutions and terpenic by-products thereof; resinoids; extracted oleoresins",124,Canada,False,161617.043,5199.667,5199.667
2017,3301,3301,"Oils; essential (concretes, absolutes); concentrates thereof in fats, fixed oils, waxes or the like (obtained by enfleurage or maceration); aqueous distillates, solutions and terpenic by-products thereof; resinoids; extracted oleoresins",144,Sri Lanka,False,279079.141,11254.286,11254.286
2017,3301,3301,"Oils; essential (concretes, absolutes); concentrates thereof in fats, fixed oils, waxes or the like (obtained by enfleurage or maceration); aqueous distillates, solutions and terpenic by-products thereof; resinoids; extracted oleoresins",156,China,False,1392748.047,50264.707,50264.707
2017,3301,3301,"Oils; essential (concretes, absolutes); concentrates thereof in fats, fixed oils, waxes or the like (obtained by enfleurage or maceration); aqueous distillates, solutions and terpenic by-products thereof; resinoids; extracted oleoresins",208,Denmark,False,319.811,12.901,12.901
2017,3301,3301,"Oils; essential (concretes, absolutes); concentrates thereof in fats, fixed oils, waxes or the like (obtained by enfleurage or maceration); aqueous distillates, solutions and terpenic by-products thereof; resinoids; extracted oleoresins",251,France,False,1464280.884,33376.38,33376.38
2017,3301,3301,"Oils; essential (concretes, absolutes); concentrates thereof in fats, fixed oils, waxes or the like (obtained by enfleurage or maceration); aqueous distillates, solutions and terpenic by-products thereof; resinoids; extracted oleoresins",276,Germany,False,559001.94,27409.243,27409.243
2017,3301,3301,"Oils; essential (concretes, absolutes); concentrates thereof in fats, fixed oils, waxes or the like (obtained by enfleurage or maceration); aqueous distillates, solutions and terpenic by-products thereof; resinoids; extracted oleoresins",332,Haiti,False,944.783,26.225,26.225
2017,3301,3301,"Oils; essential (concretes, absolutes); concentrates thereof in fats, fixed oils, waxes or the like (obtained by enfleurage or maceration); aqueous distillates, solutions and terpenic by-products thereof; resinoids; extracted oleoresins",340,Honduras,False,1276.087,30.717,30.717
2017,3301,3301,"Oils; essential (concretes, absolutes); concentrates thereof in fats, fixed oils, waxes or the like (obtained by enfleurage or maceration); aqueous distillates, solutions and terpenic by-products thereof; resinoids; extracted oleoresins",348,Hungary,False,731.621,0.0,0.0
2017,3301,3301,"Oils; essential (concretes, absolutes); concentrates thereof in fats, fixed oils, waxes or the like (obtained by enfleurage or maceration); aqueous distillates, solutions and terpenic by-products thereof; resinoids; extracted oleoresins",360,Indonesia,False,212635.702,7619.802,7619.802
2017,3301,3301,"Oils; essential (concretes, absolutes); concentrates thereof in fats, fixed oils, waxes or the like (obtained by enfleurage or maceration); aqueous distillates, solutions and terpenic by-products thereof; resinoids; extracted oleoresins",380,Italy,False,274035.721,6558.678,6558.678
2017,3301,3301,"Oils; essential (concretes, absolutes); concentrates thereof in fats, fixed oils, waxes or the like (obtained by enfleurage or maceration); aqueous distillates, solutions and terpenic by-products thereof; resinoids; extracted oleoresins",400,Jordan,False,19889.678,802.309,802.309
2017,3301,3301,"Oils; essential (concretes, absolutes); concentrates thereof in fats, fixed oils, waxes or the like (obtained by enfleurage or maceration); aqueous distillates, solutions and terpenic by-products thereof; resinoids; extracted oleoresins",410,Rep. of Korea,False,118537.93,4599.311,4599.311
2017,3301,3301,"Oils; essential (concretes, absolutes); concentrates thereof in fats, fixed oils, waxes or the like (obtained by enfleurage or maceration); aqueous distillates, solutions and terpenic by-products thereof; resinoids; extracted oleoresins",422,Lebanon,False,149421.501,6027.359,6027.359
2017,3301,3301,"Oils; essential (concretes, absolutes); concentrates thereof in fats, fixed oils, waxes or the like (obtained by enfleurage or maceration); aqueous distillates, solutions and terpenic by-products thereof; resinoids; extracted oleoresins",484,Mexico,False,58869.137,1280.672,1280.672
2017,3301,3301,"Oils; essential (concretes, absolutes); concentrates thereof in fats, fixed oils, waxes or the like (obtained by enfleurage or maceration); aqueous distillates, solutions and terpenic by-products thereof; resinoids; extracted oleoresins",528,Netherlands,False,507965.784,18257.897,18257.897
2017,3301,3301,"Oils; essential (concretes, absolutes); concentrates thereof in fats, fixed oils, waxes or the like (obtained by enfleurage or maceration); aqueous distillates, solutions and terpenic by-products thereof; resinoids; extracted oleoresins",620,Portugal,False,4200.26,0.0,0.0
2017,3301,3301,"Oils; essential (concretes, absolutes); concentrates thereof in fats, fixed oils, waxes or the like (obtained by enfleurage or maceration); aqueous distillates, solutions and terpenic by-products thereof; resinoids; extracted oleoresins",642,Romania,False,14382.49,580.16,580.16
2017,3301,3301,"Oils; essential (concretes, absolutes); concentrates thereof in fats, fixed oils, waxes or the like (obtained by enfleurage or maceration); aqueous distillates, solutions and terpenic by-products thereof; resinoids; extracted oleoresins",643,Russian Federation,False,665.76,26.855,26.855
2017,3301,3301,"Oils; essential (concretes, absolutes); concentrates thereof in fats, fixed oils, waxes or the like (obtained by enfleurage or maceration); aqueous distillates, solutions and terpenic by-products thereof; resinoids; extracted oleoresins",682,Saudi Arabia,False,12350.406,248.382,248.382
2017,3301,3301,"Oils; essential (concretes, absolutes); concentrates thereof in fats, fixed oils, waxes or the like (obtained by enfleurage or maceration); aqueous distillates, solutions and terpenic by-products thereof; resinoids; extracted oleoresins",699,India,False,2502853.775,97148.731,97148.731
2017,3301,3301,"Oils; essential (concretes, absolutes); concentrates thereof in fats, fixed oils, waxes or the like (obtained by enfleurage or maceration); aqueous distillates, solutions and terpenic by-products thereof; resinoids; extracted oleoresins",710,South Africa,False,59113.808,4824.373,4824.373
2017,3301,3301,"Oils; essential (concretes, absolutes); concentrates thereof in fats, fixed oils, waxes or the like (obtained by enfleurage or maceration); aqueous distillates, solutions and terpenic by-products thereof; resinoids; extracted oleoresins",724,Spain,False,609240.634,26162.146,26162.146
2017,3301,3301,"Oils; essential (concretes, absolutes); concentrates thereof in fats, fixed oils, waxes or the like (obtained by enfleurage or maceration); aqueous distillates, solutions and terpenic by-products thereof; resinoids; extracted oleoresins",752,Sweden,False,295920.634,6850.499,6850.499
2017,3301,3301,"Oils; essential (concretes, absolutes); concentrates thereof in fats, fixed oils, waxes or the like (obtained by enfleurage or maceration); aqueous distillates, solutions and terpenic by-products thereof; resinoids; extracted oleoresins",757,Switzerland,False,114351.783,2574.51,2574.51
2017,3301,3301,"Oils; essential (concretes, absolutes); concentrates thereof in fats, fixed oils, waxes or the like (obtained by enfleurage or maceration); aqueous distillates, solutions and terpenic by-products thereof; resinoids; extracted oleoresins",784,United Arab Emirates,False,2459.276,99.202,99.202
2017,3301,3301,"Oils; essential (concretes, absolutes); concentrates thereof in fats, fixed oils, waxes or the like (obtained by enfleurage or maceration); aqueous distillates, solutions and terpenic by-products thereof; resinoids; extracted oleoresins",792,Türkiye,False,3563.823,0.0,0.0
2017,3301,3301,"Oils; essential (concretes, absolutes); concentrates thereof in fats, fixed oils, waxes or the like (obtained by enfleurage or maceration); aqueous distillates, solutions and terpenic by-products thereof; resinoids; extracted oleoresins",826,United Kingdom,False,1014894.46,21741.483,21741.483
2017,3301,3301,"Oils; essential (concretes, absolutes); concentrates thereof in fats, fixed oils, waxes or the like (obtained by enfleurage or maceration); aqueous distillates, solutions and terpenic by-products thereof; resinoids; extracted oleoresins",842,USA,False,2485309.834,112138.586,112138.586
2018,3301,3301,"Oils; essential (concretes, absolutes); concentrates thereof in fats, fixed oils, waxes or the like (obtained by enfleurage or maceration); aqueous distillates, solutions and terpenic by-products thereof; resinoids; extracted oleoresins",0,World,True,14442985.661,,0.0
2018,3301,3301,"Oils; essential (concretes, absolutes); concentrates thereof in fats, fixed oils, waxes or the like (obtained by enfleurage or maceration); aqueous distillates, solutions and terpenic by-products thereof; resinoids; extracted oleoresins",8,Albania,False,4001.992,,0.0
2018,3301,3301,"Oils; essential (concretes, absolutes); concentrates thereof in fats, fixed oils, waxes or the like (obtained by enfleurage or maceration); aqueous distillates, solutions and terpenic by-products thereof; resinoids; extracted oleoresins",32,Argentina,False,4703.875,200.971,200.971
2018,3301,3301,"Oils; essential (concretes, absolutes); concentrates thereof in fats, fixed oils, waxes or the like (obtained by enfleurage or maceration); aqueous distillates, solutions and terpenic by-products thereof; resinoids; extracted oleoresins",36,Australia,False,7882.512,,0.0
2018,3301,3301,"Oils; essential (concretes, absolutes); concentrates thereof in fats, fixed oils, waxes or the like (obtained by enfleurage or maceration); aqueous distillates, solutions and terpenic by-products thereof; resinoids; extracted oleoresins",40,Austria,False,5092.638,168.782,168.782
2018,3301,3301,"Oils; essential (concretes, absolutes); concentrates thereof in fats, fixed oils, waxes or the like (obtained by enfleurage or maceration); aqueous distillates, solutions and terpenic by-products thereof; resinoids; extracted oleoresins",56,Belgium,False,9154.913,729.664,729.664
2018,3301,3301,"Oils; essential (concretes, absolutes); concentrates thereof in fats, fixed oils, waxes or the like (obtained by enfleurage or maceration); aqueous distillates, solutions and terpenic by-products thereof; resinoids; extracted oleoresins",76,Brazil,False,483280.415,30876.092,30876.092
2018,3301,3301,"Oils; essential (concretes, absolutes); concentrates thereof in fats, fixed oils, waxes or the like (obtained by enfleurage or maceration); aqueous distillates, solutions and terpenic by-products thereof; resinoids; extracted oleoresins",124,Canada,False,106647.316,4414.637,4414.637
2018,3301,3301,"Oils; essential (concretes, absolutes); concentrates thereof in fats, fixed oils, waxes or the like (obtained by enfleurage or maceration); aqueous distillates, solutions and terpenic by-products thereof; resinoids; extracted oleoresins",144,Sri Lanka,False,305495.231,13031.445,13031.445
2018,3301,3301,"Oils; essential (concretes, absolutes); concentrates thereof in fats, fixed oils, waxes or the like (obtained by enfleurage or maceration); aqueous distillates, solutions and terpenic by-products thereof; resinoids; extracted oleoresins",156,China,False,2149692.612,62729.293,62729.293
2018,3301,3301,"Oils; essential (concretes, absolutes); concentrates thereof in fats, fixed oils, waxes or the like (obtained by enfleurage or maceration); aqueous distillates, solutions and terpenic by-products thereof; resinoids; extracted oleoresins",246,Finland,False,5442.874,,0.0
2018,3301,3301,"Oils; essential (concretes, absolutes); concentrates thereof in fats, fixed oils, waxes or the like (obtained by enfleurage or maceration); aqueous distillates, solutions and terpenic by-products thereof; resinoids; extracted oleoresins",251,France,False,1588078.36,29040.217,29040.217
2018,3301,3301,"Oils; essential (concretes, absolutes); concentrates thereof in fats, fixed oils, waxes or the like (obtained by enfleurage or maceration); aqueous distillates, solutions and terpenic by-products thereof; resinoids; extracted oleoresins",276,Germany,False,622781.783,20039.787,20039.787
2018,3301,3301,"Oils; essential (concretes, absolutes); concentrates thereof in fats, fixed oils, waxes or the like (obtained by enfleurage or maceration); aqueous distillates, solutions and terpenic by-products thereof; resinoids; extracted oleoresins",320,Guatemala,False,3420.907,,0.0
2018,3301,3301,"Oils; essential (concretes, absolutes); concentrates thereof in fats, fixed oils, waxes or the like (obtained by enfleurage or maceration); aqueous distillates, solutions and terpenic by-products thereof; resinoids; extracted oleoresins",332,Haiti,False,4219.045,,0.0
2018,3301,3301,"Oils; essential (concretes, absolutes); concentrates thereof in fats, fixed oils, waxes or the like (obtained by enfleurage or maceration); aqueous distillates, solutions and terpenic by-products thereof; resinoids; extracted oleoresins",348,Hungary,False,30222.982,2016.865,2016.865
2018,3301,3301,"Oils; essential (concretes, absolutes); concentrates thereof in fats, fixed oils, waxes or the like (obtained by enfleurage or maceration); aqueous distillates, solutions and terpenic by-products thereof; resinoids; extracted oleoresins",360,Indonesia,False,339165.787,9056.406,9056.406
2018,3301,3301,"Oils; essential (concretes, absolutes); concentrates thereof in fats, fixed oils, waxes or the like (obtained by enfleurage or maceration); aqueous distillates, solutions and terpenic by-products thereof; resinoids; extracted oleoresins",380,Italy,False,179029.847,5277.866,5277.866
2018,3301,3301,"Oils; essential (concretes, absolutes); concentrates thereof in fats, fixed oils, waxes or the like (obtained by enfleurage or maceration); aqueous distillates, solutions and terpenic by-products thereof; resinoids; extracted oleoresins",388,Jamaica,False,15418.898,410.572,410.572
2018,3301,3301,"Oils; essential (concretes, absolutes); concentrates thereof in fats, fixed oils, waxes or the like (obtained by enfleurage or maceration); aqueous distillates, solutions and terpenic by-products thereof; resinoids; extracted oleoresins",422,Lebanon,False,92451.021,3949.933,3949.933
2018,3301,3301,"Oils; essential (concretes, absolutes); concentrates thereof in fats, fixed oils, waxes or the like (obtained by enfleurage or maceration); aqueous distillates, solutions and terpenic by-products thereof; resinoids; extracted oleoresins",450,Madagascar,False,7811.785,123.947,123.947
2018,3301,3301,"Oils; essential (concretes, absolutes); concentrates thereof in fats, fixed oils, waxes or the like (obtained by enfleurage or maceration); aqueous distillates, solutions and terpenic by-products thereof; resinoids; extracted oleoresins",484,Mexico,False,145093.07,3654.13,3654.13
2018,3301,3301,"Oils; essential (concretes, absolutes); concentrates thereof in fats, fixed oils, waxes or the like (obtained by enfleurage or maceration); aqueous distillates, solutions and terpenic by-products thereof; resinoids; extracted oleoresins",490,"Other Asia, nes",False,9790.5,,0.0
2018,3301,3301,"Oils; essential (concretes, absolutes); concentrates thereof in fats, fixed oils, waxes or the like (obtained by enfleurage or maceration); aqueous distillates, solutions and terpenic by-products thereof; resinoids; extracted oleoresins",504,Morocco,False,2386.1,46.111,46.111
2018,3301,3301,"Oils; essential (concretes, absolutes); concentrates thereof in fats, fixed oils, waxes or the like (obtained by enfleurage or maceration); aqueous distillates, solutions and terpenic by-products thereof; resinoids; extracted oleoresins",528,Netherlands,False,127129.853,5475.018,5475.018
2018,3301,3301,"Oils; essential (concretes, absolutes); concentrates thereof in fats, fixed oils, waxes or the like (obtained by enfleurage or maceration); aqueous distillates, solutions and terpenic by-products thereof; resinoids; extracted oleoresins",568,"Other Europe, nes",False,1620.669,69.242,69.242
2018,3301,3301,"Oils; essential (concretes, absolutes); concentrates thereof in fats, fixed oils, waxes or the like (obtained by enfleurage or maceration); aqueous distillates, solutions and terpenic by-products thereof; resinoids; extracted oleoresins",600,Paraguay,False,4951.411,165.028,165.028
2018,3301,3301,"Oils; essential (concretes, absolutes); concentrates thereof in fats, fixed oils, waxes or the like (obtained by enfleurage or maceration); aqueous distillates, solutions and terpenic by-products thereof; resinoids; extracted oleoresins",604,Peru,False,24281.25,,0.0
2018,3301,3301,"Oils; essential (concretes, absolutes); concentrates thereof in fats, fixed oils, waxes or the like (obtained by enfleurage or maceration); aqueous distillates, solutions and terpenic by-products thereof; resinoids; extracted oleoresins",643,Russian Federation,False,8037.632,256.772,256.772
2018,3301,3301,"Oils; essential (concretes, absolutes); concentrates thereof in fats, fixed oils, waxes or the like (obtained by enfleurage or maceration); aqueous distillates, solutions and terpenic by-products thereof; resinoids; extracted oleoresins",682,Saudi Arabia,False,36627.706,534.735,534.735
2018,3301,3301,"Oils; essential (concretes, absolutes); concentrates thereof in fats, fixed oils, waxes or the like (obtained by enfleurage or maceration); aqueous distillates, solutions and terpenic by-products thereof; resinoids; extracted oleoresins",699,India,False,2416042.555,87683.604,87683.604
2018,3301,3301,"Oils; essential (concretes, absolutes); concentrates thereof in fats, fixed oils, waxes or the like (obtained by enfleurage or maceration); aqueous distillates, solutions and terpenic by-products thereof; resinoids; extracted oleoresins",710,South Africa,False,69879.211,3213.631,3213.631
2018,3301,3301,"Oils; essential (concretes, absolutes); concentrates thereof in fats, fixed oils, waxes or the like (obtained by enfleurage or maceration); aqueous distillates, solutions and terpenic by-products thereof; resinoids; extracted oleoresins",724,Spain,False,1237983.691,45301.703,45301.703
2018,3301,3301,"Oils; essential (concretes, absolutes); concentrates thereof in fats, fixed oils, waxes or the like (obtained by enfleurage or maceration); aqueous distillates, solutions and terpenic by-products thereof; resinoids; extracted oleoresins",757,Switzerland,False,118522.578,3785.819,3785.819
2018,3301,3301,"Oils; essential (concretes, absolutes); concentrates thereof in fats, fixed oils, waxes or the like (obtained by enfleurage or maceration); aqueous distillates, solutions and terpenic by-products thereof; resinoids; extracted oleoresins",784,United Arab Emirates,False,1055.711,45.105,45.105
2018,3301,3301,"Oils; essential (concretes, absolutes); concentrates thereof in fats, fixed oils, waxes or the like (obtained by enfleurage or maceration); aqueous distillates, solutions and terpenic by-products thereof; resinoids; extracted oleoresins",792,Türkiye,False,31797.163,790.462,790.462
2018,3301,3301,"Oils; essential (concretes, absolutes); concentrates thereof in fats, fixed oils, waxes or the like (obtained by enfleurage or maceration); aqueous distillates, solutions and terpenic by-products thereof; resinoids; extracted oleoresins",826,United Kingdom,False,491808.392,11754.897,11754.897
2018,3301,3301,"Oils; essential (concretes, absolutes); concentrates thereof in fats, fixed oils, waxes or the like (obtained by enfleurage or maceration); aqueous distillates, solutions and terpenic by-products thereof; resinoids; extracted oleoresins",842,USA,False,3751983.376,125996.822,125996.822
2019,3301,3301,"Oils; essential (concretes, absolutes); concentrates thereof in fats, fixed oils, waxes or the like (obtained by enfleurage or maceration); aqueous distillates, solutions and terpenic by-products thereof; resinoids; extracted oleoresins",0,World,True,12077836.079,,0.0
2019,3301,3301,"Oils; essential (concretes, absolutes); concentrates thereof in fats, fixed oils, waxes or the like (obtained by enfleurage or maceration); aqueous distillates, solutions and terpenic by-products thereof; resinoids; extracted oleoresins",8,Albania,False,7872.925,277.383,277.383
2019,3301,3301,"Oils; essential (concretes, absolutes); concentrates thereof in fats, fixed oils, waxes or the like (obtained by enfleurage or maceration); aqueous distillates, solutions and terpenic by-products thereof; resinoids; extracted oleoresins",32,Argentina,False,15745.198,507.079,507.079
2019,3301,3301,"Oils; essential (concretes, absolutes); concentrates thereof in fats, fixed oils, waxes or the like (obtained by enfleurage or maceration); aqueous distillates, solutions and terpenic by-products thereof; resinoids; extracted oleoresins",36,Australia,False,29846.804,844.844,844.844
2019,3301,3301,"Oils; essential (concretes, absolutes); concentrates thereof in fats, fixed oils, waxes or the like (obtained by enfleurage or maceration); aqueous distillates, solutions and terpenic by-products thereof; resinoids; extracted oleoresins",40,Austria,False,25005.607,1241.95,1241.95
2019,3301,3301,"Oils; essential (concretes, absolutes); concentrates thereof in fats, fixed oils, waxes or the like (obtained by enfleurage or maceration); aqueous distillates, solutions and terpenic by-products thereof; resinoids; extracted oleoresins",56,Belgium,False,15663.099,,0.0
2019,3301,3301,"Oils; essential (concretes, absolutes); concentrates thereof in fats, fixed oils, waxes or the like (obtained by enfleurage or maceration); aqueous distillates, solutions and terpenic by-products thereof; resinoids; extracted oleoresins",76,Brazil,False,355796.11,23533.096,23533.096
2019,3301,3301,"Oils; essential (concretes, absolutes); concentrates thereof in fats, fixed oils, waxes or the like (obtained by enfleurage or maceration); aqueous distillates, solutions and terpenic by-products thereof; resinoids; extracted oleoresins",124,Canada,False,253826.845,9789.916,9789.916
2019,3301,3301,"Oils; essential (concretes, absolutes); concentrates thereof in fats, fixed oils, waxes or the like (obtained by enfleurage or maceration); aqueous distillates, solutions and terpenic by-products thereof; resinoids; extracted oleoresins",144,Sri Lanka,False,7999.408,328.856,328.856
2019,3301,3301,"Oils; essential (concretes, absolutes); concentrates thereof in fats, fixed oils, waxes or the like (obtained by enfleurage or maceration); aqueous distillates, solutions and terpenic by-products thereof; resinoids; extracted oleoresins",156,China,False,1975729.474,67716.368,67716.368
2019,3301,3301,"Oils; essential (concretes, absolutes); concentrates thereof in fats, fixed oils, waxes or the like (obtained by enfleurage or maceration); aqueous distillates, solutions and terpenic by-products thereof; resinoids; extracted oleoresins",196,Cyprus,False,11799.7,,0.0
2019,3301,3301,"Oils; essential (concretes, absolutes); concentrates thereof in fats, fixed oils, waxes or the like (obtained by enfleurage or maceration); aqueous distillates, solutions and terpenic by-products thereof; resinoids; extracted oleoresins",251,France,False,631599.902,18177.119,18177.119
2019,3301,3301,"Oils; essential (concretes, absolutes); concentrates thereof in fats, fixed oils, waxes or the like (obtained by enfleurage or maceration); aqueous distillates, solutions and terpenic by-products thereof; resinoids; extracted oleoresins",276,Germany,False,799460.242,32248.968,32248.968
2019,3301,3301,"Oils; essential (concretes, absolutes); concentrates thereof in fats, fixed oils, waxes or the like (obtained by enfleurage or maceration); aqueous distillates, solutions and terpenic by-products thereof; resinoids; extracted oleoresins",320,Guatemala,False,3445.502,102.59,102.59
2019,3301,3301,"Oils; essential (concretes, absolutes); concentrates thereof in fats, fixed oils, waxes or the like (obtained by enfleurage or maceration); aqueous distillates, solutions and terpenic by-products thereof; resinoids; extracted oleoresins",348,Hungary,False,39389.961,1223.016,1223.016
2019,3301,3301,"Oils; essential (concretes, absolutes); concentrates thereof in fats, fixed oils, waxes or the like (obtained by enfleurage or maceration); aqueous distillates, solutions and terpenic by-products thereof; resinoids; extracted oleoresins",360,Indonesia,False,196481.081,4703.173,4703.173
2019,3301,3301,"Oils; essential (concretes, absolutes); concentrates thereof in fats, fixed oils, waxes or the like (obtained by enfleurage or maceration); aqueous distillates, solutions and terpenic by-products thereof; resinoids; extracted oleoresins",364,Iran,False,3158.361,142.341,142.341
2019,3301,3301,"Oils; essential (concretes, absolutes); concentrates thereof in fats, fixed oils, waxes or the like (obtained by enfleurage or maceration); aqueous distillates, solutions and terpenic by-products thereof; resinoids; extracted oleoresins",380,Italy,False,293767.57,9302.137,9302.137
2019,3301,3301,"Oils; essential (concretes, absolutes); concentrates thereof in fats, fixed oils, waxes or the like (obtained by enfleurage or maceration); aqueous distillates, solutions and terpenic by-products thereof; resinoids; extracted oleoresins",388,Jamaica,False,6184.518,219.486,219.486
2019,3301,3301,"Oils; essential (concretes, absolutes); concentrates thereof in fats, fixed oils, waxes or the like (obtained by enfleurage or maceration); aqueous distillates, solutions and terpenic by-products thereof; resinoids; extracted oleoresins",392,Japan,False,14419.438,223.276,223.276
2019,3301,3301,"Oils; essential (concretes, absolutes); concentrates thereof in fats, fixed oils, waxes or the like (obtained by enfleurage or maceration); aqueous distillates, solutions and terpenic by-products thereof; resinoids; extracted oleoresins",422,Lebanon,False,121976.13,5497.217,5497.217
2019,3301,3301,"Oils; essential (concretes, absolutes); concentrates thereof in fats, fixed oils, waxes or the like (obtained by enfleurage or maceration); aqueous distillates, solutions and terpenic by-products thereof; resinoids; extracted oleoresins",450,Madagascar,False,1725.835,77.78,77.78
2019,3301,3301,"Oils; essential (concretes, absolutes); concentrates thereof in fats, fixed oils, waxes or the like (obtained by enfleurage or maceration); aqueous distillates, solutions and terpenic by-products thereof; resinoids; extracted oleoresins",484,Mexico,False,170573.047,5870.803,5870.803
2019,3301,3301,"Oils; essential (concretes, absolutes); concentrates thereof in fats, fixed oils, waxes or the like (obtained by enfleurage or maceration); aqueous distillates, solutions and terpenic by-products thereof; resinoids; extracted oleoresins",504,Morocco,False,2839.075,43.961,43.961
2019,3301,3301,"Oils; essential (concretes, absolutes); concentrates thereof in fats, fixed oils, waxes or the like (obtained by enfleurage or maceration); aqueous distillates, solutions and terpenic by-products thereof; resinoids; extracted oleoresins",528,Netherlands,False,339366.296,13626.639,13626.639
2019,3301,3301,"Oils; essential (concretes, absolutes); concentrates thereof in fats, fixed oils, waxes or the like (obtained by enfleurage or maceration); aqueous distillates, solutions and terpenic by-products thereof; resinoids; extracted oleoresins",568,"Other Europe, nes",False,323803.968,,0.0
2019,3301,3301,"Oils; essential (concretes, absolutes); concentrates thereof in fats, fixed oils, waxes or the like (obtained by enfleurage or maceration); aqueous distillates, solutions and terpenic by-products thereof; resinoids; extracted oleoresins",600,Paraguay,False,882.082,,0.0
2019,3301,3301,"Oils; essential (concretes, absolutes); concentrates thereof in fats, fixed oils, waxes or the like (obtained by enfleurage or maceration); aqueous distillates, solutions and terpenic by-products thereof; resinoids; extracted oleoresins",642,Romania,False,484.902,21.854,21.854
2019,3301,3301,"Oils; essential (concretes, absolutes); concentrates thereof in fats, fixed oils, waxes or the like (obtained by enfleurage or maceration); aqueous distillates, solutions and terpenic by-products thereof; resinoids; extracted oleoresins",643,Russian Federation,False,17977.788,723.901,723.901
2019,3301,3301,"Oils; essential (concretes, absolutes); concentrates thereof in fats, fixed oils, waxes or the like (obtained by enfleurage or maceration); aqueous distillates, solutions and terpenic by-products thereof; resinoids; extracted oleoresins",682,Saudi Arabia,False,29537.901,753.454,753.454
2019,3301,3301,"Oils; essential (concretes, absolutes); concentrates thereof in fats, fixed oils, waxes or the like (obtained by enfleurage or maceration); aqueous distillates, solutions and terpenic by-products thereof; resinoids; extracted oleoresins",699,India,False,3991571.754,159088.533,159088.533
2019,3301,3301,"Oils; essential (concretes, absolutes); concentrates thereof in fats, fixed oils, waxes or the like (obtained by enfleurage or maceration); aqueous distillates, solutions and terpenic by-products thereof; resinoids; extracted oleoresins",710,South Africa,False,32259.196,1179.671,1179.671
2019,3301,3301,"Oils; essential (concretes, absolutes); concentrates thereof in fats, fixed oils, waxes or the like (obtained by enfleurage or maceration); aqueous distillates, solutions and terpenic by-products thereof; resinoids; extracted oleoresins",716,Zimbabwe,False,8775.675,,0.0
2019,3301,3301,"Oils; essential (concretes, absolutes); concentrates thereof in fats, fixed oils, waxes or the like (obtained by enfleurage or maceration); aqueous distillates, solutions and terpenic by-products thereof; resinoids; extracted oleoresins",724,Spain,False,985381.124,35295.87,35295.87
2019,3301,3301,"Oils; essential (concretes, absolutes); concentrates thereof in fats, fixed oils, waxes or the like (obtained by enfleurage or maceration); aqueous distillates, solutions and terpenic by-products thereof; resinoids; extracted oleoresins",757,Switzerland,False,6548.792,90.628,90.628
2019,3301,3301,"Oils; essential (concretes, absolutes); concentrates thereof in fats, fixed oils, waxes or the like (obtained by enfleurage or maceration); aqueous distillates, solutions and terpenic by-products thereof; resinoids; extracted oleoresins",760,Syria,False,2061.482,92.907,92.907
2019,3301,3301,"Oils; essential (concretes, absolutes); concentrates thereof in fats, fixed oils, waxes or the like (obtained by enfleurage or maceration); aqueous distillates, solutions and terpenic by-products thereof; resinoids; extracted oleoresins",784,United Arab Emirates,False,4888.401,172.009,172.009
2019,3301,3301,"Oils; essential (concretes, absolutes); concentrates thereof in fats, fixed oils, waxes or the like (obtained by enfleurage or maceration); aqueous distillates, solutions and terpenic by-products thereof; resinoids; extracted oleoresins",792,Türkiye,False,25114.101,453.467,453.467
2019,3301,3301,"Oils; essential (concretes, absolutes); concentrates thereof in fats, fixed oils, waxes or the like (obtained by enfleurage or maceration); aqueous distillates, solutions and terpenic by-products thereof; resinoids; extracted oleoresins",826,United Kingdom,False,267296.144,5651.483,5651.483
2019,3301,3301,"Oils; essential (concretes, absolutes); concentrates thereof in fats, fixed oils, waxes or the like (obtained by enfleurage or maceration); aqueous distillates, solutions and terpenic by-products thereof; resinoids; extracted oleoresins",842,USA,False,1057580.642,47913.128,47913.128
2020,3301,3301,"Oils; essential (concretes, absolutes); concentrates thereof in fats, fixed oils, waxes or the like (obtained by enfleurage or maceration); aqueous distillates, solutions and terpenic by-products thereof; resinoids; extracted oleoresins",0,World,True,12789393.334,588952.46,588952.46
2020,3301,3301,"Oils; essential (concretes, absolutes); concentrates thereof in fats, fixed oils, waxes or the like (obtained by enfleurage or maceration); aqueous distillates, solutions and terpenic by-products thereof; resinoids; extracted oleoresins",32,Argentina,False,11120.443,188.253,188.253
2020,3301,3301,"Oils; essential (concretes, absolutes); concentrates thereof in fats, fixed oils, waxes or the like (obtained by enfleurage or maceration); aqueous distillates, solutions and terpenic by-products thereof; resinoids; extracted oleoresins",36,Australia,False,9746.41,232.623,232.623
2020,3301,3301,"Oils; essential (concretes, absolutes); concentrates thereof in fats, fixed oils, waxes or the like (obtained by enfleurage or maceration); aqueous distillates, solutions and terpenic by-products thereof; resinoids; extracted oleoresins",40,Austria,False,21380.689,596.503,596.503
2020,3301,3301,"Oils; essential (concretes, absolutes); concentrates thereof in fats, fixed oils, waxes or the like (obtained by enfleurage or maceration); aqueous distillates, solutions and terpenic by-products thereof; resinoids; extracted oleoresins",48,Bahrain,False,51.586,1.846,1.846
2020,3301,3301,"Oils; essential (concretes, absolutes); concentrates thereof in fats, fixed oils, waxes or the like (obtained by enfleurage or maceration); aqueous distillates, solutions and terpenic by-products thereof; resinoids; extracted oleoresins",76,Brazil,False,623313.384,48365.176,48365.176
2020,3301,3301,"Oils; essential (concretes, absolutes); concentrates thereof in fats, fixed oils, waxes or the like (obtained by enfleurage or maceration); aqueous distillates, solutions and terpenic by-products thereof; resinoids; extracted oleoresins",100,Bulgaria,False,8924.199,223.854,223.854
2020,3301,3301,"Oils; essential (concretes, absolutes); concentrates thereof in fats, fixed oils, waxes or the like (obtained by enfleurage or maceration); aqueous distillates, solutions and terpenic by-products thereof; resinoids; extracted oleoresins",124,Canada,False,204011.81,8787.689,8787.689
2020,3301,3301,"Oils; essential (concretes, absolutes); concentrates thereof in fats, fixed oils, waxes or the like (obtained by enfleurage or maceration); aqueous distillates, solutions and terpenic by-products thereof; resinoids; extracted oleoresins",144,Sri Lanka,False,295022.201,12937.537,12937.537
2020,3301,3301,"Oils; essential (concretes, absolutes); concentrates thereof in fats, fixed oils, waxes or the like (obtained by enfleurage or maceration); aqueous distillates, solutions and terpenic by-products thereof; resinoids; extracted oleoresins",156,China,False,3034498.45,108576.578,108576.578
2020,3301,3301,"Oils; essential (concretes, absolutes); concentrates thereof in fats, fixed oils, waxes or the like (obtained by enfleurage or maceration); aqueous distillates, solutions and terpenic by-products thereof; resinoids; extracted oleoresins",188,Costa Rica,False,176.008,2.98,2.98
2020,3301,3301,"Oils; essential (concretes, absolutes); concentrates thereof in fats, fixed oils, waxes or the like (obtained by enfleurage or maceration); aqueous distillates, solutions and terpenic by-products thereof; resinoids; extracted oleoresins",196,Cyprus,False,6767.45,114.563,114.563
2020,3301,3301,"Oils; essential (concretes, absolutes); concentrates thereof in fats, fixed oils, waxes or the like (obtained by enfleurage or maceration); aqueous distillates, solutions and terpenic by-products thereof; resinoids; extracted oleoresins",251,France,False,267296.122,9080.539,9080.539
2020,3301,3301,"Oils; essential (concretes, absolutes); concentrates thereof in fats, fixed oils, waxes or the like (obtained by enfleurage or maceration); aqueous distillates, solutions and terpenic by-products thereof; resinoids; extracted oleoresins",276,Germany,False,797459.704,27944.664,27944.664
2020,3301,3301,"Oils; essential (concretes, absolutes); concentrates thereof in fats, fixed oils, waxes or the like (obtained by enfleurage or maceration); aqueous distillates, solutions and terpenic by-products thereof; resinoids; extracted oleoresins",300,Greece,False,592.783,13.173,13.173
2020,3301,3301,"Oils; essential (concretes, absolutes); concentrates thereof in fats, fixed oils, waxes or the like (obtained by enfleurage or maceration); aqueous distillates, solutions and terpenic by-products thereof; resinoids; extracted oleoresins",348,Hungary,False,5349.398,90.557,90.557
2020,3301,3301,"Oils; essential (concretes, absolutes); concentrates thereof in fats, fixed oils, waxes or the like (obtained by enfleurage or maceration); aqueous distillates, solutions and terpenic by-products thereof; resinoids; extracted oleoresins",360,Indonesia,False,406416.785,8503.382,8503.382
2020,3301,3301,"Oils; essential (concretes, absolutes); concentrates thereof in fats, fixed oils, waxes or the like (obtained by enfleurage or maceration); aqueous distillates, solutions and terpenic by-products thereof; resinoids; extracted oleoresins",364,Iran,False,1181.16,35.429,35.429
2020,3301,3301,"Oils; essential (concretes, absolutes); concentrates thereof in fats, fixed oils, waxes or the like (obtained by enfleurage or maceration); aqueous distillates, solutions and terpenic by-products thereof; resinoids; extracted oleoresins",372,Ireland,False,568841.587,53145.229,53145.229
2020,3301,3301,"Oils; essential (concretes, absolutes); concentrates thereof in fats, fixed oils, waxes or the like (obtained by enfleurage or maceration); aqueous distillates, solutions and terpenic by-products thereof; resinoids; extracted oleoresins",380,Italy,False,489804.707,24524.159,24524.159
2020,3301,3301,"Oils; essential (concretes, absolutes); concentrates thereof in fats, fixed oils, waxes or the like (obtained by enfleurage or maceration); aqueous distillates, solutions and terpenic by-products thereof; resinoids; extracted oleoresins",388,Jamaica,False,9940.711,190.837,190.837
2020,3301,3301,"Oils; essential (concretes, absolutes); concentrates thereof in fats, fixed oils, waxes or the like (obtained by enfleurage or maceration); aqueous distillates, solutions and terpenic by-products thereof; resinoids; extracted oleoresins",392,Japan,False,27795.157,783.89,783.89
2020,3301,3301,"Oils; essential (concretes, absolutes); concentrates thereof in fats, fixed oils, waxes or the like (obtained by enfleurage or maceration); aqueous distillates, solutions and terpenic by-products thereof; resinoids; extracted oleoresins",410,Rep. of Korea,False,1610.28,35.784,35.784
2020,3301,3301,"Oils; essential (concretes, absolutes); concentrates thereof in fats, fixed oils, waxes or the like (obtained by enfleurage or maceration); aqueous distillates, solutions and terpenic by-products thereof; resinoids; extracted oleoresins",422,Lebanon,False,107866.248,4750.907,4750.907
2020,3301,3301,"Oils; essential (concretes, absolutes); concentrates thereof in fats, fixed oils, waxes or the like (obtained by enfleurage or maceration); aqueous distillates, solutions and terpenic by-products thereof; resinoids; extracted oleoresins",484,Mexico,False,125887.053,7221.039,7221.039
2020,3301,3301,"Oils; essential (concretes, absolutes); concentrates thereof in fats, fixed oils, waxes or the like (obtained by enfleurage or maceration); aqueous distillates, solutions and terpenic by-products thereof; resinoids; extracted oleoresins",504,Morocco,False,14807.366,285.47,285.47
2020,3301,3301,"Oils; essential (concretes, absolutes); concentrates thereof in fats, fixed oils, waxes or the like (obtained by enfleurage or maceration); aqueous distillates, solutions and terpenic by-products thereof; resinoids; extracted oleoresins",512,Oman,False,779.404,27.89,27.89
2020,3301,3301,"Oils; essential (concretes, absolutes); concentrates thereof in fats, fixed oils, waxes or the like (obtained by enfleurage or maceration); aqueous distillates, solutions and terpenic by-products thereof; resinoids; extracted oleoresins",528,Netherlands,False,380923.956,18799.373,18799.373
2020,3301,3301,"Oils; essential (concretes, absolutes); concentrates thereof in fats, fixed oils, waxes or the like (obtained by enfleurage or maceration); aqueous distillates, solutions and terpenic by-products thereof; resinoids; extracted oleoresins",600,Paraguay,False,679.32,29.92,29.92
2020,3301,3301,"Oils; essential (concretes, absolutes); concentrates thereof in fats, fixed oils, waxes or the like (obtained by enfleurage or maceration); aqueous distillates, solutions and terpenic by-products thereof; resinoids; extracted oleoresins",616,Poland,False,471.652,10.481,10.481
2020,3301,3301,"Oils; essential (concretes, absolutes); concentrates thereof in fats, fixed oils, waxes or the like (obtained by enfleurage or maceration); aqueous distillates, solutions and terpenic by-products thereof; resinoids; extracted oleoresins",643,Russian Federation,False,13485.513,399.352,399.352
2020,3301,3301,"Oils; essential (concretes, absolutes); concentrates thereof in fats, fixed oils, waxes or the like (obtained by enfleurage or maceration); aqueous distillates, solutions and terpenic by-products thereof; resinoids; extracted oleoresins",682,Saudi Arabia,False,20908.104,535.767,535.767
2020,3301,3301,"Oils; essential (concretes, absolutes); concentrates thereof in fats, fixed oils, waxes or the like (obtained by enfleurage or maceration); aqueous distillates, solutions and terpenic by-products thereof; resinoids; extracted oleoresins",699,India,False,3446072.484,130472.832,130472.832
2020,3301,3301,"Oils; essential (concretes, absolutes); concentrates thereof in fats, fixed oils, waxes or the like (obtained by enfleurage or maceration); aqueous distillates, solutions and terpenic by-products thereof; resinoids; extracted oleoresins",705,Slovenia,False,3929.199,66.516,66.516
2020,3301,3301,"Oils; essential (concretes, absolutes); concentrates thereof in fats, fixed oils, waxes or the like (obtained by enfleurage or maceration); aqueous distillates, solutions and terpenic by-products thereof; resinoids; extracted oleoresins",710,South Africa,False,7870.375,285.315,285.315
2020,3301,3301,"Oils; essential (concretes, absolutes); concentrates thereof in fats, fixed oils, waxes or the like (obtained by enfleurage or maceration); aqueous distillates, solutions and terpenic by-products thereof; resinoids; extracted oleoresins",724,Spain,False,239759.998,10438.504,10438.504
2020,3301,3301,"Oils; essential (concretes, absolutes); concentrates thereof in fats, fixed oils, waxes or the like (obtained by enfleurage or maceration); aqueous distillates, solutions and terpenic by-products thereof; resinoids; extracted oleoresins",757,Switzerland,False,80048.723,3586.742,3586.742
2020,3301,3301,"Oils; essential (concretes, absolutes); concentrates thereof in fats, fixed oils, waxes or the like (obtained by enfleurage or maceration); aqueous distillates, solutions and terpenic by-products thereof; resinoids; extracted oleoresins",784,United Arab Emirates,False,26685.824,670.169,670.169
2020,3301,3301,"Oils; essential (concretes, absolutes); concentrates thereof in fats, fixed oils, waxes or the like (obtained by enfleurage or maceration); aqueous distillates, solutions and terpenic by-products thereof; resinoids; extracted oleoresins",792,Türkiye,False,7776.917,333.797,333.797
2020,3301,3301,"Oils; essential (concretes, absolutes); concentrates thereof in fats, fixed oils, waxes or the like (obtained by enfleurage or maceration); aqueous distillates, solutions and terpenic by-products thereof; resinoids; extracted oleoresins",826,United Kingdom,False,225623.858,13221.77,13221.77
2020,3301,3301,"Oils; essential (concretes, absolutes); concentrates thereof in fats, fixed oils, waxes or the like (obtained by enfleurage or maceration); aqueous distillates, solutions and terpenic by-products thereof; resinoids; extracted oleoresins",842,USA,False,1294516.318,93441.374,93441.374
2021,3301,3301,"Oils; essential (concretes, absolutes); concentrates thereof in fats, fixed oils, waxes or the like (obtained by enfleurage or maceration); aqueous distillates, solutions and terpenic by-products thereof; resinoids; extracted oleoresins",0,World,True,14985777.389,,0.0
2021,3301,3301,"Oils; essential (concretes, absolutes); concentrates thereof in fats, fixed oils, waxes or the like (obtained by enfleurage or maceration); aqueous distillates, solutions and terpenic by-products thereof; resinoids; extracted oleoresins",12,Algeria,False,63.464,0.962,0.962
2021,3301,3301,"Oils; essential (concretes, absolutes); concentrates thereof in fats, fixed oils, waxes or the like (obtained by enfleurage or maceration); aqueous distillates, solutions and terpenic by-products thereof; resinoids; extracted oleoresins",36,Australia,False,7877.686,154.312,154.312
2021,3301,3301,"Oils; essential (concretes, absolutes); concentrates thereof in fats, fixed oils, waxes or the like (obtained by enfleurage or maceration); aqueous distillates, solutions and terpenic by-products thereof; resinoids; extracted oleoresins",40,Austria,False,24527.364,445.56,445.56
2021,3301,3301,"Oils; essential (concretes, absolutes); concentrates thereof in fats, fixed oils, waxes or the like (obtained by enfleurage or maceration); aqueous distillates, solutions and terpenic by-products thereof; resinoids; extracted oleoresins",76,Brazil,False,446534.825,20077.578,20077.578
2021,3301,3301,"Oils; essential (concretes, absolutes); concentrates thereof in fats, fixed oils, waxes or the like (obtained by enfleurage or maceration); aqueous distillates, solutions and terpenic by-products thereof; resinoids; extracted oleoresins",100,Bulgaria,False,30427.823,461.225,461.225
2021,3301,3301,"Oils; essential (concretes, absolutes); concentrates thereof in fats, fixed oils, waxes or the like (obtained by enfleurage or maceration); aqueous distillates, solutions and terpenic by-products thereof; resinoids; extracted oleoresins",124,Canada,False,288407.57,11984.051,11984.051
2021,3301,3301,"Oils; essential (concretes, absolutes); concentrates thereof in fats, fixed oils, waxes or the like (obtained by enfleurage or maceration); aqueous distillates, solutions and terpenic by-products thereof; resinoids; extracted oleoresins",144,Sri Lanka,False,708812.275,29786.547,29786.547
2021,3301,3301,"Oils; essential (concretes, absolutes); concentrates thereof in fats, fixed oils, waxes or the like (obtained by enfleurage or maceration); aqueous distillates, solutions and terpenic by-products thereof; resinoids; extracted oleoresins",156,China,False,3012470.51,97478.694,97478.694
2021,3301,3301,"Oils; essential (concretes, absolutes); concentrates thereof in fats, fixed oils, waxes or the like (obtained by enfleurage or maceration); aqueous distillates, solutions and terpenic by-products thereof; resinoids; extracted oleoresins",214,Dominican Rep.,False,2683.976,40.683,40.683
2021,3301,3301,"Oils; essential (concretes, absolutes); concentrates thereof in fats, fixed oils, waxes or the like (obtained by enfleurage or maceration); aqueous distillates, solutions and terpenic by-products thereof; resinoids; extracted oleoresins",251,France,False,469262.547,12790.813,12790.813
2021,3301,3301,"Oils; essential (concretes, absolutes); concentrates thereof in fats, fixed oils, waxes or the like (obtained by enfleurage or maceration); aqueous distillates, solutions and terpenic by-products thereof; resinoids; extracted oleoresins",276,Germany,False,1245963.2,43166.482,43166.482
2021,3301,3301,"Oils; essential (concretes, absolutes); concentrates thereof in fats, fixed oils, waxes or the like (obtained by enfleurage or maceration); aqueous distillates, solutions and terpenic by-products thereof; resinoids; extracted oleoresins",320,Guatemala,False,2308.227,97.923,97.923
2021,3301,3301,"Oils; essential (concretes, absolutes); concentrates thereof in fats, fixed oils, waxes or the like (obtained by enfleurage or maceration); aqueous distillates, solutions and terpenic by-products thereof; resinoids; extracted oleoresins",332,Haiti,False,1896.269,80.447,80.447
2021,3301,3301,"Oils; essential (concretes, absolutes); concentrates thereof in fats, fixed oils, waxes or the like (obtained by enfleurage or maceration); aqueous distillates, solutions and terpenic by-products thereof; resinoids; extracted oleoresins",344,"China, Hong Kong SAR",False,22.182,0.941,0.941
2021,3301,3301,"Oils; essential (concretes, absolutes); concentrates thereof in fats, fixed oils, waxes or the like (obtained by enfleurage or maceration); aqueous distillates, solutions and terpenic by-products thereof; resinoids; extracted oleoresins",348,Hungary,False,67036.637,1631.278,1631.278
2021,3301,3301,"Oils; essential (concretes, absolutes); concentrates thereof in fats, fixed oils, waxes or the like (obtained by enfleurage or maceration); aqueous distillates, solutions and terpenic by-products thereof; resinoids; extracted oleoresins",360,Indonesia,False,219343.164,3527.209,3527.209
2021,3301,3301,"Oils; essential (concretes, absolutes); concentrates thereof in fats, fixed oils, waxes or the like (obtained by enfleurage or maceration); aqueous distillates, solutions and terpenic by-products thereof; resinoids; extracted oleoresins",364,Iran,False,464.1,7.035,7.035
2021,3301,3301,"Oils; essential (concretes, absolutes); concentrates thereof in fats, fixed oils, waxes or the like (obtained by enfleurage or maceration); aqueous distillates, solutions and terpenic by-products thereof; resinoids; extracted oleoresins",372,Ireland,False,63.529,0.963,0.963
2021,3301,3301,"Oils; essential (concretes, absolutes); concentrates thereof in fats, fixed oils, waxes or the like (obtained by enfleurage or maceration); aqueous distillates, solutions and terpenic by-products thereof; resinoids; extracted oleoresins",380,Italy,False,986972.531,36958.784,36958.784
2021,3301,3301,"Oils; essential (concretes, absolutes); concentrates thereof in fats, fixed oils, waxes or the like (obtained by enfleurage or maceration); aqueous distillates, solutions and terpenic by-products thereof; resinoids; extracted oleoresins",388,Jamaica,False,21200.082,380.572,380.572
2021,3301,3301,"Oils; essential (concretes, absolutes); concentrates thereof in fats, fixed oils, waxes or the like (obtained by enfleurage or maceration); aqueous distillates, solutions and terpenic by-products thereof; resinoids; extracted oleoresins",392,Japan,False,6014.288,91.163,91.163
2021,3301,3301,"Oils; essential (concretes, absolutes); concentrates thereof in fats, fixed oils, waxes or the like (obtained by enfleurage or maceration); aqueous distillates, solutions and terpenic by-products thereof; resinoids; extracted oleoresins",400,Jordan,False,3635.349,64.182,64.182
2021,3301,3301,"Oils; essential (concretes, absolutes); concentrates thereof in fats, fixed oils, waxes or the like (obtained by enfleurage or maceration); aqueous distillates, solutions and terpenic by-products thereof; resinoids; extracted oleoresins",414,Kuwait,False,63.51,2.694,2.694
2021,3301,3301,"Oils; essential (concretes, absolutes); concentrates thereof in fats, fixed oils, waxes or the like (obtained by enfleurage or maceration); aqueous distillates, solutions and terpenic by-products thereof; resinoids; extracted oleoresins",422,Lebanon,False,101298.434,4297.449,4297.449
2021,3301,3301,"Oils; essential (concretes, absolutes); concentrates thereof in fats, fixed oils, waxes or the like (obtained by enfleurage or maceration); aqueous distillates, solutions and terpenic by-products thereof; resinoids; extracted oleoresins",450,Madagascar,False,1803.753,51.253,51.253
2021,3301,3301,"Oils; essential (concretes, absolutes); concentrates thereof in fats, fixed oils, waxes or the like (obtained by enfleurage or maceration); aqueous distillates, solutions and terpenic by-products thereof; resinoids; extracted oleoresins",458,Malaysia,False,95.238,1.444,1.444
2021,3301,3301,"Oils; essential (concretes, absolutes); concentrates thereof in fats, fixed oils, waxes or the like (obtained by enfleurage or maceration); aqueous distillates, solutions and terpenic by-products thereof; resinoids; extracted oleoresins",484,Mexico,False,132238.46,3121.573,3121.573
2021,3301,3301,"Oils; essential (concretes, absolutes); concentrates thereof in fats, fixed oils, waxes or the like (obtained by enfleurage or maceration); aqueous distillates, solutions and terpenic by-products thereof; resinoids; extracted oleoresins",498,Rep. of Moldova,False,3745.885,,0.0
2021,3301,3301,"Oils; essential (concretes, absolutes); concentrates thereof in fats, fixed oils, waxes or the like (obtained by enfleurage or maceration); aqueous distillates, solutions and terpenic by-products thereof; resinoids; extracted oleoresins",504,Morocco,False,201.496,3.054,3.054
2021,3301,3301,"Oils; essential (concretes, absolutes); concentrates thereof in fats, fixed oils, waxes or the like (obtained by enfleurage or maceration); aqueous distillates, solutions and terpenic by-products thereof; resinoids; extracted oleoresins",528,Netherlands,False,768805.327,29435.474,29435.474
2021,3301,3301,"Oils; essential (concretes, absolutes); concentrates thereof in fats, fixed oils, waxes or the like (obtained by enfleurage or maceration); aqueous distillates, solutions and terpenic by-products thereof; resinoids; extracted oleoresins",600,Paraguay,False,1314.787,19.929,19.929
2021,3301,3301,"Oils; essential (concretes, absolutes); concentrates thereof in fats, fixed oils, waxes or the like (obtained by enfleurage or maceration); aqueous distillates, solutions and terpenic by-products thereof; resinoids; extracted oleoresins",616,Poland,False,3413.972,51.748,51.748
2021,3301,3301,"Oils; essential (concretes, absolutes); concentrates thereof in fats, fixed oils, waxes or the like (obtained by enfleurage or maceration); aqueous distillates, solutions and terpenic by-products thereof; resinoids; extracted oleoresins",643,Russian Federation,False,1475.803,22.37,22.37
2021,3301,3301,"Oils; essential (concretes, absolutes); concentrates thereof in fats, fixed oils, waxes or the like (obtained by enfleurage or maceration); aqueous distillates, solutions and terpenic by-products thereof; resinoids; extracted oleoresins",682,Saudi Arabia,False,8205.004,246.188,246.188
2021,3301,3301,"Oils; essential (concretes, absolutes); concentrates thereof in fats, fixed oils, waxes or the like (obtained by enfleurage or maceration); aqueous distillates, solutions and terpenic by-products thereof; resinoids; extracted oleoresins",699,India,False,5198896.778,164546.82,164546.82
2021,3301,3301,"Oils; essential (concretes, absolutes); concentrates thereof in fats, fixed oils, waxes or the like (obtained by enfleurage or maceration); aqueous distillates, solutions and terpenic by-products thereof; resinoids; extracted oleoresins",702,Singapore,False,14.895,0.226,0.226
2021,3301,3301,"Oils; essential (concretes, absolutes); concentrates thereof in fats, fixed oils, waxes or the like (obtained by enfleurage or maceration); aqueous distillates, solutions and terpenic by-products thereof; resinoids; extracted oleoresins",705,Slovenia,False,35973.109,1525.767,1525.767
2021,3301,3301,"Oils; essential (concretes, absolutes); concentrates thereof in fats, fixed oils, waxes or the like (obtained by enfleurage or maceration); aqueous distillates, solutions and terpenic by-products thereof; resinoids; extracted oleoresins",710,South Africa,False,4095.251,161.198,161.198
2021,3301,3301,"Oils; essential (concretes, absolutes); concentrates thereof in fats, fixed oils, waxes or the like (obtained by enfleurage or maceration); aqueous distillates, solutions and terpenic by-products thereof; resinoids; extracted oleoresins",724,Spain,False,98894.384,3471.064,3471.064
2021,3301,3301,"Oils; essential (concretes, absolutes); concentrates thereof in fats, fixed oils, waxes or the like (obtained by enfleurage or maceration); aqueous distillates, solutions and terpenic by-products thereof; resinoids; extracted oleoresins",757,Switzerland,False,35035.659,1499.963,1499.963
2021,3301,3301,"Oils; essential (concretes, absolutes); concentrates thereof in fats, fixed oils, waxes or the like (obtained by enfleurage or maceration); aqueous distillates, solutions and terpenic by-products thereof; resinoids; extracted oleoresins",760,Syria,False,1615.516,68.536,68.536
2021,3301,3301,"Oils; essential (concretes, absolutes); concentrates thereof in fats, fixed oils, waxes or the like (obtained by enfleurage or maceration); aqueous distillates, solutions and terpenic by-products thereof; resinoids; extracted oleoresins",784,United Arab Emirates,False,85572.186,1368.711,1368.711
2021,3301,3301,"Oils; essential (concretes, absolutes); concentrates thereof in fats, fixed oils, waxes or the like (obtained by enfleurage or maceration); aqueous distillates, solutions and terpenic by-products thereof; resinoids; extracted oleoresins",788,Tunisia,False,5324.178,82.659,82.659
2021,3301,3301,"Oils; essential (concretes, absolutes); concentrates thereof in fats, fixed oils, waxes or the like (obtained by enfleurage or maceration); aqueous distillates, solutions and terpenic by-products thereof; resinoids; extracted oleoresins",792,Türkiye,False,63376.523,1210.063,1210.063
2021,3301,3301,"Oils; essential (concretes, absolutes); concentrates thereof in fats, fixed oils, waxes or the like (obtained by enfleurage or maceration); aqueous distillates, solutions and terpenic by-products thereof; resinoids; extracted oleoresins",826,United Kingdom,False,365031.61,14344.369,14344.369
2021,3301,3301,"Oils; essential (concretes, absolutes); concentrates thereof in fats, fixed oils, waxes or the like (obtained by enfleurage or maceration); aqueous distillates, solutions and terpenic by-products thereof; resinoids; extracted oleoresins",842,USA,False,420382.34,16065.442,16065.442
2021,3301,3301,"Oils; essential (concretes, absolutes); concentrates thereof in fats, fixed oils, waxes or the like (obtained by enfleurage or maceration); aqueous distillates, solutions and terpenic by-products thereof; resinoids; extracted oleoresins",899,"Areas, nes",False,102915.693,4365.192,4365.192
2022,3301,3301,"Oils; essential (concretes, absolutes); concentrates thereof in fats, fixed oils, waxes or the like (obtained by enfleurage or maceration); aqueous distillates, solutions and terpenic by-products thereof; resinoids; extracted oleoresins",0,World,True,18903414.594,586465.667,586465.667
2022,3301,3301,"Oils; essential (concretes, absolutes); concentrates thereof in fats, fixed oils, waxes or the like (obtained by enfleurage or maceration); aqueous distillates, solutions and terpenic by-products thereof; resinoids; extracted oleoresins",8,Albania,False,198.9,2.953,2.953
2022,3301,3301,"Oils; essential (concretes, absolutes); concentrates thereof in fats, fixed oils, waxes or the like (obtained by enfleurage or maceration); aqueous distillates, solutions and terpenic by-products thereof; resinoids; extracted oleoresins",32,Argentina,False,845.197,12.55,12.55
2022,3301,3301,"Oils; essential (concretes, absolutes); concentrates thereof in fats, fixed oils, waxes or the like (obtained by enfleurage or maceration); aqueous distillates, solutions and terpenic by-products thereof; resinoids; extracted oleoresins",36,Australia,False,32711.886,532.795,532.795
2022,3301,3301,"Oils; essential (concretes, absolutes); concentrates thereof in fats, fixed oils, waxes or the like (obtained by enfleurage or maceration); aqueous distillates, solutions and terpenic by-products thereof; resinoids; extracted oleoresins",40,Austria,False,31089.05,561.759,561.759
2022,3301,3301,"Oils; essential (concretes, absolutes); concentrates thereof in fats, fixed oils, waxes or the like (obtained by enfleurage or maceration); aqueous distillates, solutions and terpenic by-products thereof; resinoids; extracted oleoresins",76,Brazil,False,670146.124,30648.139,30648.139
2022,3301,3301,"Oils; essential (concretes, absolutes); concentrates thereof in fats, fixed oils, waxes or the like (obtained by enfleurage or maceration); aqueous distillates, solutions and terpenic by-products thereof; resinoids; extracted oleoresins",100,Bulgaria,False,6098.697,90.559,90.559
2022,3301,3301,"Oils; essential (concretes, absolutes); concentrates thereof in fats, fixed oils, waxes or the like (obtained by enfleurage or maceration); aqueous distillates, solutions and terpenic by-products thereof; resinoids; extracted oleoresins",124,Canada,False,130625.211,5020.574,5020.574
2022,3301,3301,"Oils; essential (concretes, absolutes); concentrates thereof in fats, fixed oils, waxes or the like (obtained by enfleurage or maceration); aqueous distillates, solutions and terpenic by-products thereof; resinoids; extracted oleoresins",144,Sri Lanka,False,427425.196,17150.36,17150.36
2022,3301,3301,"Oils; essential (concretes, absolutes); concentrates thereof in fats, fixed oils, waxes or the like (obtained by enfleurage or maceration); aqueous distillates, solutions and terpenic by-products thereof; resinoids; extracted oleoresins",152,Chile,False,5285.27,92.549,92.549
2022,3301,3301,"Oils; essential (concretes, absolutes); concentrates thereof in fats, fixed oils, waxes or the like (obtained by enfleurage or maceration); aqueous distillates, solutions and terpenic by-products thereof; resinoids; extracted oleoresins",156,China,False,3375385.663,85946.603,85946.603
2022,3301,3301,"Oils; essential (concretes, absolutes); concentrates thereof in fats, fixed oils, waxes or the like (obtained by enfleurage or maceration); aqueous distillates, solutions and terpenic by-products thereof; resinoids; extracted oleoresins",174,Comoros,False,383.359,5.692,5.692
2022,3301,3301,"Oils; essential (concretes, absolutes); concentrates thereof in fats, fixed oils, waxes or the like (obtained by enfleurage or maceration); aqueous distillates, solutions and terpenic by-products thereof; resinoids; extracted oleoresins",208,Denmark,False,2161.944,36.08,36.08
2022,3301,3301,"Oils; essential (concretes, absolutes); concentrates thereof in fats, fixed oils, waxes or the like (obtained by enfleurage or maceration); aqueous distillates, solutions and terpenic by-products thereof; resinoids; extracted oleoresins",212,Dominica,False,6381.398,94.757,94.757
2022,3301,3301,"Oils; essential (concretes, absolutes); concentrates thereof in fats, fixed oils, waxes or the like (obtained by enfleurage or maceration); aqueous distillates, solutions and terpenic by-products thereof; resinoids; extracted oleoresins",214,Dominican Rep.,False,180.112,10.943,10.943
2022,3301,3301,"Oils; essential (concretes, absolutes); concentrates thereof in fats, fixed oils, waxes or the like (obtained by enfleurage or maceration); aqueous distillates, solutions and terpenic by-products thereof; resinoids; extracted oleoresins",218,Ecuador,False,489.346,8.569,8.569
2022,3301,3301,"Oils; essential (concretes, absolutes); concentrates thereof in fats, fixed oils, waxes or the like (obtained by enfleurage or maceration); aqueous distillates, solutions and terpenic by-products thereof; resinoids; extracted oleoresins",222,El Salvador,False,225.994,3.356,3.356
2022,3301,3301,"Oils; essential (concretes, absolutes); concentrates thereof in fats, fixed oils, waxes or the like (obtained by enfleurage or maceration); aqueous distillates, solutions and terpenic by-products thereof; resinoids; extracted oleoresins",251,France,False,504454.704,12225.545,12225.545
2022,3301,3301,"Oils; essential (concretes, absolutes); concentrates thereof in fats, fixed oils, waxes or the like (obtained by enfleurage or maceration); aqueous distillates, solutions and terpenic by-products thereof; resinoids; extracted oleoresins",276,Germany,False,774791.129,19411.77,19411.77
2022,3301,3301,"Oils; essential (concretes, absolutes); concentrates thereof in fats, fixed oils, waxes or the like (obtained by enfleurage or maceration); aqueous distillates, solutions and terpenic by-products thereof; resinoids; extracted oleoresins",320,Guatemala,False,117263.172,1741.232,1741.232
2022,3301,3301,"Oils; essential (concretes, absolutes); concentrates thereof in fats, fixed oils, waxes or the like (obtained by enfleurage or maceration); aqueous distillates, solutions and terpenic by-products thereof; resinoids; extracted oleoresins",332,Haiti,False,855.875,12.709,12.709
2022,3301,3301,"Oils; essential (concretes, absolutes); concentrates thereof in fats, fixed oils, waxes or the like (obtained by enfleurage or maceration); aqueous distillates, solutions and terpenic by-products thereof; resinoids; extracted oleoresins",348,Hungary,False,144794.581,3556.152,3556.152
2022,3301,3301,"Oils; essential (concretes, absolutes); concentrates thereof in fats, fixed oils, waxes or the like (obtained by enfleurage or maceration); aqueous distillates, solutions and terpenic by-products thereof; resinoids; extracted oleoresins",360,Indonesia,False,504560.675,12184.507,12184.507
2022,3301,3301,"Oils; essential (concretes, absolutes); concentrates thereof in fats, fixed oils, waxes or the like (obtained by enfleurage or maceration); aqueous distillates, solutions and terpenic by-products thereof; resinoids; extracted oleoresins",368,Iraq,False,83.64,5.082,5.082
2022,3301,3301,"Oils; essential (concretes, absolutes); concentrates thereof in fats, fixed oils, waxes or the like (obtained by enfleurage or maceration); aqueous distillates, solutions and terpenic by-products thereof; resinoids; extracted oleoresins",380,Italy,False,241778.888,3771.75,3771.75
2022,3301,3301,"Oils; essential (concretes, absolutes); concentrates thereof in fats, fixed oils, waxes or the like (obtained by enfleurage or maceration); aqueous distillates, solutions and terpenic by-products thereof; resinoids; extracted oleoresins",388,Jamaica,False,15609.145,231.779,231.779
2022,3301,3301,"Oils; essential (concretes, absolutes); concentrates thereof in fats, fixed oils, waxes or the like (obtained by enfleurage or maceration); aqueous distillates, solutions and terpenic by-products thereof; resinoids; extracted oleoresins",400,Jordan,False,5545.158,97.099,97.099
2022,3301,3301,"Oils; essential (concretes, absolutes); concentrates thereof in fats, fixed oils, waxes or the like (obtained by enfleurage or maceration); aqueous distillates, solutions and terpenic by-products thereof; resinoids; extracted oleoresins",422,Lebanon,False,130241.537,5389.387,5389.387
2022,3301,3301,"Oils; essential (concretes, absolutes); concentrates thereof in fats, fixed oils, waxes or the like (obtained by enfleurage or maceration); aqueous distillates, solutions and terpenic by-products thereof; resinoids; extracted oleoresins",450,Madagascar,False,197.693,2.936,2.936
2022,3301,3301,"Oils; essential (concretes, absolutes); concentrates thereof in fats, fixed oils, waxes or the like (obtained by enfleurage or maceration); aqueous distillates, solutions and terpenic by-products thereof; resinoids; extracted oleoresins",458,Malaysia,False,42313.729,1033.893,1033.893
2022,3301,3301,"Oils; essential (concretes, absolutes); concentrates thereof in fats, fixed oils, waxes or the like (obtained by enfleurage or maceration); aqueous distillates, solutions and terpenic by-products thereof; resinoids; extracted oleoresins",484,Mexico,False,138865.855,4238.774,4238.774
2022,3301,3301,"Oils; essential (concretes, absolutes); concentrates thereof in fats, fixed oils, waxes or the like (obtained by enfleurage or maceration); aqueous distillates, solutions and terpenic by-products thereof; resinoids; extracted oleoresins",490,"Other Asia, nes",False,11037.794,202.176,202.176
2022,3301,3301,"Oils; essential (concretes, absolutes); concentrates thereof in fats, fixed oils, waxes or the like (obtained by enfleurage or maceration); aqueous distillates, solutions and terpenic by-products thereof; resinoids; extracted oleoresins",504,Morocco,False,2761.202,41.001,41.001
2022,3301,3301,"Oils; essential (concretes, absolutes); concentrates thereof in fats, fixed oils, waxes or the like (obtained by enfleurage or maceration); aqueous distillates, solutions and terpenic by-products thereof; resinoids; extracted oleoresins",528,Netherlands,False,1808024.222,49490.116,49490.116
2022,3301,3301,"Oils; essential (concretes, absolutes); concentrates thereof in fats, fixed oils, waxes or the like (obtained by enfleurage or maceration); aqueous distillates, solutions and terpenic by-products thereof; resinoids; extracted oleoresins",568,"Other Europe, nes",False,10815.713,160.602,160.602
2022,3301,3301,"Oils; essential (concretes, absolutes); concentrates thereof in fats, fixed oils, waxes or the like (obtained by enfleurage or maceration); aqueous distillates, solutions and terpenic by-products thereof; resinoids; extracted oleoresins",600,Paraguay,False,13821.064,205.228,205.228
2022,3301,3301,"Oils; essential (concretes, absolutes); concentrates thereof in fats, fixed oils, waxes or the like (obtained by enfleurage or maceration); aqueous distillates, solutions and terpenic by-products thereof; resinoids; extracted oleoresins",604,Peru,False,54299.854,806.294,806.294
2022,3301,3301,"Oils; essential (concretes, absolutes); concentrates thereof in fats, fixed oils, waxes or the like (obtained by enfleurage or maceration); aqueous distillates, solutions and terpenic by-products thereof; resinoids; extracted oleoresins",643,Russian Federation,False,165105.745,2451.642,2451.642
2022,3301,3301,"Oils; essential (concretes, absolutes); concentrates thereof in fats, fixed oils, waxes or the like (obtained by enfleurage or maceration); aqueous distillates, solutions and terpenic by-products thereof; resinoids; extracted oleoresins",682,Saudi Arabia,False,17514.314,560.981,560.981
2022,3301,3301,"Oils; essential (concretes, absolutes); concentrates thereof in fats, fixed oils, waxes or the like (obtained by enfleurage or maceration); aqueous distillates, solutions and terpenic by-products thereof; resinoids; extracted oleoresins",699,India,False,8010835.411,284086.449,284086.449
2022,3301,3301,"Oils; essential (concretes, absolutes); concentrates thereof in fats, fixed oils, waxes or the like (obtained by enfleurage or maceration); aqueous distillates, solutions and terpenic by-products thereof; resinoids; extracted oleoresins",702,Singapore,False,15243.127,587.676,587.676
2022,3301,3301,"Oils; essential (concretes, absolutes); concentrates thereof in fats, fixed oils, waxes or the like (obtained by enfleurage or maceration); aqueous distillates, solutions and terpenic by-products thereof; resinoids; extracted oleoresins",710,South Africa,False,25879.67,1075.588,1075.588
2022,3301,3301,"Oils; essential (concretes, absolutes); concentrates thereof in fats, fixed oils, waxes or the like (obtained by enfleurage or maceration); aqueous distillates, solutions and terpenic by-products thereof; resinoids; extracted oleoresins",724,Spain,False,212637.689,5882.581,5882.581
2022,3301,3301,"Oils; essential (concretes, absolutes); concentrates thereof in fats, fixed oils, waxes or the like (obtained by enfleurage or maceration); aqueous distillates, solutions and terpenic by-products thereof; resinoids; extracted oleoresins",740,Suriname,False,255.0,3.786,3.786
2022,3301,3301,"Oils; essential (concretes, absolutes); concentrates thereof in fats, fixed oils, waxes or the like (obtained by enfleurage or maceration); aqueous distillates, solutions and terpenic by-products thereof; resinoids; extracted oleoresins",757,Switzerland,False,24881.504,440.115,440.115
2022,3301,3301,"Oils; essential (concretes, absolutes); concentrates thereof in fats, fixed oils, waxes or the like (obtained by enfleurage or maceration); aqueous distillates, solutions and terpenic by-products thereof; resinoids; extracted oleoresins",784,United Arab Emirates,False,278.679,4.719,4.719
2022,3301,3301,"Oils; essential (concretes, absolutes); concentrates thereof in fats, fixed oils, waxes or the like (obtained by enfleurage or maceration); aqueous distillates, solutions and terpenic by-products thereof; resinoids; extracted oleoresins",788,Tunisia,False,62040.124,921.229,921.229
2022,3301,3301,"Oils; essential (concretes, absolutes); concentrates thereof in fats, fixed oils, waxes or the like (obtained by enfleurage or maceration); aqueous distillates, solutions and terpenic by-products thereof; resinoids; extracted oleoresins",792,Türkiye,False,12693.734,291.69,291.69
2022,3301,3301,"Oils; essential (concretes, absolutes); concentrates thereof in fats, fixed oils, waxes or the like (obtained by enfleurage or maceration); aqueous distillates, solutions and terpenic by-products thereof; resinoids; extracted oleoresins",804,Ukraine,False,15737.705,233.688,233.688
2022,3301,3301,"Oils; essential (concretes, absolutes); concentrates thereof in fats, fixed oils, waxes or the like (obtained by enfleurage or maceration); aqueous distillates, solutions and terpenic by-products thereof; resinoids; extracted oleoresins",826,United Kingdom,False,305526.027,6310.295,6310.295
2022,3301,3301,"Oils; essential (concretes, absolutes); concentrates thereof in fats, fixed oils, waxes or the like (obtained by enfleurage or maceration); aqueous distillates, solutions and terpenic by-products thereof; resinoids; extracted oleoresins",842,USA,False,740039.798,27356.256,27356.256
2022,3301,3301,"Oils; essential (concretes, absolutes); concentrates thereof in fats, fixed oils, waxes or the like (obtained by enfleurage or maceration); aqueous distillates, solutions and terpenic by-products thereof; resinoids; extracted oleoresins",899,"Areas, nes",False,82997.092,1232.704,1232.704
2023,3301,3301,"Oils; essential (concretes, absolutes); concentrates thereof in fats, fixed oils, waxes or the like (obtained by enfleurage or maceration); aqueous distillates, solutions and terpenic by-products thereof; resinoids; extracted oleoresins",0,World,True,9715042.802,,0.0
2023,3301,3301,"Oils; essential (concretes, absolutes); concentrates thereof in fats, fixed oils, waxes or the like (obtained by enfleurage or maceration); aqueous distillates, solutions and terpenic by-products thereof; resinoids; extracted oleoresins",32,Argentina,False,3605.243,126.283,126.283
2023,3301,3301,"Oils; essential (concretes, absolutes); concentrates thereof in fats, fixed oils, waxes or the like (obtained by enfleurage or maceration); aqueous distillates, solutions and terpenic by-products thereof; resinoids; extracted oleoresins",36,Australia,False,2170.174,,0.0
2023,3301,3301,"Oils; essential (concretes, absolutes); concentrates thereof in fats, fixed oils, waxes or the like (obtained by enfleurage or maceration); aqueous distillates, solutions and terpenic by-products thereof; resinoids; extracted oleoresins",40,Austria,False,5407.503,205.038,205.038
2023,3301,3301,"Oils; essential (concretes, absolutes); concentrates thereof in fats, fixed oils, waxes or the like (obtained by enfleurage or maceration); aqueous distillates, solutions and terpenic by-products thereof; resinoids; extracted oleoresins",76,Brazil,False,679703.866,33100.649,33100.649
2023,3301,3301,"Oils; essential (concretes, absolutes); concentrates thereof in fats, fixed oils, waxes or the like (obtained by enfleurage or maceration); aqueous distillates, solutions and terpenic by-products thereof; resinoids; extracted oleoresins",100,Bulgaria,False,251.187,,0.0
2023,3301,3301,"Oils; essential (concretes, absolutes); concentrates thereof in fats, fixed oils, waxes or the like (obtained by enfleurage or maceration); aqueous distillates, solutions and terpenic by-products thereof; resinoids; extracted oleoresins",124,Canada,False,37581.129,1552.64,1552.64
2023,3301,3301,"Oils; essential (concretes, absolutes); concentrates thereof in fats, fixed oils, waxes or the like (obtained by enfleurage or maceration); aqueous distillates, solutions and terpenic by-products thereof; resinoids; extracted oleoresins",144,Sri Lanka,False,8.432,0.295,0.295
2023,3301,3301,"Oils; essential (concretes, absolutes); concentrates thereof in fats, fixed oils, waxes or the like (obtained by enfleurage or maceration); aqueous distillates, solutions and terpenic by-products thereof; resinoids; extracted oleoresins",156,China,False,2367545.047,90990.763,90990.763
2023,3301,3301,"Oils; essential (concretes, absolutes); concentrates thereof in fats, fixed oils, waxes or the like (obtained by enfleurage or maceration); aqueous distillates, solutions and terpenic by-products thereof; resinoids; extracted oleoresins",208,Denmark,False,4976.945,258.277,258.277
2023,3301,3301,"Oils; essential (concretes, absolutes); concentrates thereof in fats, fixed oils, waxes or the like (obtained by enfleurage or maceration); aqueous distillates, solutions and terpenic by-products thereof; resinoids; extracted oleoresins",251,France,False,293852.89,10312.79,10312.79
2023,3301,3301,"Oils; essential (concretes, absolutes); concentrates thereof in fats, fixed oils, waxes or the like (obtained by enfleurage or maceration); aqueous distillates, solutions and terpenic by-products thereof; resinoids; extracted oleoresins",276,Germany,False,269311.432,11745.445,11745.445
2023,3301,3301,"Oils; essential (concretes, absolutes); concentrates thereof in fats, fixed oils, waxes or the like (obtained by enfleurage or maceration); aqueous distillates, solutions and terpenic by-products thereof; resinoids; extracted oleoresins",320,Guatemala,False,13953.28,,0.0
2023,3301,3301,"Oils; essential (concretes, absolutes); concentrates thereof in fats, fixed oils, waxes or the like (obtained by enfleurage or maceration); aqueous distillates, solutions and terpenic by-products thereof; resinoids; extracted oleoresins",332,Haiti,False,1931.843,,0.0
2023,3301,3301,"Oils; essential (concretes, absolutes); concentrates thereof in fats, fixed oils, waxes or the like (obtained by enfleurage or maceration); aqueous distillates, solutions and terpenic by-products thereof; resinoids; extracted oleoresins",348,Hungary,False,62855.65,,0.0
2023,3301,3301,"Oils; essential (concretes, absolutes); concentrates thereof in fats, fixed oils, waxes or the like (obtained by enfleurage or maceration); aqueous distillates, solutions and terpenic by-products thereof; resinoids; extracted oleoresins",360,Indonesia,False,177535.466,,0.0
2023,3301,3301,"Oils; essential (concretes, absolutes); concentrates thereof in fats, fixed oils, waxes or the like (obtained by enfleurage or maceration); aqueous distillates, solutions and terpenic by-products thereof; resinoids; extracted oleoresins",368,Iraq,False,9.691,,0.0
2023,3301,3301,"Oils; essential (concretes, absolutes); concentrates thereof in fats, fixed oils, waxes or the like (obtained by enfleurage or maceration); aqueous distillates, solutions and terpenic by-products thereof; resinoids; extracted oleoresins",380,Italy,False,139805.641,3024.109,3024.109
2023,3301,3301,"Oils; essential (concretes, absolutes); concentrates thereof in fats, fixed oils, waxes or the like (obtained by enfleurage or maceration); aqueous distillates, solutions and terpenic by-products thereof; resinoids; extracted oleoresins",388,Jamaica,False,10040.522,,0.0
2023,3301,3301,"Oils; essential (concretes, absolutes); concentrates thereof in fats, fixed oils, waxes or the like (obtained by enfleurage or maceration); aqueous distillates, solutions and terpenic by-products thereof; resinoids; extracted oleoresins",392,Japan,False,5878.819,,0.0
2023,3301,3301,"Oils; essential (concretes, absolutes); concentrates thereof in fats, fixed oils, waxes or the like (obtained by enfleurage or maceration); aqueous distillates, solutions and terpenic by-products thereof; resinoids; extracted oleoresins",410,Rep. of Korea,False,904.434,,0.0
2023,3301,3301,"Oils; essential (concretes, absolutes); concentrates thereof in fats, fixed oils, waxes or the like (obtained by enfleurage or maceration); aqueous distillates, solutions and terpenic by-products thereof; resinoids; extracted oleoresins",422,Lebanon,False,41643.358,1720.468,1720.468
2023,3301,3301,"Oils; essential (concretes, absolutes); concentrates thereof in fats, fixed oils, waxes or the like (obtained by enfleurage or maceration); aqueous distillates, solutions and terpenic by-products thereof; resinoids; extracted oleoresins",484,Mexico,False,99308.224,3392.353,3392.353
2023,3301,3301,"Oils; essential (concretes, absolutes); concentrates thereof in fats, fixed oils, waxes or the like (obtained by enfleurage or maceration); aqueous distillates, solutions and terpenic by-products thereof; resinoids; extracted oleoresins",504,Morocco,False,1824.188,28.089,28.089
2023,3301,3301,"Oils; essential (concretes, absolutes); concentrates thereof in fats, fixed oils, waxes or the like (obtained by enfleurage or maceration); aqueous distillates, solutions and terpenic by-products thereof; resinoids; extracted oleoresins",528,Netherlands,False,1078125.425,54642.861,54642.861
2023,3301,3301,"Oils; essential (concretes, absolutes); concentrates thereof in fats, fixed oils, waxes or the like (obtained by enfleurage or maceration); aqueous distillates, solutions and terpenic by-products thereof; resinoids; extracted oleoresins",566,Nigeria,False,40.8,,0.0
2023,3301,3301,"Oils; essential (concretes, absolutes); concentrates thereof in fats, fixed oils, waxes or the like (obtained by enfleurage or maceration); aqueous distillates, solutions and terpenic by-products thereof; resinoids; extracted oleoresins",586,Pakistan,False,19.382,,0.0
2023,3301,3301,"Oils; essential (concretes, absolutes); concentrates thereof in fats, fixed oils, waxes or the like (obtained by enfleurage or maceration); aqueous distillates, solutions and terpenic by-products thereof; resinoids; extracted oleoresins",600,Paraguay,False,911.107,,0.0
2023,3301,3301,"Oils; essential (concretes, absolutes); concentrates thereof in fats, fixed oils, waxes or the like (obtained by enfleurage or maceration); aqueous distillates, solutions and terpenic by-products thereof; resinoids; extracted oleoresins",604,Peru,False,64537.805,,0.0
2023,3301,3301,"Oils; essential (concretes, absolutes); concentrates thereof in fats, fixed oils, waxes or the like (obtained by enfleurage or maceration); aqueous distillates, solutions and terpenic by-products thereof; resinoids; extracted oleoresins",642,Romania,False,2034.392,,0.0
2023,3301,3301,"Oils; essential (concretes, absolutes); concentrates thereof in fats, fixed oils, waxes or the like (obtained by enfleurage or maceration); aqueous distillates, solutions and terpenic by-products thereof; resinoids; extracted oleoresins",643,Russian Federation,False,16661.452,598.317,598.317
2023,3301,3301,"Oils; essential (concretes, absolutes); concentrates thereof in fats, fixed oils, waxes or the like (obtained by enfleurage or maceration); aqueous distillates, solutions and terpenic by-products thereof; resinoids; extracted oleoresins",682,Saudi Arabia,False,15308.742,632.137,632.137
2023,3301,3301,"Oils; essential (concretes, absolutes); concentrates thereof in fats, fixed oils, waxes or the like (obtained by enfleurage or maceration); aqueous distillates, solutions and terpenic by-products thereof; resinoids; extracted oleoresins",699,India,False,3405957.181,105510.463,105510.463
2023,3301,3301,"Oils; essential (concretes, absolutes); concentrates thereof in fats, fixed oils, waxes or the like (obtained by enfleurage or maceration); aqueous distillates, solutions and terpenic by-products thereof; resinoids; extracted oleoresins",705,Slovenia,False,16233.616,670.681,670.681
2023,3301,3301,"Oils; essential (concretes, absolutes); concentrates thereof in fats, fixed oils, waxes or the like (obtained by enfleurage or maceration); aqueous distillates, solutions and terpenic by-products thereof; resinoids; extracted oleoresins",706,Somalia,False,4815.791,,0.0
2023,3301,3301,"Oils; essential (concretes, absolutes); concentrates thereof in fats, fixed oils, waxes or the like (obtained by enfleurage or maceration); aqueous distillates, solutions and terpenic by-products thereof; resinoids; extracted oleoresins",710,South Africa,False,32105.057,1399.009,1399.009
2023,3301,3301,"Oils; essential (concretes, absolutes); concentrates thereof in fats, fixed oils, waxes or the like (obtained by enfleurage or maceration); aqueous distillates, solutions and terpenic by-products thereof; resinoids; extracted oleoresins",724,Spain,False,64769.082,1528.407,1528.407
2023,3301,3301,"Oils; essential (concretes, absolutes); concentrates thereof in fats, fixed oils, waxes or the like (obtained by enfleurage or maceration); aqueous distillates, solutions and terpenic by-products thereof; resinoids; extracted oleoresins",757,Switzerland,False,4913.768,204.04,204.04
2023,3301,3301,"Oils; essential (concretes, absolutes); concentrates thereof in fats, fixed oils, waxes or the like (obtained by enfleurage or maceration); aqueous distillates, solutions and terpenic by-products thereof; resinoids; extracted oleoresins",784,United Arab Emirates,False,1297.087,46.714,46.714
2023,3301,3301,"Oils; essential (concretes, absolutes); concentrates thereof in fats, fixed oils, waxes or the like (obtained by enfleurage or maceration); aqueous distillates, solutions and terpenic by-products thereof; resinoids; extracted oleoresins",788,Tunisia,False,169.129,,0.0
2023,3301,3301,"Oils; essential (concretes, absolutes); concentrates thereof in fats, fixed oils, waxes or the like (obtained by enfleurage or maceration); aqueous distillates, solutions and terpenic by-products thereof; resinoids; extracted oleoresins",792,Türkiye,False,10804.881,446.492,446.492
2023,3301,3301,"Oils; essential (concretes, absolutes); concentrates thereof in fats, fixed oils, waxes or the like (obtained by enfleurage or maceration); aqueous distillates, solutions and terpenic by-products thereof; resinoids; extracted oleoresins",804,Ukraine,False,9.691,,0.0
2023,3301,3301,"Oils; essential (concretes, absolutes); concentrates thereof in fats, fixed oils, waxes or the like (obtained by enfleurage or maceration); aqueous distillates, solutions and terpenic by-products thereof; resinoids; extracted oleoresins",826,United Kingdom,False,199814.339,5191.311,5191.311
2023,3301,3301,"Oils; essential (concretes, absolutes); concentrates thereof in fats, fixed oils, waxes or the like (obtained by enfleurage or maceration); aqueous distillates, solutions and terpenic by-products thereof; resinoids; extracted oleoresins",842,USA,False,576409.114,29008.952,29008.952
2024,3301,3301,"Oils; essential (concretes, absolutes); concentrates thereof in fats, fixed oils, waxes or the like (obtained by enfleurage or maceration); aqueous distillates, solutions and terpenic by-products thereof; resinoids; extracted oleoresins",0,World,True,13909104.615,,0.0
2024,3301,3301,"Oils; essential (concretes, absolutes); concentrates thereof in fats, fixed oils, waxes or the like (obtained by enfleurage or maceration); aqueous distillates, solutions and terpenic by-products thereof; resinoids; extracted oleoresins",32,Argentina,False,21621.593,1008.183,1008.183
2024,3301,3301,"Oils; essential (concretes, absolutes); concentrates thereof in fats, fixed oils, waxes or the like (obtained by enfleurage or maceration); aqueous distillates, solutions and terpenic by-products thereof; resinoids; extracted oleoresins",36,Australia,False,2108.729,,0.0
2024,3301,3301,"Oils; essential (concretes, absolutes); concentrates thereof in fats, fixed oils, waxes or the like (obtained by enfleurage or maceration); aqueous distillates, solutions and terpenic by-products thereof; resinoids; extracted oleoresins",40,Austria,False,5594.175,204.529,204.529
2024,3301,3301,"Oils; essential (concretes, absolutes); concentrates thereof in fats, fixed oils, waxes or the like (obtained by enfleurage or maceration); aqueous distillates, solutions and terpenic by-products thereof; resinoids; extracted oleoresins",56,Belgium,False,22956.215,,0.0
2024,3301,3301,"Oils; essential (concretes, absolutes); concentrates thereof in fats, fixed oils, waxes or the like (obtained by enfleurage or maceration); aqueous distillates, solutions and terpenic by-products thereof; resinoids; extracted oleoresins",76,Brazil,False,433561.706,21493.711,21493.711
2024,3301,3301,"Oils; essential (concretes, absolutes); concentrates thereof in fats, fixed oils, waxes or the like (obtained by enfleurage or maceration); aqueous distillates, solutions and terpenic by-products thereof; resinoids; extracted oleoresins",124,Canada,False,203243.018,10807.16,10807.16
2024,3301,3301,"Oils; essential (concretes, absolutes); concentrates thereof in fats, fixed oils, waxes or the like (obtained by enfleurage or maceration); aqueous distillates, solutions and terpenic by-products thereof; resinoids; extracted oleoresins",144,Sri Lanka,False,2538.926,57.313,57.313
2024,3301,3301,"Oils; essential (concretes, absolutes); concentrates thereof in fats, fixed oils, waxes or the like (obtained by enfleurage or maceration); aqueous distillates, solutions and terpenic by-products thereof; resinoids; extracted oleoresins",156,China,False,3451915.411,99851.532,99851.532
2024,3301,3301,"Oils; essential (concretes, absolutes); concentrates thereof in fats, fixed oils, waxes or the like (obtained by enfleurage or maceration); aqueous distillates, solutions and terpenic by-products thereof; resinoids; extracted oleoresins",174,Comoros,False,165.252,,0.0
2024,3301,3301,"Oils; essential (concretes, absolutes); concentrates thereof in fats, fixed oils, waxes or the like (obtained by enfleurage or maceration); aqueous distillates, solutions and terpenic by-products thereof; resinoids; extracted oleoresins",208,Denmark,False,4911.184,,0.0
2024,3301,3301,"Oils; essential (concretes, absolutes); concentrates thereof in fats, fixed oils, waxes or the like (obtained by enfleurage or maceration); aqueous distillates, solutions and terpenic by-products thereof; resinoids; extracted oleoresins",251,France,False,413733.421,16643.329,16643.329
2024,3301,3301,"Oils; essential (concretes, absolutes); concentrates thereof in fats, fixed oils, waxes or the like (obtained by enfleurage or maceration); aqueous distillates, solutions and terpenic by-products thereof; resinoids; extracted oleoresins",276,Germany,False,236756.031,8454.861,8454.861
2024,3301,3301,"Oils; essential (concretes, absolutes); concentrates thereof in fats, fixed oils, waxes or the like (obtained by enfleurage or maceration); aqueous distillates, solutions and terpenic by-products thereof; resinoids; extracted oleoresins",320,Guatemala,False,2583.366,,0.0
2024,3301,3301,"Oils; essential (concretes, absolutes); concentrates thereof in fats, fixed oils, waxes or the like (obtained by enfleurage or maceration); aqueous distillates, solutions and terpenic by-products thereof; resinoids; extracted oleoresins",332,Haiti,False,2239.516,,0.0
2024,3301,3301,"Oils; essential (concretes, absolutes); concentrates thereof in fats, fixed oils, waxes or the like (obtained by enfleurage or maceration); aqueous distillates, solutions and terpenic by-products thereof; resinoids; extracted oleoresins",348,Hungary,False,42557.892,1794.526,1794.526
2024,3301,3301,"Oils; essential (concretes, absolutes); concentrates thereof in fats, fixed oils, waxes or the like (obtained by enfleurage or maceration); aqueous distillates, solutions and terpenic by-products thereof; resinoids; extracted oleoresins",360,Indonesia,False,515479.285,14133.349,14133.349
2024,3301,3301,"Oils; essential (concretes, absolutes); concentrates thereof in fats, fixed oils, waxes or the like (obtained by enfleurage or maceration); aqueous distillates, solutions and terpenic by-products thereof; resinoids; extracted oleoresins",380,Italy,False,405451.951,21381.877,21381.877
2024,3301,3301,"Oils; essential (concretes, absolutes); concentrates thereof in fats, fixed oils, waxes or the like (obtained by enfleurage or maceration); aqueous distillates, solutions and terpenic by-products thereof; resinoids; extracted oleoresins",388,Jamaica,False,13249.884,,0.0
2024,3301,3301,"Oils; essential (concretes, absolutes); concentrates thereof in fats, fixed oils, waxes or the like (obtained by enfleurage or maceration); aqueous distillates, solutions and terpenic by-products thereof; resinoids; extracted oleoresins",422,Lebanon,False,59804.232,2548.514,2548.514
2024,3301,3301,"Oils; essential (concretes, absolutes); concentrates thereof in fats, fixed oils, waxes or the like (obtained by enfleurage or maceration); aqueous distillates, solutions and terpenic by-products thereof; resinoids; extracted oleoresins",450,Madagascar,False,264.257,,0.0
2024,3301,3301,"Oils; essential (concretes, absolutes); concentrates thereof in fats, fixed oils, waxes or the like (obtained by enfleurage or maceration); aqueous distillates, solutions and terpenic by-products thereof; resinoids; extracted oleoresins",458,Malaysia,False,9695.14,,0.0
2024,3301,3301,"Oils; essential (concretes, absolutes); concentrates thereof in fats, fixed oils, waxes or the like (obtained by enfleurage or maceration); aqueous distillates, solutions and terpenic by-products thereof; resinoids; extracted oleoresins",484,Mexico,False,106018.113,4069.605,4069.605
2024,3301,3301,"Oils; essential (concretes, absolutes); concentrates thereof in fats, fixed oils, waxes or the like (obtained by enfleurage or maceration); aqueous distillates, solutions and terpenic by-products thereof; resinoids; extracted oleoresins",498,Rep. of Moldova,False,1213.154,,0.0
2024,3301,3301,"Oils; essential (concretes, absolutes); concentrates thereof in fats, fixed oils, waxes or the like (obtained by enfleurage or maceration); aqueous distillates, solutions and terpenic by-products thereof; resinoids; extracted oleoresins",504,Morocco,False,14028.135,,0.0
2024,3301,3301,"Oils; essential (concretes, absolutes); concentrates thereof in fats, fixed oils, waxes or the like (obtained by enfleurage or maceration); aqueous distillates, solutions and terpenic by-products thereof; resinoids; extracted oleoresins",528,Netherlands,False,698005.526,32939.424,32939.424
2024,3301,3301,"Oils; essential (concretes, absolutes); concentrates thereof in fats, fixed oils, waxes or the like (obtained by enfleurage or maceration); aqueous distillates, solutions and terpenic by-products thereof; resinoids; extracted oleoresins",600,Paraguay,False,16262.59,,0.0
2024,3301,3301,"Oils; essential (concretes, absolutes); concentrates thereof in fats, fixed oils, waxes or the like (obtained by enfleurage or maceration); aqueous distillates, solutions and terpenic by-products thereof; resinoids; extracted oleoresins",642,Romania,False,2037.633,,0.0
2024,3301,3301,"Oils; essential (concretes, absolutes); concentrates thereof in fats, fixed oils, waxes or the like (obtained by enfleurage or maceration); aqueous distillates, solutions and terpenic by-products thereof; resinoids; extracted oleoresins",643,Russian Federation,False,255.007,,0.0
2024,3301,3301,"Oils; essential (concretes, absolutes); concentrates thereof in fats, fixed oils, waxes or the like (obtained by enfleurage or maceration); aqueous distillates, solutions and terpenic by-products thereof; resinoids; extracted oleoresins",699,India,False,5719620.513,203359.001,203359.001
2024,3301,3301,"Oils; essential (concretes, absolutes); concentrates thereof in fats, fixed oils, waxes or the like (obtained by enfleurage or maceration); aqueous distillates, solutions and terpenic by-products thereof; resinoids; extracted oleoresins",702,Singapore,False,6.46,0.275,0.275
2024,3301,3301,"Oils; essential (concretes, absolutes); concentrates thereof in fats, fixed oils, waxes or the like (obtained by enfleurage or maceration); aqueous distillates, solutions and terpenic by-products thereof; resinoids; extracted oleoresins",705,Slovenia,False,15676.384,668.038,668.038
2024,3301,3301,"Oils; essential (concretes, absolutes); concentrates thereof in fats, fixed oils, waxes or the like (obtained by enfleurage or maceration); aqueous distillates, solutions and terpenic by-products thereof; resinoids; extracted oleoresins",710,South Africa,False,92189.01,4302.399,4302.399
2024,3301,3301,"Oils; essential (concretes, absolutes); concentrates thereof in fats, fixed oils, waxes or the like (obtained by enfleurage or maceration); aqueous distillates, solutions and terpenic by-products thereof; resinoids; extracted oleoresins",724,Spain,False,239620.895,11874.309,11874.309
2024,3301,3301,"Oils; essential (concretes, absolutes); concentrates thereof in fats, fixed oils, waxes or the like (obtained by enfleurage or maceration); aqueous distillates, solutions and terpenic by-products thereof; resinoids; extracted oleoresins",757,Switzerland,False,11498.467,265.689,265.689
2024,3301,3301,"Oils; essential (concretes, absolutes); concentrates thereof in fats, fixed oils, waxes or the like (obtained by enfleurage or maceration); aqueous distillates, solutions and terpenic by-products thereof; resinoids; extracted oleoresins",784,United Arab Emirates,False,14988.143,642.16,642.16
2024,3301,3301,"Oils; essential (concretes, absolutes); concentrates thereof in fats, fixed oils, waxes or the like (obtained by enfleurage or maceration); aqueous distillates, solutions and terpenic by-products thereof; resinoids; extracted oleoresins",792,Türkiye,False,3464.366,61.815,61.815
2024,3301,3301,"Oils; essential (concretes, absolutes); concentrates thereof in fats, fixed oils, waxes or the like (obtained by enfleurage or maceration); aqueous distillates, solutions and terpenic by-products thereof; resinoids; extracted oleoresins",826,United Kingdom,False,333117.57,12785.065,12785.065
2024,3301,3301,"Oils; essential (concretes, absolutes); concentrates thereof in fats, fixed oils, waxes or the like (obtained by enfleurage or maceration); aqueous distillates, solutions and terpenic by-products thereof; resinoids; extracted oleoresins",842,USA,False,784828.846,39674.465,39674.465
2024,3301,3301,"Oils; essential (concretes, absolutes); concentrates thereof in fats, fixed oils, waxes or the like (obtained by enfleurage or maceration); aqueous distillates, solutions and terpenic by-products thereof; resinoids; extracted oleoresins",858,Uruguay,False,4417.53,,0.0
2024,3301,3301,"Oils; essential (concretes, absolutes); concentrates thereof in fats, fixed oils, waxes or the like (obtained by enfleurage or maceration); aqueous distillates, solutions and terpenic by-products thereof; resinoids; extracted oleoresins",899,"Areas, nes",False,1425.088,,0.0
2025,3301,3301,"Oils; essential (concretes, absolutes); concentrates thereof in fats, fixed oils, waxes or the like (obtained by enfleurage or maceration); aqueous distillates, solutions and terpenic by-products thereof; resinoids; extracted oleoresins",0,World,True,12965962.053,534554.157,534554.157
2025,3301,3301,"Oils; essential (concretes, absolutes); concentrates thereof in fats, fixed oils, waxes or the like (obtained by enfleurage or maceration); aqueous distillates, solutions and terpenic by-products thereof; resinoids; extracted oleoresins",32,Argentina,False,11209.834,586.948,586.948
2025,3301,3301,"Oils; essential (concretes, absolutes); concentrates thereof in fats, fixed oils, waxes or the like (obtained by enfleurage or maceration); aqueous distillates, solutions and terpenic by-products thereof; resinoids; extracted oleoresins",36,Australia,False,23558.607,1242.665,1242.665
2025,3301,3301,"Oils; essential (concretes, absolutes); concentrates thereof in fats, fixed oils, waxes or the like (obtained by enfleurage or maceration); aqueous distillates, solutions and terpenic by-products thereof; resinoids; extracted oleoresins",40,Austria,False,6135.415,290.746,290.746
2025,3301,3301,"Oils; essential (concretes, absolutes); concentrates thereof in fats, fixed oils, waxes or the like (obtained by enfleurage or maceration); aqueous distillates, solutions and terpenic by-products thereof; resinoids; extracted oleoresins",76,Brazil,False,61974.421,2910.514,2910.514
2025,3301,3301,"Oils; essential (concretes, absolutes); concentrates thereof in fats, fixed oils, waxes or the like (obtained by enfleurage or maceration); aqueous distillates, solutions and terpenic by-products thereof; resinoids; extracted oleoresins",124,Canada,False,130475.949,6555.367,6555.367
2025,3301,3301,"Oils; essential (concretes, absolutes); concentrates thereof in fats, fixed oils, waxes or the like (obtained by enfleurage or maceration); aqueous distillates, solutions and terpenic by-products thereof; resinoids; extracted oleoresins",144,Sri Lanka,False,61491.518,2751.685,2751.685
2025,3301,3301,"Oils; essential (concretes, absolutes); concentrates thereof in fats, fixed oils, waxes or the like (obtained by enfleurage or maceration); aqueous distillates, solutions and terpenic by-products thereof; resinoids; extracted oleoresins",156,China,False,1115941.84,36986.754,36986.754
2025,3301,3301,"Oils; essential (concretes, absolutes); concentrates thereof in fats, fixed oils, waxes or the like (obtained by enfleurage or maceration); aqueous distillates, solutions and terpenic by-products thereof; resinoids; extracted oleoresins",174,Comoros,False,906.449,47.813,47.813
2025,3301,3301,"Oils; essential (concretes, absolutes); concentrates thereof in fats, fixed oils, waxes or the like (obtained by enfleurage or maceration); aqueous distillates, solutions and terpenic by-products thereof; resinoids; extracted oleoresins",251,France,False,465140.928,22923.558,22923.558
2025,3301,3301,"Oils; essential (concretes, absolutes); concentrates thereof in fats, fixed oils, waxes or the like (obtained by enfleurage or maceration); aqueous distillates, solutions and terpenic by-products thereof; resinoids; extracted oleoresins",276,Germany,False,289136.959,13505.42,13505.42
2025,3301,3301,"Oils; essential (concretes, absolutes); concentrates thereof in fats, fixed oils, waxes or the like (obtained by enfleurage or maceration); aqueous distillates, solutions and terpenic by-products thereof; resinoids; extracted oleoresins",348,Hungary,False,40337.62,867.985,867.985
2025,3301,3301,"Oils; essential (concretes, absolutes); concentrates thereof in fats, fixed oils, waxes or the like (obtained by enfleurage or maceration); aqueous distillates, solutions and terpenic by-products thereof; resinoids; extracted oleoresins",360,Indonesia,False,415214.759,15574.404,15574.404
2025,3301,3301,"Oils; essential (concretes, absolutes); concentrates thereof in fats, fixed oils, waxes or the like (obtained by enfleurage or maceration); aqueous distillates, solutions and terpenic by-products thereof; resinoids; extracted oleoresins",380,Italy,False,915465.336,36029.388,36029.388
2025,3301,3301,"Oils; essential (concretes, absolutes); concentrates thereof in fats, fixed oils, waxes or the like (obtained by enfleurage or maceration); aqueous distillates, solutions and terpenic by-products thereof; resinoids; extracted oleoresins",388,Jamaica,False,23088.673,1217.877,1217.877
2025,3301,3301,"Oils; essential (concretes, absolutes); concentrates thereof in fats, fixed oils, waxes or the like (obtained by enfleurage or maceration); aqueous distillates, solutions and terpenic by-products thereof; resinoids; extracted oleoresins",392,Japan,False,19.708,0.236,0.236
2025,3301,3301,"Oils; essential (concretes, absolutes); concentrates thereof in fats, fixed oils, waxes or the like (obtained by enfleurage or maceration); aqueous distillates, solutions and terpenic by-products thereof; resinoids; extracted oleoresins",422,Lebanon,False,96693.916,4582.141,4582.141
2025,3301,3301,"Oils; essential (concretes, absolutes); concentrates thereof in fats, fixed oils, waxes or the like (obtained by enfleurage or maceration); aqueous distillates, solutions and terpenic by-products thereof; resinoids; extracted oleoresins",450,Madagascar,False,731.536,34.666,34.666
2025,3301,3301,"Oils; essential (concretes, absolutes); concentrates thereof in fats, fixed oils, waxes or the like (obtained by enfleurage or maceration); aqueous distillates, solutions and terpenic by-products thereof; resinoids; extracted oleoresins",484,Mexico,False,87750.474,2243.396,2243.396
2025,3301,3301,"Oils; essential (concretes, absolutes); concentrates thereof in fats, fixed oils, waxes or the like (obtained by enfleurage or maceration); aqueous distillates, solutions and terpenic by-products thereof; resinoids; extracted oleoresins",498,Rep. of Moldova,False,15935.987,840.588,840.588
2025,3301,3301,"Oils; essential (concretes, absolutes); concentrates thereof in fats, fixed oils, waxes or the like (obtained by enfleurage or maceration); aqueous distillates, solutions and terpenic by-products thereof; resinoids; extracted oleoresins",504,Morocco,False,778.931,8.698,8.698
2025,3301,3301,"Oils; essential (concretes, absolutes); concentrates thereof in fats, fixed oils, waxes or the like (obtained by enfleurage or maceration); aqueous distillates, solutions and terpenic by-products thereof; resinoids; extracted oleoresins",528,Netherlands,False,420919.298,21297.174,21297.174
2025,3301,3301,"Oils; essential (concretes, absolutes); concentrates thereof in fats, fixed oils, waxes or the like (obtained by enfleurage or maceration); aqueous distillates, solutions and terpenic by-products thereof; resinoids; extracted oleoresins",566,Nigeria,False,10.498,0.554,0.554
2025,3301,3301,"Oils; essential (concretes, absolutes); concentrates thereof in fats, fixed oils, waxes or the like (obtained by enfleurage or maceration); aqueous distillates, solutions and terpenic by-products thereof; resinoids; extracted oleoresins",568,"Other Europe, nes",False,49219.368,2596.213,2596.213
2025,3301,3301,"Oils; essential (concretes, absolutes); concentrates thereof in fats, fixed oils, waxes or the like (obtained by enfleurage or maceration); aqueous distillates, solutions and terpenic by-products thereof; resinoids; extracted oleoresins",586,Pakistan,False,30.6,1.614,1.614
2025,3301,3301,"Oils; essential (concretes, absolutes); concentrates thereof in fats, fixed oils, waxes or the like (obtained by enfleurage or maceration); aqueous distillates, solutions and terpenic by-products thereof; resinoids; extracted oleoresins",600,Paraguay,False,3535.849,124.952,124.952
2025,3301,3301,"Oils; essential (concretes, absolutes); concentrates thereof in fats, fixed oils, waxes or the like (obtained by enfleurage or maceration); aqueous distillates, solutions and terpenic by-products thereof; resinoids; extracted oleoresins",604,Peru,False,13579.362,716.281,716.281
2025,3301,3301,"Oils; essential (concretes, absolutes); concentrates thereof in fats, fixed oils, waxes or the like (obtained by enfleurage or maceration); aqueous distillates, solutions and terpenic by-products thereof; resinoids; extracted oleoresins",608,Philippines,False,6.286,0.075,0.075
2025,3301,3301,"Oils; essential (concretes, absolutes); concentrates thereof in fats, fixed oils, waxes or the like (obtained by enfleurage or maceration); aqueous distillates, solutions and terpenic by-products thereof; resinoids; extracted oleoresins",642,Romania,False,968.629,51.093,51.093
2025,3301,3301,"Oils; essential (concretes, absolutes); concentrates thereof in fats, fixed oils, waxes or the like (obtained by enfleurage or maceration); aqueous distillates, solutions and terpenic by-products thereof; resinoids; extracted oleoresins",682,Saudi Arabia,False,7.384,0.35,0.35
2025,3301,3301,"Oils; essential (concretes, absolutes); concentrates thereof in fats, fixed oils, waxes or the like (obtained by enfleurage or maceration); aqueous distillates, solutions and terpenic by-products thereof; resinoids; extracted oleoresins",699,India,False,7043146.813,288346.979,288346.979
2025,3301,3301,"Oils; essential (concretes, absolutes); concentrates thereof in fats, fixed oils, waxes or the like (obtained by enfleurage or maceration); aqueous distillates, solutions and terpenic by-products thereof; resinoids; extracted oleoresins",702,Singapore,False,4153.638,154.684,154.684
2025,3301,3301,"Oils; essential (concretes, absolutes); concentrates thereof in fats, fixed oils, waxes or the like (obtained by enfleurage or maceration); aqueous distillates, solutions and terpenic by-products thereof; resinoids; extracted oleoresins",704,Viet Nam,False,1140.59,60.164,60.164
2025,3301,3301,"Oils; essential (concretes, absolutes); concentrates thereof in fats, fixed oils, waxes or the like (obtained by enfleurage or maceration); aqueous distillates, solutions and terpenic by-products thereof; resinoids; extracted oleoresins",710,South Africa,False,51399.209,2711.195,2711.195
2025,3301,3301,"Oils; essential (concretes, absolutes); concentrates thereof in fats, fixed oils, waxes or the like (obtained by enfleurage or maceration); aqueous distillates, solutions and terpenic by-products thereof; resinoids; extracted oleoresins",724,Spain,False,34278.267,1716.284,1716.284
2025,3301,3301,"Oils; essential (concretes, absolutes); concentrates thereof in fats, fixed oils, waxes or the like (obtained by enfleurage or maceration); aqueous distillates, solutions and terpenic by-products thereof; resinoids; extracted oleoresins",784,United Arab Emirates,False,41841.666,1984.73,1984.73
2025,3301,3301,"Oils; essential (concretes, absolutes); concentrates thereof in fats, fixed oils, waxes or the like (obtained by enfleurage or maceration); aqueous distillates, solutions and terpenic by-products thereof; resinoids; extracted oleoresins",792,Türkiye,False,860.201,42.956,42.956
2025,3301,3301,"Oils; essential (concretes, absolutes); concentrates thereof in fats, fixed oils, waxes or the like (obtained by enfleurage or maceration); aqueous distillates, solutions and terpenic by-products thereof; resinoids; extracted oleoresins",826,United Kingdom,False,368217.956,7932.964,7932.964
2025,3301,3301,"Oils; essential (concretes, absolutes); concentrates thereof in fats, fixed oils, waxes or the like (obtained by enfleurage or maceration); aqueous distillates, solutions and terpenic by-products thereof; resinoids; extracted oleoresins",842,USA,False,1148881.868,57286.257,57286.257
2025,3301,3301,"Oils; essential (concretes, absolutes); concentrates thereof in fats, fixed oils, waxes or the like (obtained by enfleurage or maceration); aqueous distillates, solutions and terpenic by-products thereof; resinoids; extracted oleoresins",899,"Areas, nes",False,21775.71,328.79,328.79
